npm warn Unknown env config "devdir". This will stop working in the next major version of npm. See `npm help npmrc` for supported config options.

> directorio-uta@1.0.0 enrich:coauthor-global
> node scripts/enrich-coauthor-global.mjs --batch ./src/coauthor-profiles.json --out ./src/coauthor-profiles.enriched.json --sjr ./scripts/data/sjr-2025-quartiles.json

✓ Liliana Pedraja-Rejas (220 obras)
✓ D. Laroze (449 obras)
✓ Emilio Rodríguez-Ponce (162 obras)
✓ Andrés Ruiz‐Linares (265 obras)
✓ María Cátira Bortolini (233 obras)
✓ Carla Gallo (121 obras)
✓ Rolando González‐José (213 obras)
✓ Vivien G. Standen (144 obras)
✓ Calógero M. Santoro (247 obras)
✓ Samuel Canizales‐Quinteros (198 obras)
✓ H. Román-Flores (104 obras)
✓ Y. Chalco-Cano (127 obras)
✓ Francisco Rothhammer (275 obras)
✓ Alfonso Urzúa (278 obras)
✓ Kaustubh Adhikari (136 obras)
✓ Víctor Acuña-Alonzo (45 obras)
✓ Pablo Sarricolea (99 obras)
✓ Geraldy Sepúlveda‐Páez (38 obras)
✓ José Joaquín Brunner (291 obras)
✓ Claudio Latorre (196 obras)
✓ Alberto Dí­az Araya (159 obras)
✓ C.A. Duque (552 obras)
✓ Tábita Hünemeier (123 obras)
✓ Virgínia Ramallo (117 obras)
✓ E. Vañó (395 obras)
✓ Francisco Ganga Contreras (312 obras)
✓ Lavínia Schüler‐Faccini (491 obras)
✓ Jorge Gómez‐Valdés (67 obras)
✓ Eugenia M. Gayó (109 obras)
✓ Miguel Urrestarazu (238 obras)
✓ Paolo Grigolini (499 obras)
✓ E. Feddi (158 obras)
✓ Manuel Gonzalez-Espinoza (37 obras)
✓ Antonio Maldonado (179 obras)
✓ Luis Eduardo González (115 obras)
✓ Fernando P. Ponce (86 obras)
✓ William Arias (46 obras)
✓ Víctor Ayala (103 obras)
✓ Joel Saavedra (103 obras)
✓ Giovanni Poletti (41 obras)
✓ Claudia Jaramillo (61 obras)
✓ José M. Capriles (148 obras)
✓ Patricio Mena‐Chamorro (40 obras)
✓ Laura M. Pérez (134 obras)
✓ Gorazd Cvetič (155 obras)
✓ Yiniva Camargo Caicedo (57 obras)
✓ Noel McGinn (182 obras)
✓ Camila Muñoz-Fritis (21 obras)
✓ M.E. Mora‐Ramos (362 obras)
✓ Bernardo Arriaza (203 obras)
✓ Alejandro Cuadra-Peralta (36 obras)
✓ Carmen Araneda-Guirriman (40 obras)
✓ Bernardo Tellini (223 obras)
✓ Wilson Huanca‐Mamani (61 obras)
✓ Mauro Bologna (123 obras)
✓ Raúl Bustos González (48 obras)
✓ V. Tulupenko (78 obras)
✓ Macarena Fuentes‐Guajardo (64 obras)
✓ Manuel Prieto (72 obras)
✓ Miguel Ángel Mansilla (133 obras)
✓ A. L. Morales (175 obras)
✓ V. Akimov (57 obras)
✓ Constanza Veloso-Besio (22 obras)
✓ Eleuterio F. Toro (390 obras)
✓ Cristóbal Guerra (92 obras)
✓ Giovanni Poletti (93 obras)
✓ Paloma Vidao Gómez (23 obras)
✓ Eva Mañas (72 obras)
✓ Raquel Sánchez García (254 obras)
✓ Ana María Blázquez Henao (20 obras)
✓ Héctor A. Vargas (193 obras)
✓ Alfonso Díaz Aguad (32 obras)
✓ Wilson Muñoz (44 obras)
✓ Beáta Bőthe (226 obras)
✓ Mónika Koós (65 obras)
✓ Léna Nagy (48 obras)
✓ Shane W. Kraus (315 obras)
✓ Zsolt Demetrovics (785 obras)
✓ Marc N. Potenza (2627 obras)
✓ Rafael Ballester‐Arnal (390 obras)
✓ Dominik Batthyány (22 obras)
✓ Sophie Bergeron (311 obras)
✓ Joël Billieux (568 obras)
✓ Georgina Cárdenas‐López (82 obras)
✓ Joana Carvalho (164 obras)
✓ Jesús Castro‐Calvo (157 obras)
✓ Lijun Chen (33 obras)
✓ Giacomo Ciocca (171 obras)
✓ Ornella Corazza (214 obras)
✓ Rita I. Csákó (31 obras)
✓ David P. Fernandez (31 obras)
✓ Hironobu Fujiwara (125 obras)
✓ R. T. Marcavillaca (27 obras)
✓ Bruce J. West (671 obras)
✓ Roberto Serrano‐Notivoli (179 obras)
✓ Miguél Nussbaum (198 obras)
✓ Julio Labraña (86 obras)
✓ Pascal Bertran (228 obras)
✓ M. Gaździcki (402 obras)
✓ Victoria Castro (82 obras)
✓ M.D. Jiménez–Gamero (151 obras)
✓ R. Osuna-Gómez (68 obras)
✓ Mónica Navarrete (22 obras)
✓ Rodrigo Ferrer‐Urbina (75 obras)
✓ David Véliz (133 obras)
✓ U. S. Mahabaleshwar (212 obras)
✓ Carlos Piñones Rivera (55 obras)
✓ H. Białkowska (1175 obras)
✓ M. Fuchs (210 obras)
✓ M. Kowalski (806 obras)
✓ S. Margetis (232 obras)
✓ Héctor Rodrı́guez (149 obras)
✓ Adriano Da Silva (88 obras)
✓ Luis Sandoval (168 obras)
✓ Javier Mendoza‐Revilla (43 obras)
✓ Juan Camilo Chacón-Duque (34 obras)
✓ Gabriel Haeser (91 obras)
✓ Sangmoo Jeong (64 obras)
✓ Roozbeh Eskandari (45 obras)
✓ Sui Seng Tee (55 obras)
✓ Kayvan R. Keshari (207 obras)
✓ Sergio Curilef (102 obras)
✓ Francisco Aguayo (97 obras)
✓ Virginia McRostie (36 obras)
✓ Marko Antonio Rojas-Medar (225 obras)
✓ A. Rufián-Lizana (55 obras)
✓ Genly León (169 obras)
✓ Katja Radon (324 obras)
✓ Carlos Ubeda (87 obras)
✓ Wendolin Suárez-Amaya (56 obras)
✓ Patrícia Miranda (79 obras)
✓ M.G. Barseghyan (76 obras)
✓ Paola Everardo (26 obras)
✓ José-Norberto Mazón (199 obras)
✓ José Zubcoff (148 obras)
✓ Francisco M. Salzano (667 obras)
✓ Yoelsy Leyva (38 obras)
✓ Giovanni Otalora (49 obras)
✓ Pamela Zapata-Sepúlveda (54 obras)
✓ Fernando Leyton (43 obras)
✓ Menara Guizardi (189 obras)
✓ Rodrigo Ramos‐Jiliberto (106 obras)
✓ Ricardo Ceballos (54 obras)
✓ J.C. Flores (136 obras)
✓ Nanette Liberona Concha (30 obras)
✓ Claudio Dib (149 obras)
✓ Juan Carlos Helo (85 obras)
✓ Philip S. Muirhead (218 obras)
✓ Andrew W. Mann (578 obras)
✓ R.L. Restrepo (97 obras)
✓ Marcelo Vargas‐Ortiz (26 obras)
✓ Rodrigo Ruz Zagal (54 obras)
✓ Bruno Corradi (33 obras)
✓ Patrício Aroca (156 obras)
✓ María Dolores Frías Navarro (139 obras)
✓ Macarena Trujillo Cristoffanini (28 obras)
✓ Hans Nina (19 obras)
✓ Kevin R. Covey (388 obras)
✓ Sorin‐Mihai Grad (80 obras)
✓ Еlvira A. Dovletyarova (67 obras)
✓ Tuan K.A. Hoang (121 obras)
✓ F. Gracia (135 obras)
✓ Norbert Mercier (432 obras)
✓ Javier Martín Vide (318 obras)
✓ M.A. Tawfik (58 obras)
✓ Saravanan Rajendran (341 obras)
✓ Juan Bautista Solís Muñoz (3 obras)
✓ Láutaro Núñez (182 obras)
✓ Pablo A. Marquet (374 obras)
✓ Luís E. Parra (127 obras)
✓ Geraldo Nunes Silva (112 obras)
✓ Felipe Ponce-Correa (35 obras)
✓ Jebiti Haribabu (333 obras)
✓ Carlos Mondaca Rojas (44 obras)
✓ Milan Stehlík (182 obras)
✓ Romina Ramos Rodríguez (25 obras)
✓ Mauricio Ramírez Pérez (15 obras)
✓ Noemí Pereda (254 obras)
✓ Matías Irarrázaval (92 obras)
✓ Laurent Boyer (584 obras)
✓ Ronald Barnett (304 obras)
✓ Gilson R. P. Moreira (176 obras)
✓ Marcela Sepúlveda (105 obras)
✓ Martin Käser (90 obras)
✓ Magdalena Suárez-Ortega (138 obras)
✓ Héctor Pizarro (36 obras)
✓ Marcel G. Clerc (317 obras)
✓ Matías Calderón‐Seguel (25 obras)
✓ Pablo Díaz (69 obras)
✓ Ilmar F. Santos (290 obras)
✓ J. Egaña (15 obras)
✓ Jorge Maluenda Albornoz (66 obras)
✓ Antonio Pineda (87 obras)
✓ Pilar Martín-Escudero (22 obras)
✓ Abhishek Saxena (105 obras)
✓ Roberto Andreani (173 obras)
✓ Rodrigo Barquera (131 obras)
✓ Ricardo De Pol‐Holz (196 obras)
✓ Claudio Parra (34 obras)
✓ Tiago Mendonça da Costa (33 obras)
✓ Weldon A. Lodwick (228 obras)
✓ Juan Pablo Ogalde (35 obras)
✓ Kristopher J. Chandía (20 obras)
✓ Fernando Rojas (81 obras)
✓ A. Martín-Ruiz (69 obras)
✓ Vagner Beserra (14 obras)
✓ Marcos Pascual‐Soler (38 obras)
✓ Jerome Flores (45 obras)
✓ Diego Henríquez (38 obras)
✓ Seth M. Holmes (122 obras)
✓ Gonzalo Fuentes (47 obras)
✓ Diego Cabrera (126 obras)
✓ Chris Harrod (240 obras)
✓ Zeren Simon Wang (86 obras)
✓ James P. Lloyd (177 obras)
✓ N. C. Santos (1308 obras)
✓ Alain Queffelec (214 obras)
✓ Emmanuel N. Saridakis (367 obras)
✓ Mirsha Quinto‐Sánchez (32 obras)
✓ Paula C. Ugalde (34 obras)
✓ Mauricio Uribe (86 obras)
✓ María Torreblanca (17 obras)
✓ Eyüp Kızıl (25 obras)
✓ Luiz A. B. San Martín (116 obras)
✓ José Gutiérrez‐Maldonado (213 obras)
✓ Alejandra Caqueo‐Urízar (184 obras)
✓ Ricardo Valdivia (36 obras)
✓ Dante Castillo (73 obras)
✓ M. L. Contreras (46 obras)
✓ Roberto Rozas (87 obras)
✓ Hugo Escobar (28 obras)
✓ Óliver Meseguer-Ruiz (88 obras)
✓ P. Miranda (16 obras)
✓ Marcos Carmona–Halty (30 obras)
✓ Víctor Tello (31 obras)
✓ René–Vinicio Sánchez (144 obras)
✓ Mariela Cerrada (158 obras)
✓ Irma Vila (134 obras)
✓ Marisa Salanova (251 obras)
✓ Wilmar B. Schaufeli (770 obras)
✓ Marcela González (18 obras)
✓ Keivan G. Stassun (1177 obras)
✓ David W. Latham (1710 obras)
✓ Stephen R. Kane (651 obras)
✓ Joshua N. Winn (941 obras)
✓ S. G. Sousa (686 obras)
✓ V. Adibekyan (463 obras)
✓ E. Delgado Mena (217 obras)
✓ M. Tsantaki (123 obras)
✓ Alfredo N. Iusem (177 obras)
✓ Maykel Courel (113 obras)
✓ Claudia Navarro‐Villarroel (19 obras)
✓ Sébastien Sauvé (379 obras)
✓ Jiaqian Qin (363 obras)
✓ Jorge Olcina Cantos (510 obras)
✓ Elisabeth Viviana Lucero Baldevenites (46 obras)
✓ S.K. Samdarshi (32 obras)
✓ Rancés Blanco (60 obras)
✓ Germán Sepúlveda (38 obras)
✓ Mario J. Simirgiotis (232 obras)
✓ Juan Carlos Figueroa–García (153 obras)
✓ Lorena Gallardo-Peralta (114 obras)
✓ Diego Nocetti (21 obras)
✓ Arunachalam Arulraj (117 obras)
✓ Adolfo Ignácio Calderón (127 obras)
✓ Diego Salazar (104 obras)
✓ Pablo Richter (204 obras)
✓ Rodrigo Moya-Vergara (13 obras)
✓ Norman Garrido Cabezas (20 obras)
✓ Fabiola Peña Cárdenas (63 obras)
✓ Walter Sáez (17 obras)
✓ Andrés Rojas‐Murphy Tagle (14 obras)
✓ Fernanda Stang (57 obras)
✓ Herminia Gonzálvez Torralbo (115 obras)
✓ Gislene L. Gonçalves (126 obras)
✓ Álvaro Luis Romero Guevara (17 obras)
✓ Saulyn Lee-Maturana (17 obras)
✓ Diego Portilla-Saavedra (21 obras)
✓ Pablo Pérez-Portilla (7 obras)
✓ A. Radu (72 obras)
✓ Ulises Guevara (13 obras)
✓ H. Pickmann-Soto (14 obras)
✓ Silvia Finol Pérez (28 obras)
✓ David R. Ciardi (895 obras)
✓ Jon M. Jenkins (912 obras)
✓ Carla Ferreira do Nascimento (42 obras)
✓ Alexandre Dias Porto Chiavegatto Filho (136 obras)
✓ Nicolás Lampe (8 obras)
✓ José Ragas (71 obras)
✓ Francisca Puyol (12 obras)
✓ Melissa Andrade-Molina (35 obras)
✓ Osmel Martín (35 obras)
✓ Pau Loke Show (942 obras)
✓ Arnaud Lenoble (216 obras)
✓ O. Fomina (52 obras)
✓ Jacqueline Coromoto Guillén de Romero (33 obras)
✓ Desh Bandhu Singh (149 obras)
✓ Madhappan Santhamoorthy (233 obras)
✓ Tom K. Hei (387 obras)
✓ María Eugenia Castro (181 obras)
✓ Wolfgang Kliemann (166 obras)
✓ Felipe Parra (9 obras)
✓ Lucas Maubert (30 obras)
✓ Rodney Carlos Bassanezi (137 obras)
✓ Joaquín Gairín Sallán (611 obras)
✓ Siân E. Halcrow (164 obras)
✓ Carolina Yáñez (82 obras)
✓ Fernando A. Moraga (52 obras)
✓ Rodrigo Calderón-Jofré (13 obras)
✓ Agustín Espinosa (198 obras)
✓ Javier Loyola (30 obras)
✓ José Luíz Boldrini (135 obras)
✓ Adrián Carbajal-Domı́nguez (28 obras)
✓ Patricio Leyton (96 obras)
✓ Carolina Paipa (21 obras)
✓ M. Campos‐Vallette (116 obras)
✓ M. Inés Toral (81 obras)
✓ Daniel Quinteros (18 obras)
✓ Mandy Matthewson (74 obras)
✓ Margarita Briceño Toledo (8 obras)
✓ Guillaume Fond (566 obras)
✓ Dante Bobadilla (23 obras)
✓ Marcela Tenorio (45 obras)
✓ Edgardo Toro (18 obras)
✓ Raúl R. Cordero (210 obras)
✓ Alessandro Damiani (163 obras)
✓ J.A. Vinasco (58 obras)
✓ J. Bragard (91 obras)
✓ María Christina Fragkou (37 obras)
✓ Ximena Power (17 obras)
✓ Eduardo Saavedra (78 obras)
✓ Lorena Cornejo‐Ponce (124 obras)
✓ Jenny M. Blamey (101 obras)
✓ Sébastien Lépine (270 obras)
✓ Ana Castillo (14 obras)
✓ Patricio I. Moreno (149 obras)
✓ Rewi M. Newnham (161 obras)
✓ Orlando Astudillo (35 obras)
✓ Limbert Torrez-Rodríguez (11 obras)
✓ María Eugenia de Porras (57 obras)
✓ Marco Billi (66 obras)
✓ Francisco Leal-Soto (61 obras)
✓ L. Velázquez (100 obras)
✓ Juan Carlos Castro-Palacio (139 obras)
✓ F. Ungan (202 obras)
✓ Siegmar Otto (95 obras)
✓ Rosanna Ginocchio (116 obras)
✓ Patricia Peñaloza (50 obras)
✓ Isabel González (29 obras)
✓ Lalitha Gnanasekaran (194 obras)
✓ Natesan Thirumalaivasan (80 obras)
✓ Mathieu Langlais (230 obras)
✓ Marta Zorrilla (101 obras)
✓ Magdalena Fuentealba (17 obras)
✓ Concepción De Linares (63 obras)
✓ Jordina Belmonte (160 obras)
✓ Angélica Patricia Garrido Galindo (11 obras)
✓ P.S. Panja (8 obras)
✓ Basim Belgasim (28 obras)
✓ Daniela Osorio (30 obras)
✓ CG Carter (497 obras)
✓ Daniela Valenzuela (73 obras)
✓ Nelson Lara (35 obras)
✓ Patricio Muñoz-Torres (23 obras)
✓ Carlos R. Fadragas (20 obras)
✓ Iván Muñoz (68 obras)
✓ María del Carmen Salas Sanjuán (70 obras)
✓ Ondine S. von Ehrenstein (89 obras)
✓ Yahira Larrondo (14 obras)
✓ Elva Ortega-Torres (32 obras)
✓ Francisco Guillén‐González (152 obras)
✓ Héctor Gaete Feres (14 obras)
✓ César Borie (45 obras)
✓ Jorge Bernal (78 obras)
✓ Yeliza Gajardo Carvajal (7 obras)
✓ Corinna Dwan (24 obras)
✓ Juan Abello-Romero (20 obras)
✓ Patricio Viancos (32 obras)
✓ Danilo Alvares (82 obras)
✓ J. A. Vélez (19 obras)
✓ Marcus Oliveira (53 obras)
✓ David R. Williams (783 obras)
✓ Carolina Gómez-González (6 obras)
✓ Alejandro Tapia Tosetti (18 obras)
✓ Carolina Ramírez (48 obras)
✓ Enrique A. Mundaca (54 obras)
✓ Rosângela Brito (43 obras)
✓ Persis B. Clarkson (25 obras)
✓ Deodato Radić (286 obras)
✓ Michael Dumbser (317 obras)
✓ Mirliana Ramírez-Pereira (59 obras)
✓ Jorge Carrasco (121 obras)
✓ Valeria Stuardo Ávila (42 obras)
✓ Karina Yager (43 obras)
✓ Sandra Leiva Gómez (25 obras)
✓ Rubén Medina (139 obras)
✓ Charlie Lozano (3 obras)
✓ Karina Alarcón-Castillo (7 obras)
✓ Christina Gao (50 obras)
✓ G. Cottin (707 obras)
✓ Fabián Hernández-Pinto (5 obras)
✓ Luciane Simões Duarte (60 obras)
✓ Ana Luíza Vilela Borges (214 obras)
✓ Behnood Bikdeli (439 obras)
✓ David Jiménez (474 obras)
✓ Anahí Urquiza (79 obras)
✓ Diego Teca (8 obras)
✓ Jens Ahm Sørensen (431 obras)
✓ Jørn Bo Thomsen (162 obras)
✓ Tito Poli (116 obras)
✓ Icíar Arteagoitia (44 obras)
✓ Luís Puente (58 obras)
✓ Amir Karbassi Yazdi (97 obras)
✓ B. K. Sharma (252 obras)
✓ Jawad El Hamdaoui (18 obras)
✓ Miguel Ojeda‐Martínez (30 obras)
✓ M. Kria (17 obras)
✓ N. Aghoutane (22 obras)
✓ José Verdejo (34 obras)
✓ Pedro Mondaca (25 obras)
✓ Beatriz Hernández‐Jiménez (44 obras)
✓ Gerardo Aquino (38 obras)
✓ Andronikos Paliathanasis (392 obras)
✓ José Suárez‐Lezcano (20 obras)
✓ Diego García‐Saiz (50 obras)
✓ José Alfonso Aguilar-Calderón (65 obras)
✓ Pamela Smith (66 obras)
✓ José A. Guijarro (175 obras)
✓ Tomás R. Bolaño-Ortiz (45 obras)
✓ Rodrigo Palma-­Behnke (178 obras)
✓ Hanan M. El-Shal (16 obras)
✓ W. E. Abd Allah (16 obras)
✓ Wei‐Hsin Chen (930 obras)
✓ A. Dinesh (108 obras)
✓ A. Manikandan (490 obras)
✓ Leonardo D. Secchin (32 obras)
✓ Richard Ponce‐Cusi (20 obras)
✓ Daniel Martins (222 obras)
✓ Leonardo Mejia (17 obras)
✓ L.A. Sarabia (207 obras)
✓ Catherine Sánchez (50 obras)
✓ Philippe Jouan (47 obras)
✓ Tommy Riojá (27 obras)
✓ Fabiola Carvajal (2 obras)
✓ Paulina Salgado-García (6 obras)
✓ José Cárcamo (38 obras)
✓ Arnoldo Vizcarra (8 obras)
✓ Raúl G. E. Morales (27 obras)
✓ M.C. Salas (25 obras)
✓ Juan Vega-Vargas (19 obras)
✓ Srividya Swaminathan (110 obras)
✓ Juan F. Santibáñez (161 obras)
✓ Ronald Herrera (37 obras)
✓ Ursula Berger (172 obras)
✓ María José Boada (18 obras)
✓ Luis R. Murillo‐Zamorano (66 obras)
✓ Samuel Durán‐Agüero (250 obras)
✓ Catalina Miranda (7 obras)
✓ José Julián Soto Lara (37 obras)
✓ Andrés Bernasconi (104 obras)
✓ Axel E. Nielsen (126 obras)
✓ Carlos Choque Mariño (17 obras)
✓ María Bull (32 obras)
✓ Pavlina Jordanova (60 obras)
✓ Cristián Pinto‐Cortez (45 obras)
✓ Álvaro González Sanzana (31 obras)
✓ Pedro Sandoval Rubilar (33 obras)
✓ Marco Wandercil (46 obras)
✓ Marcelo Hadweh Briceño (23 obras)
✓ H.R. Schelin (165 obras)
✓ Helen J. Khoury (247 obras)
✓ Marta Ferrer‐García (131 obras)
✓ Roxana Chiappa (36 obras)
✓ Paulina Pérez Mejías (14 obras)
✓ Dominique Bégu (27 obras)
✓ Loreto Holuigue (63 obras)
✓ Andrea Riedemann (18 obras)
✓ Hugo A. Benítez (166 obras)
✓ José Cerdeña (65 obras)
✓ Jackie Farfán (45 obras)
✓ Jörn Behrens (236 obras)
✓ Michelle Espinoza (9 obras)
✓ Marcelo Pizarro (19 obras)
✓ Patricio Cumsille (99 obras)
✓ Susana Carvajal (21 obras)
✓ Claudia Pérez-Salas (66 obras)
✓ José A. Luque (17 obras)
✓ J. Jorquera (9 obras)
✓ Harald Pleiner (266 obras)
✓ S. Coulibaly (111 obras)
✓ Rodrigo Fuster (25 obras)
✓ Massimo Macucci (420 obras)
✓ Gilberto Aranda Bustamante (32 obras)
✓ Jungbin Hwang (26 obras)
✓ Chuan Li (707 obras)
✓ Dante Carrasco-Olivera (32 obras)
✓ Ricardo L. Soto (110 obras)
✓ Nancy Nelly González Sanmiguel González Sanmiguel (49 obras)
✓ María del Carmen Rodríguez Martín-Retortillo (76 obras)
✓ L. Vázquez (362 obras)
✓ Graciela Ruocco (76 obras)
✓ Gloria Arratia (141 obras)
✓ Valery E. Lyubovitskij (451 obras)
✓ Mónica A. García-Ñustes (42 obras)
✓ Carolina Guzmán-Valenzuela (75 obras)
✓ Sara González (70 obras)
✓ Brent V. Alloway (173 obras)
✓ Nicolas Hadjisavvas (100 obras)
✓ Alireza Kabgani (29 obras)
✓ Catalina Amigo (28 obras)
✓ Mario Alarcón (21 obras)
✓ Paola Valero (311 obras)
✓ Luz Valoyes-Chávez (32 obras)
✓ A. V. Kotikov (264 obras)
✓ Eduardo Estrada‐Castillón (149 obras)
✓ Lee W. T. Alkureishi (61 obras)
✓ Adorján F. Kovács (109 obras)
✓ Alejandra Espinosa (111 obras)
✓ Sebastián Muñoz-Herrera (17 obras)
✓ Cristhian Pérez Villalobos (201 obras)
✓ I. Montoya De Los Santos (31 obras)
✓ Eduardo Gomes Salgado (121 obras)
✓ Juan L. Celis‐Diez (105 obras)
✓ Yu. A. Krutyakov (72 obras)
✓ Frédéric Villièras (215 obras)
✓ Arieh Singer (166 obras)
✓ Manuel A. Bravo (99 obras)
✓ Gabriel Ruiz Garzón (106 obras)
✓ Vivian Gavilán Vega (43 obras)
✓ O. J. Suarez (22 obras)
✓ Domingo Mery (291 obras)
✓ Byron Droguett (46 obras)
✓ Israel Quirós (150 obras)
✓ S. Vadivel (158 obras)
✓ Xinyu Zhang (510 obras)
✓ Karthikeyan Sekar (156 obras)
✓ Hesam Kamyab (367 obras)
✓ Aishah Abdul Jalil (561 obras)
✓ Emmanuel Discamps (169 obras)
✓ Xavier Muth (76 obras)
✓ Carolina Tripp-Barba (63 obras)
✓ Ignacio Núñez‐Hidalgo (20 obras)
✓ Paulina Ponce-Philimon (9 obras)
✓ Carlos Rodriguez‐Benites (51 obras)
✓ Manuel Alva-Morales (4 obras)
✓ E. Kasapoğlu (214 obras)
✓ Ivan S. Babichuk (51 obras)
✓ V. V. Belykh (86 obras)
✓ Muneesh Sethi (63 obras)
✓ Parul Gupta (70 obras)
✓ Álvaro Soliz (55 obras)
✓ Felipe M. Galleguillos Madrid (77 obras)
✓ Thanigaivel Sundaram (98 obras)
✓ Senthilkumar Nangan (72 obras)
✓ R. Suresh (230 obras)
✓ Paulo J. S. Silva (62 obras)
✓ Debasish Roy (428 obras)
✓ Lin Fritschi (527 obras)
✓ Julio Osorio (59 obras)
✓ Yongliang Zhao (177 obras)
✓ Julio C. Tapia (74 obras)
✓ Alejandro H. Corvalán (277 obras)
✓ Carla Delporte (86 obras)
✓ Javier Echeverría (445 obras)
✓ Sinan Müftü (176 obras)
✓ Pablo A. Lizana (103 obras)
✓ J. Inostroza (22 obras)
✓ Patricio Quiroz (8 obras)
✓ Héctor Rodríguez Bustos (17 obras)
✓ Guilherme Zsigmond (6 obras)
✓ Laécio Carvalho de Barros (243 obras)
✓ Andrés David Báez-Sánchez (15 obras)
✓ Mikhail S. Plyushchay (132 obras)
✓ J. R. Villanueva (67 obras)
✓ María C. Ávila‐Arcos (83 obras)
✓ Gino Fornaciari (656 obras)
✓ Nathan Wales (94 obras)
✓ M. Thomas P. Gilbert (733 obras)
✓ Charlotte L. King (71 obras)
✓ Andrew R. Millard (131 obras)
✓ Darren R. Gröcke (330 obras)
✓ Dulasiri Amarasiriwardena (58 obras)
✓ Michael Hilke (152 obras)
✓ Arnaud Tanguy (192 obras)
✓ Johan Ohlander (42 obras)
✓ Michael Schomaker (150 obras)
✓ Christian Heumann (341 obras)
✓ Bernhard Michalke (397 obras)
✓ Oskar G. Jenni (339 obras)
✓ Anandaram Sreekanth (207 obras)
✓ Yorelis Acosta (25 obras)
✓ Juan Valencia-Moya (4 obras)
✓ Yolanda González (119 obras)
✓ Iris Sattolo (30 obras)
✓ Alessandro Soares da Silva (122 obras)
✓ Francisco Javier Miranda González (138 obras)
✓ Antonio Chamorro Mera (134 obras)
✓ Trinidad Vera (3 obras)
✓ Karina Maldonado (9 obras)
✓ Diego Aracena Pizarro (24 obras)
✓ Enrique Fernández‐Cara (241 obras)
✓ Felipe W. Cruz (21 obras)
✓ María Ángeles Rodríguez‐Bellido (81 obras)
✓ R. C. Pereira–Carvalho (56 obras)
✓ José Carmine Dianese (119 obras)
✓ Ricardo Salvatierra‐Martínez (11 obras)
✓ Ignacio Redondo (33 obras)
✓ Jozef Kiseľák (60 obras)
✓ Marcela Tapia Ladino (51 obras)
✓ Cecilia Mayorga-Muñoz (14 obras)
✓ Leonor Riquelme-Segura (47 obras)
✓ Ana Carolina Maldonado Fuentes (43 obras)
✓ Luis Carlos Santander (12 obras)
✓ Ivette Durán-Seguel (14 obras)
✓ Alan César Belo Angeluci (111 obras)
✓ María del Rosario Pérez (44 obras)
✓ L. González (113 obras)
✓ Eduardo Valenzuela (152 obras)
✓ Ana M. Aristizábal (54 obras)
✓ Mar Rus‐Calafell (93 obras)
✓ Carolang Escobar-Soler (8 obras)
✓ Sergio Celis (62 obras)
✓ Myrian Carbajal (29 obras)
✓ Robin Cavagnoud (117 obras)
✓ Eleonora López Contreras (37 obras)
✓ Drew S. Coleman (197 obras)
✓ Magdalena García (37 obras)
✓ Aitor Gómez (83 obras)
✓ María Inés García-Ripa (14 obras)
✓ Ramiro O. Bustamante (151 obras)
✓ Rodrigo Castillo (65 obras)
✓ Sarah Féron (91 obras)
✓ Pedro Llanillo (49 obras)
✓ Constanza Adrian Parra (7 obras)
✓ Cristian Lisboa Donoso (10 obras)
✓ Danilo Gómez (11 obras)
✓ Mercedes Carrasco‐Portiño (82 obras)
✓ Cecilia Bustos Ibarra (21 obras)
✓ Jaime Barrientos (169 obras)
✓ Beatriz Bustos (40 obras)
✓ Rosa Isela Meneses (67 obras)
✓ Roberto O. Chávez (51 obras)
✓ Matías Olea (12 obras)
✓ James Quesada (29 obras)
✓ Luis Orellana Urtubia (35 obras)
✓ Sergio González Pizarro (15 obras)
✓ Jonnathan Rodríguez (43 obras)
✓ Rubén López (47 obras)
✓ Miguel-Ángel Garrido-Tamayo (5 obras)
✓ Patrícia Rivera (115 obras)
✓ César San Martín (64 obras)
✓ Oscar Cordero (4 obras)
✓ Elvis Valero (28 obras)
✓ Jeff Browitt (61 obras)
✓ Martin Nakata (135 obras)
✓ Jessica Vivas Roso Vivas Roso (48 obras)
✓ Analía Antik Antik (41 obras)
✓ Andrew L. Jackson (187 obras)
✓ Daniel Gomez‐Uchida (69 obras)
✓ Susana Llorens (183 obras)
✓ Carla Semir-González (5 obras)
✓ M. Nayak (481 obras)
✓ A. E. Cárcamo Hernández (165 obras)
✓ C. S. Kim (403 obras)
✓ M. Hirsch (319 obras)
✓ Shubhalaxmi Rath (37 obras)
✓ Emily Hannum (138 obras)
✓ Ran Liu (57 obras)
✓ José Miguel Urzúa (7 obras)
✓ Manuela Rodríguez (35 obras)
✓ Elizabeth Fujimori (257 obras)
✓ Yeda A. O. Duarte (153 obras)
✓ K. Alfaro-Bittner (46 obras)
✓ Alejandro O. León (38 obras)
✓ Matías Zamorano-Veragua (8 obras)
✓ Gustavo Castillo-Rozas (7 obras)
✓ Kyria Rebeca Finardi (209 obras)
✓ Carmen Rodríguez (200 obras)
✓ Alfonso Muriel (443 obras)
✓ Andrew Rees (47 obras)
✓ Armand Hernández (139 obras)
✓ María Montt Strabucchi (54 obras)
✓ D. d’Enterria (1991 obras)
✓ S. Kluth (1364 obras)
✓ С. В. Михайлов (133 obras)
✓ Antonio Pardo (247 obras)
✓ J. Francisco Santibáñez-Palma (12 obras)
✓ Norge Cruz Hernández (85 obras)
✓ Kevin Wunderle (48 obras)
✓ Yong Tan (210 obras)
✓ Camila Spormann-Romeri (3 obras)
✓ Catherine Jara-Reyes (3 obras)
✓ Ximena Paredes-Villarroel (5 obras)
✓ Marcos Rojas (21 obras)
✓ Marjorie Baquedano-Rodríguez (19 obras)
✓ Isidora Castillo‐Rabanal (9 obras)
✓ Paula Parra-Ponce (13 obras)
✓ Débora Alvarado-Figueroa (7 obras)
✓ Oronzio Manca (499 obras)
✓ Nidhish Kumar Mishra (44 obras)
✓ Karina G. Rodriguez-Osorio (6 obras)
✓ Kawtar Feddi (21 obras)
✓ Elliot Burnham (10 obras)
✓ Alexey A. Novoselov (43 obras)
✓ Tamé González (45 obras)
✓ Yunierkis Pérez‐Castillo (127 obras)
✓ Yovani Marrero‐Ponce (285 obras)
✓ Helen Moore (195 obras)
✓ Juan P. Jiménez (20 obras)
✓ Bappi Paul (119 obras)
✓ Anne Delagnes (157 obras)
✓ Rémy Crassard (159 obras)
✓ Morgane Liard (99 obras)
✓ Mark D. Bateman (249 obras)
✓ Sebastián Yrarrázaval (10 obras)
✓ François Bachellerie (61 obras)
✓ Mathieu Bosq (29 obras)
✓ Greg White (256 obras)
✓ Martín de Luis (240 obras)
✓ Ernesto Tejedor (126 obras)
✓ Hugo Romero Aravena (151 obras)
✓ Francisco S. N. Lobo (471 obras)
✓ Lucila Kraiselburd (35 obras)
✓ Susana J. Landau (87 obras)
✓ Daniel Domínguez Figaredo (89 obras)
✓ Carlos Kölbl (107 obras)
✓ Martin J. Packer (229 obras)
✓ J.C. Martı́nez-Orozco (84 obras)
✓ J.D. Correa (69 obras)
✓ María Isabel Santos Quintero (26 obras)
✓ Víctor Hugo González Torres (12 obras)
✓ Claudia Patricia Caballero de Lamarque (7 obras)
✓ Nicolás Del Solar-Duarte (3 obras)
✓ Josep M. Llovet (801 obras)
✗ Emma Markey: OpenAlex 429 en https://api.openalex.org/works?filter=author.id:A5028633821&per-page=200&select=id,title,publication_year,cited_by_count,fwci,citation_normalized_percentile,open_access,primary_location,primary_topic,authorships&cursor=*&mailto=cris-victoria@uta.cl
✗ Jerry Hourihane Clancy: OpenAlex 429 en https://api.openalex.org/works?filter=author.id:A5022348693&per-page=200&select=id,title,publication_year,cited_by_count,fwci,citation_normalized_percentile,open_access,primary_location,primary_topic,authorships&cursor=*&mailto=cris-victoria@uta.cl
✗ David J. O’Connor: OpenAlex 429 en https://api.openalex.org/works?filter=author.id:A5044237330&per-page=200&select=id,title,publication_year,cited_by_count,fwci,citation_normalized_percentile,open_access,primary_location,primary_topic,authorships&cursor=*&mailto=cris-victoria@uta.cl
✗ Avnish Kumar: OpenAlex 429 en https://api.openalex.org/works?filter=author.id:A5101475402&per-page=200&select=id,title,publication_year,cited_by_count,fwci,citation_normalized_percentile,open_access,primary_location,primary_topic,authorships&cursor=*&mailto=cris-victoria@uta.cl
✗ Varun Goel: OpenAlex 429 en https://api.openalex.org/works?filter=author.id:A5082257836&per-page=200&select=id,title,publication_year,cited_by_count,fwci,citation_normalized_percentile,open_access,primary_location,primary_topic,authorships&cursor=*&mailto=cris-victoria@uta.cl
✗ Sanjeev Kumar Joshi: OpenAlex 429 en https://api.openalex.org/works?filter=author.id:A5088734355&per-page=200&select=id,title,publication_year,cited_by_count,fwci,citation_normalized_percentile,open_access,primary_location,primary_topic,authorships&cursor=*&mailto=cris-victoria@uta.cl
✗ Mu. Naushad: OpenAlex 429 en https://api.openalex.org/works?filter=author.id:A5110152999&per-page=200&select=id,title,publication_year,cited_by_count,fwci,citation_normalized_percentile,open_access,primary_location,primary_topic,authorships&cursor=*&mailto=cris-victoria@uta.cl
✗ Paramasivam Shanmugam: OpenAlex 429 en https://api.openalex.org/works?filter=author.id:A5101512158&per-page=200&select=id,title,publication_year,cited_by_count,fwci,citation_normalized_percentile,open_access,primary_location,primary_topic,authorships&cursor=*&mailto=cris-victoria@uta.cl
✗ Laxmi Kant Bhardwaj: OpenAlex 429 en https://api.openalex.org/works?filter=author.id:A5044904378&per-page=200&select=id,title,publication_year,cited_by_count,fwci,citation_normalized_percentile,open_access,primary_location,primary_topic,authorships&cursor=*&mailto=cris-victoria@uta.cl
✗ Pankaj Kanti Jodder: OpenAlex 429 en https://api.openalex.org/works?filter=author.id:A5080998027&per-page=200&select=id,title,publication_year,cited_by_count,fwci,citation_normalized_percentile,open_access,primary_location,primary_topic,authorships&cursor=*&mailto=cris-victoria@uta.cl
✗ Okan Duman: OpenAlex 429 en https://api.openalex.org/works?filter=author.id:A5068594070&per-page=200&select=id,title,publication_year,cited_by_count,fwci,citation_normalized_percentile,open_access,primary_location,primary_topic,authorships&cursor=*&mailto=cris-victoria@uta.cl
✗ J. M. Martı́nez: OpenAlex 429 en https://api.openalex.org/works?filter=author.id:A5066019994&per-page=200&select=id,title,publication_year,cited_by_count,fwci,citation_normalized_percentile,open_access,primary_location,primary_topic,authorships&cursor=*&mailto=cris-victoria@uta.cl
✗ Leonardo M. Mito: OpenAlex 429 en https://api.openalex.org/works?filter=author.id:A5022592293&per-page=200&select=id,title,publication_year,cited_by_count,fwci,citation_normalized_percentile,open_access,primary_location,primary_topic,authorships&cursor=*&mailto=cris-victoria@uta.cl
✗ Roger Behling: OpenAlex 429 en https://api.openalex.org/works?filter=author.id:A5045506488&per-page=200&select=id,title,publication_year,cited_by_count,fwci,citation_normalized_percentile,open_access,primary_location,primary_topic,authorships&cursor=*&mailto=cris-victoria@uta.cl
✗ David O. Carpenter: OpenAlex 429 en https://api.openalex.org/works?filter=author.id:A5074232978&per-page=200&select=id,title,publication_year,cited_by_count,fwci,citation_normalized_percentile,open_access,primary_location,primary_topic,authorships&cursor=*&mailto=cris-victoria@uta.cl
✗ Amedeo Amedei: OpenAlex 429 en https://api.openalex.org/works?filter=author.id:A5082342925&per-page=200&select=id,title,publication_year,cited_by_count,fwci,citation_normalized_percentile,open_access,primary_location,primary_topic,authorships&cursor=*&mailto=cris-victoria@uta.cl
✗ Liliana Cardemil: OpenAlex 429 en https://api.openalex.org/works?filter=author.id:A5012828395&per-page=200&select=id,title,publication_year,cited_by_count,fwci,citation_normalized_percentile,open_access,primary_location,primary_topic,authorships&cursor=*&mailto=cris-victoria@uta.cl
✗ Mary T. K. Arroyo: OpenAlex 429 en https://api.openalex.org/works?filter=author.id:A5007239805&per-page=200&select=id,title,publication_year,cited_by_count,fwci,citation_normalized_percentile,open_access,primary_location,primary_topic,authorships&cursor=*&mailto=cris-victoria@uta.cl
✗ Gloria Montenegro: OpenAlex 429 en https://api.openalex.org/works?filter=author.id:A5089404856&per-page=200&select=id,title,publication_year,cited_by_count,fwci,citation_normalized_percentile,open_access,primary_location,primary_topic,authorships&cursor=*&mailto=cris-victoria@uta.cl
✗ Max Andresen: OpenAlex 429 en https://api.openalex.org/works?filter=author.id:A5052662762&per-page=200&select=id,title,publication_year,cited_by_count,fwci,citation_normalized_percentile,open_access,primary_location,primary_topic,authorships&cursor=*&mailto=cris-victoria@uta.cl
✗ Carlos Rodrigo de Mello Roesler: OpenAlex 429 en https://api.openalex.org/works?filter=author.id:A5050920902&per-page=200&select=id,title,publication_year,cited_by_count,fwci,citation_normalized_percentile,open_access,primary_location,primary_topic,authorships&cursor=*&mailto=cris-victoria@uta.cl
✗ Claudio Ponce: OpenAlex 429 en https://api.openalex.org/works?filter=author.id:A5057014259&per-page=200&select=id,title,publication_year,cited_by_count,fwci,citation_normalized_percentile,open_access,primary_location,primary_topic,authorships&cursor=*&mailto=cris-victoria@uta.cl
✗ Daniel Alejandro Ponce Saldías: OpenAlex 429 en https://api.openalex.org/works?filter=author.id:A5082842101&per-page=200&select=id,title,publication_year,cited_by_count,fwci,citation_normalized_percentile,open_access,primary_location,primary_topic,authorships&cursor=*&mailto=cris-victoria@uta.cl
✗ Francisco Aguayo: OpenAlex 429 en https://api.openalex.org/works?filter=author.id:A5102926909&per-page=200&select=id,title,publication_year,cited_by_count,fwci,citation_normalized_percentile,open_access,primary_location,primary_topic,authorships&cursor=*&mailto=cris-victoria@uta.cl
✗ Sandra Cortés: OpenAlex 429 en https://api.openalex.org/works?filter=author.id:A5045344296&per-page=200&select=id,title,publication_year,cited_by_count,fwci,citation_normalized_percentile,open_access,primary_location,primary_topic,authorships&cursor=*&mailto=cris-victoria@uta.cl
✗ Catterina Ferreccio: OpenAlex 429 en https://api.openalex.org/works?filter=author.id:A5085328315&per-page=200&select=id,title,publication_year,cited_by_count,fwci,citation_normalized_percentile,open_access,primary_location,primary_topic,authorships&cursor=*&mailto=cris-victoria@uta.cl
✗ C Tamayo: OpenAlex 429 en https://api.openalex.org/works?filter=author.id:A5007763399&per-page=200&select=id,title,publication_year,cited_by_count,fwci,citation_normalized_percentile,open_access,primary_location,primary_topic,authorships&cursor=*&mailto=cris-victoria@uta.cl
✗ Bastien Llamas: OpenAlex 429 en https://api.openalex.org/works?filter=author.id:A5082962342&per-page=200&select=id,title,publication_year,cited_by_count,fwci,citation_normalized_percentile,open_access,primary_location,primary_topic,authorships&cursor=*&mailto=cris-victoria@uta.cl
✗ Lars Fehren‐Schmitz: OpenAlex 429 en https://api.openalex.org/works?filter=author.id:A5001815861&per-page=200&select=id,title,publication_year,cited_by_count,fwci,citation_normalized_percentile,open_access,primary_location,primary_topic,authorships&cursor=*&mailto=cris-victoria@uta.cl
✗ Guido Valverde: OpenAlex 429 en https://api.openalex.org/works?filter=author.id:A5035035666&per-page=200&select=id,title,publication_year,cited_by_count,fwci,citation_normalized_percentile,open_access,primary_location,primary_topic,authorships&cursor=*&mailto=cris-victoria@uta.cl
✗ Fritz Colonius: OpenAlex 429 en https://api.openalex.org/works?filter=author.id:A5003282971&per-page=200&select=id,title,publication_year,cited_by_count,fwci,citation_normalized_percentile,open_access,primary_location,primary_topic,authorships&cursor=*&mailto=cris-victoria@uta.cl
✗ Michael Färber: OpenAlex 429 en https://api.openalex.org/works?filter=author.id:A5031600582&per-page=200&select=id,title,publication_year,cited_by_count,fwci,citation_normalized_percentile,open_access,primary_location,primary_topic,authorships&cursor=*&mailto=cris-victoria@uta.cl
✗ William Eduardo Valdivia Hanco: OpenAlex 429 en https://api.openalex.org/works?filter=author.id:A5050471860&per-page=200&select=id,title,publication_year,cited_by_count,fwci,citation_normalized_percentile,open_access,primary_location,primary_topic,authorships&cursor=*&mailto=cris-victoria@uta.cl
✗ Julio César Rodríguez: OpenAlex 429 en https://api.openalex.org/works?filter=author.id:A5060714835&per-page=200&select=id,title,publication_year,cited_by_count,fwci,citation_normalized_percentile,open_access,primary_location,primary_topic,authorships&cursor=*&mailto=cris-victoria@uta.cl
✗ Hermán Silva: OpenAlex 429 en https://api.openalex.org/works?filter=author.id:A5029290549&per-page=200&select=id,title,publication_year,cited_by_count,fwci,citation_normalized_percentile,open_access,primary_location,primary_topic,authorships&cursor=*&mailto=cris-victoria@uta.cl
✗ Rocío Abello Correa: OpenAlex 429 en https://api.openalex.org/works?filter=author.id:A5024820240&per-page=200&select=id,title,publication_year,cited_by_count,fwci,citation_normalized_percentile,open_access,primary_location,primary_topic,authorships&cursor=*&mailto=cris-victoria@uta.cl
✗ Jorge Castaño García: OpenAlex 429 en https://api.openalex.org/works?filter=author.id:A5060686929&per-page=200&select=id,title,publication_year,cited_by_count,fwci,citation_normalized_percentile,open_access,primary_location,primary_topic,authorships&cursor=*&mailto=cris-victoria@uta.cl
✗ Marina Tuyako Mizukoshi: OpenAlex 429 en https://api.openalex.org/works?filter=author.id:A5040433255&per-page=200&select=id,title,publication_year,cited_by_count,fwci,citation_normalized_percentile,open_access,primary_location,primary_topic,authorships&cursor=*&mailto=cris-victoria@uta.cl
✗ Juan Carlos Romero: OpenAlex 429 en https://api.openalex.org/works?filter=author.id:A5065215626&per-page=200&select=id,title,publication_year,cited_by_count,fwci,citation_normalized_percentile,open_access,primary_location,primary_topic,authorships&cursor=*&mailto=cris-victoria@uta.cl
✗ Francisco Gil Rodríguez: OpenAlex 429 en https://api.openalex.org/works?filter=author.id:A5039103290&per-page=200&select=id,title,publication_year,cited_by_count,fwci,citation_normalized_percentile,open_access,primary_location,primary_topic,authorships&cursor=*&mailto=cris-victoria@uta.cl
✗ Daniel Rojas Pachas: OpenAlex 429 en https://api.openalex.org/works?filter=author.id:A5064633950&per-page=200&select=id,title,publication_year,cited_by_count,fwci,citation_normalized_percentile,open_access,primary_location,primary_topic,authorships&cursor=*&mailto=cris-victoria@uta.cl
✗ Ramón Herrera: OpenAlex 429 en https://api.openalex.org/works?filter=author.id:A5068302866&per-page=200&select=id,title,publication_year,cited_by_count,fwci,citation_normalized_percentile,open_access,primary_location,primary_topic,authorships&cursor=*&mailto=cris-victoria@uta.cl
✗ Miguel Rivas: OpenAlex 429 en https://api.openalex.org/works?filter=author.id:A5110660953&per-page=200&select=id,title,publication_year,cited_by_count,fwci,citation_normalized_percentile,open_access,primary_location,primary_topic,authorships&cursor=*&mailto=cris-victoria@uta.cl
✗ Pedro Campos: OpenAlex 429 en https://api.openalex.org/works?filter=author.id:A5005139610&per-page=200&select=id,title,publication_year,cited_by_count,fwci,citation_normalized_percentile,open_access,primary_location,primary_topic,authorships&cursor=*&mailto=cris-victoria@uta.cl
✗ Anders Albrechtsen: OpenAlex 429 en https://api.openalex.org/works?filter=author.id:A5003488251&per-page=200&select=id,title,publication_year,cited_by_count,fwci,citation_normalized_percentile,open_access,primary_location,primary_topic,authorships&cursor=*&mailto=cris-victoria@uta.cl
✗ Thorfinn Sand Korneliussen: OpenAlex 429 en https://api.openalex.org/works?filter=author.id:A5090964821&per-page=200&select=id,title,publication_year,cited_by_count,fwci,citation_normalized_percentile,open_access,primary_location,primary_topic,authorships&cursor=*&mailto=cris-victoria@uta.cl
✗ Morten Rasmussen: OpenAlex 429 en https://api.openalex.org/works?filter=author.id:A5049654534&per-page=200&select=id,title,publication_year,cited_by_count,fwci,citation_normalized_percentile,open_access,primary_location,primary_topic,authorships&cursor=*&mailto=cris-victoria@uta.cl
✗ Richard Toro A.: OpenAlex 429 en https://api.openalex.org/works?filter=author.id:A5011186233&per-page=200&select=id,title,publication_year,cited_by_count,fwci,citation_normalized_percentile,open_access,primary_location,primary_topic,authorships&cursor=*&mailto=cris-victoria@uta.cl
✗ Manuel A. Leiva G.: OpenAlex 429 en https://api.openalex.org/works?filter=author.id:A5000986727&per-page=200&select=id,title,publication_year,cited_by_count,fwci,citation_normalized_percentile,open_access,primary_location,primary_topic,authorships&cursor=*&mailto=cris-victoria@uta.cl
✗ R. Morales: OpenAlex 429 en https://api.openalex.org/works?filter=author.id:A5045159504&per-page=200&select=id,title,publication_year,cited_by_count,fwci,citation_normalized_percentile,open_access,primary_location,primary_topic,authorships&cursor=*&mailto=cris-victoria@uta.cl
✗ Araceli Peña-Fernández: OpenAlex 429 en https://api.openalex.org/works?filter=author.id:A5044291322&per-page=200&select=id,title,publication_year,cited_by_count,fwci,citation_normalized_percentile,open_access,primary_location,primary_topic,authorships&cursor=*&mailto=cris-victoria@uta.cl
✗ Diego Luis Valera Martínez: OpenAlex 429 en https://api.openalex.org/works?filter=author.id:A5018355175&per-page=200&select=id,title,publication_year,cited_by_count,fwci,citation_normalized_percentile,open_access,primary_location,primary_topic,authorships&cursor=*&mailto=cris-victoria@uta.cl
✗ Juan E. Álvaro: OpenAlex 429 en https://api.openalex.org/works?filter=author.id:A5041669669&per-page=200&select=id,title,publication_year,cited_by_count,fwci,citation_normalized_percentile,open_access,primary_location,primary_topic,authorships&cursor=*&mailto=cris-victoria@uta.cl
✗ Alexander Neaman: OpenAlex 429 en https://api.openalex.org/works?filter=author.id:A5047279719&per-page=200&select=id,title,publication_year,cited_by_count,fwci,citation_normalized_percentile,open_access,primary_location,primary_topic,authorships&cursor=*&mailto=cris-victoria@uta.cl
✗ J.A. Sánchez-Molina: OpenAlex 429 en https://api.openalex.org/works?filter=author.id:A5003096181&per-page=200&select=id,title,publication_year,cited_by_count,fwci,citation_normalized_percentile,open_access,primary_location,primary_topic,authorships&cursor=*&mailto=cris-victoria@uta.cl
✗ Daniela Navarrete: OpenAlex 429 en https://api.openalex.org/works?filter=author.id:A5031076560&per-page=200&select=id,title,publication_year,cited_by_count,fwci,citation_normalized_percentile,open_access,primary_location,primary_topic,authorships&cursor=*&mailto=cris-victoria@uta.cl
✗ J. Marttini Abarca: OpenAlex 429 en https://api.openalex.org/works?filter=author.id:A5028786215&per-page=200&select=id,title,publication_year,cited_by_count,fwci,citation_normalized_percentile,open_access,primary_location,primary_topic,authorships&cursor=*&mailto=cris-victoria@uta.cl
✗ Gloria M. Calaf: OpenAlex 429 en https://api.openalex.org/works?filter=author.id:A5016723784&per-page=200&select=id,title,publication_year,cited_by_count,fwci,citation_normalized_percentile,open_access,primary_location,primary_topic,authorships&cursor=*&mailto=cris-victoria@uta.cl
✗ Juan A. Lazzús: OpenAlex 429 en https://api.openalex.org/works?filter=author.id:A5055681903&per-page=200&select=id,title,publication_year,cited_by_count,fwci,citation_normalized_percentile,open_access,primary_location,primary_topic,authorships&cursor=*&mailto=cris-victoria@uta.cl
✗ Mehdi Shakibaei: OpenAlex 429 en https://api.openalex.org/works?filter=author.id:A5038295064&per-page=200&select=id,title,publication_year,cited_by_count,fwci,citation_normalized_percentile,open_access,primary_location,primary_topic,authorships&cursor=*&mailto=cris-victoria@uta.cl
✗ Francisco Osorio: OpenAlex 429 en https://api.openalex.org/works?filter=author.id:A5021763356&per-page=200&select=id,title,publication_year,cited_by_count,fwci,citation_normalized_percentile,open_access,primary_location,primary_topic,authorships&cursor=*&mailto=cris-victoria@uta.cl
✗ Víctor Jiménez‐Benítez: OpenAlex 429 en https://api.openalex.org/works?filter=author.id:A5010225733&per-page=200&select=id,title,publication_year,cited_by_count,fwci,citation_normalized_percentile,open_access,primary_location,primary_topic,authorships&cursor=*&mailto=cris-victoria@uta.cl
✗ Salvador Antonio Mireles Sandoval: OpenAlex 429 en https://api.openalex.org/works?filter=author.id:A5087147450&per-page=200&select=id,title,publication_year,cited_by_count,fwci,citation_normalized_percentile,open_access,primary_location,primary_topic,authorships&cursor=*&mailto=cris-victoria@uta.cl
✗ Ángela Vera Ruíz: OpenAlex 429 en https://api.openalex.org/works?filter=author.id:A5012340411&per-page=200&select=id,title,publication_year,cited_by_count,fwci,citation_normalized_percentile,open_access,primary_location,primary_topic,authorships&cursor=*&mailto=cris-victoria@uta.cl
✗ Marcos Zumárraga-Espinosa: OpenAlex 429 en https://api.openalex.org/works?filter=author.id:A5031732480&per-page=200&select=id,title,publication_year,cited_by_count,fwci,citation_normalized_percentile,open_access,primary_location,primary_topic,authorships&cursor=*&mailto=cris-victoria@uta.cl
✗ Celia Bórquez B.: OpenAlex 429 en https://api.openalex.org/works?filter=author.id:A5053839411&per-page=200&select=id,title,publication_year,cited_by_count,fwci,citation_normalized_percentile,open_access,primary_location,primary_topic,authorships&cursor=*&mailto=cris-victoria@uta.cl
✗ Rubén Alejandro Castillo-España: OpenAlex 429 en https://api.openalex.org/works?filter=author.id:A5093051160&per-page=200&select=id,title,publication_year,cited_by_count,fwci,citation_normalized_percentile,open_access,primary_location,primary_topic,authorships&cursor=*&mailto=cris-victoria@uta.cl
✗ Giuliani Coluccio: OpenAlex 429 en https://api.openalex.org/works?filter=author.id:A5051034826&per-page=200&select=id,title,publication_year,cited_by_count,fwci,citation_normalized_percentile,open_access,primary_location,primary_topic,authorships&cursor=*&mailto=cris-victoria@uta.cl
✗ Elkin Argiro Muñoz Arroyave: OpenAlex 429 en https://api.openalex.org/works?filter=author.id:A5028182818&per-page=200&select=id,title,publication_year,cited_by_count,fwci,citation_normalized_percentile,open_access,primary_location,primary_topic,authorships&cursor=*&mailto=cris-victoria@uta.cl
✗ Elsa María Vásquez Trespalacios: OpenAlex 429 en https://api.openalex.org/works?filter=author.id:A5082937761&per-page=200&select=id,title,publication_year,cited_by_count,fwci,citation_normalized_percentile,open_access,primary_location,primary_topic,authorships&cursor=*&mailto=cris-victoria@uta.cl
✗ Charl C. Wolhuter: OpenAlex 429 en https://api.openalex.org/works?filter=author.id:A5003736017&per-page=200&select=id,title,publication_year,cited_by_count,fwci,citation_normalized_percentile,open_access,primary_location,primary_topic,authorships&cursor=*&mailto=cris-victoria@uta.cl
✗ Yasna Tapia: OpenAlex 429 en https://api.openalex.org/works?filter=author.id:A5048073545&per-page=200&select=id,title,publication_year,cited_by_count,fwci,citation_normalized_percentile,open_access,primary_location,primary_topic,authorships&cursor=*&mailto=cris-victoria@uta.cl
✗ Dinoraz Vélez: OpenAlex 429 en https://api.openalex.org/works?filter=author.id:A5083118590&per-page=200&select=id,title,publication_year,cited_by_count,fwci,citation_normalized_percentile,open_access,primary_location,primary_topic,authorships&cursor=*&mailto=cris-victoria@uta.cl
✗ Rubén Pastene: OpenAlex 429 en https://api.openalex.org/works?filter=author.id:A5071900494&per-page=200&select=id,title,publication_year,cited_by_count,fwci,citation_normalized_percentile,open_access,primary_location,primary_topic,authorships&cursor=*&mailto=cris-victoria@uta.cl
✗ Daniel López: OpenAlex 429 en https://api.openalex.org/works?filter=author.id:A5078375944&per-page=200&select=id,title,publication_year,cited_by_count,fwci,citation_normalized_percentile,open_access,primary_location,primary_topic,authorships&cursor=*&mailto=cris-victoria@uta.cl
✗ María J. Rojas: OpenAlex 429 en https://api.openalex.org/works?filter=author.id:A5111452750&per-page=200&select=id,title,publication_year,cited_by_count,fwci,citation_normalized_percentile,open_access,primary_location,primary_topic,authorships&cursor=*&mailto=cris-victoria@uta.cl
✗ Fernando González: OpenAlex 429 en https://api.openalex.org/works?filter=author.id:A5036934525&per-page=200&select=id,title,publication_year,cited_by_count,fwci,citation_normalized_percentile,open_access,primary_location,primary_topic,authorships&cursor=*&mailto=cris-victoria@uta.cl
✗ M. Espinoza: OpenAlex 429 en https://api.openalex.org/works?filter=author.id:A5108561036&per-page=200&select=id,title,publication_year,cited_by_count,fwci,citation_normalized_percentile,open_access,primary_location,primary_topic,authorships&cursor=*&mailto=cris-victoria@uta.cl
✗ Sabina Herrera: OpenAlex 429 en https://api.openalex.org/works?filter=author.id:A5088119944&per-page=200&select=id,title,publication_year,cited_by_count,fwci,citation_normalized_percentile,open_access,primary_location,primary_topic,authorships&cursor=*&mailto=cris-victoria@uta.cl
✗ Bernardino Barrientos: OpenAlex 429 en https://api.openalex.org/works?filter=author.id:A5063390265&per-page=200&select=id,title,publication_year,cited_by_count,fwci,citation_normalized_percentile,open_access,primary_location,primary_topic,authorships&cursor=*&mailto=cris-victoria@uta.cl
✗ Leopoldo Bertossi: OpenAlex 429 en https://api.openalex.org/works?filter=author.id:A5015753842&per-page=200&select=id,title,publication_year,cited_by_count,fwci,citation_normalized_percentile,open_access,primary_location,primary_topic,authorships&cursor=*&mailto=cris-victoria@uta.cl
✗ Pablo Braz e Silva: OpenAlex 429 en https://api.openalex.org/works?filter=author.id:A5059501832&per-page=200&select=id,title,publication_year,cited_by_count,fwci,citation_normalized_percentile,open_access,primary_location,primary_topic,authorships&cursor=*&mailto=cris-victoria@uta.cl
✗ Miguel Loayza: OpenAlex 429 en https://api.openalex.org/works?filter=author.id:A5055600807&per-page=200&select=id,title,publication_year,cited_by_count,fwci,citation_normalized_percentile,open_access,primary_location,primary_topic,authorships&cursor=*&mailto=cris-victoria@uta.cl
✗ Élder J. Villamizar‐Roa: OpenAlex 429 en https://api.openalex.org/works?filter=author.id:A5051173782&per-page=200&select=id,title,publication_year,cited_by_count,fwci,citation_normalized_percentile,open_access,primary_location,primary_topic,authorships&cursor=*&mailto=cris-victoria@uta.cl
✗ Luis Friz: OpenAlex 429 en https://api.openalex.org/works?filter=author.id:A5055254491&per-page=200&select=id,title,publication_year,cited_by_count,fwci,citation_normalized_percentile,open_access,primary_location,primary_topic,authorships&cursor=*&mailto=cris-victoria@uta.cl
✗ C. A. Inácio: OpenAlex 429 en https://api.openalex.org/works?filter=author.id:A5018425103&per-page=200&select=id,title,publication_year,cited_by_count,fwci,citation_normalized_percentile,open_access,primary_location,primary_topic,authorships&cursor=*&mailto=cris-victoria@uta.cl
✗ Tamara Schmey: OpenAlex 429 en https://api.openalex.org/works?filter=author.id:A5048252130&per-page=200&select=id,title,publication_year,cited_by_count,fwci,citation_normalized_percentile,open_access,primary_location,primary_topic,authorships&cursor=*&mailto=cris-victoria@uta.cl
✗ Corinn Small: OpenAlex 429 en https://api.openalex.org/works?filter=author.id:A5005946945&per-page=200&select=id,title,publication_year,cited_by_count,fwci,citation_normalized_percentile,open_access,primary_location,primary_topic,authorships&cursor=*&mailto=cris-victoria@uta.cl
✗ Tahir Ali: OpenAlex 429 en https://api.openalex.org/works?filter=author.id:A5016393458&per-page=200&select=id,title,publication_year,cited_by_count,fwci,citation_normalized_percentile,open_access,primary_location,primary_topic,authorships&cursor=*&mailto=cris-victoria@uta.cl
✗ Soledad Gamboa: OpenAlex 429 en https://api.openalex.org/works?filter=author.id:A5036306122&per-page=200&select=id,title,publication_year,cited_by_count,fwci,citation_normalized_percentile,open_access,primary_location,primary_topic,authorships&cursor=*&mailto=cris-victoria@uta.cl
✗ Marco Thines: OpenAlex 429 en https://api.openalex.org/works?filter=author.id:A5023789648&per-page=200&select=id,title,publication_year,cited_by_count,fwci,citation_normalized_percentile,open_access,primary_location,primary_topic,authorships&cursor=*&mailto=cris-victoria@uta.cl
✗ Remco Stam: OpenAlex 429 en https://api.openalex.org/works?filter=author.id:A5037993228&per-page=200&select=id,title,publication_year,cited_by_count,fwci,citation_normalized_percentile,open_access,primary_location,primary_topic,authorships&cursor=*&mailto=cris-victoria@uta.cl
✗ Frances Hayashida: OpenAlex 429 en https://api.openalex.org/works?filter=author.id:A5017313320&per-page=200&select=id,title,publication_year,cited_by_count,fwci,citation_normalized_percentile,open_access,primary_location,primary_topic,authorships&cursor=*&mailto=cris-victoria@uta.cl
✗ Jacqueline Correa‐Lau: OpenAlex 429 en https://api.openalex.org/works?filter=author.id:A5004651569&per-page=200&select=id,title,publication_year,cited_by_count,fwci,citation_normalized_percentile,open_access,primary_location,primary_topic,authorships&cursor=*&mailto=cris-victoria@uta.cl
✗ Ivan Veas-González: OpenAlex 429 en https://api.openalex.org/works?filter=author.id:A5058578072&per-page=200&select=id,title,publication_year,cited_by_count,fwci,citation_normalized_percentile,open_access,primary_location,primary_topic,authorships&cursor=*&mailto=cris-victoria@uta.cl
✗ Nelson Carrión-Bósquez: OpenAlex 429 en https://api.openalex.org/works?filter=author.id:A5046495779&per-page=200&select=id,title,publication_year,cited_by_count,fwci,citation_normalized_percentile,open_access,primary_location,primary_topic,authorships&cursor=*&mailto=cris-victoria@uta.cl
✗ J. C. García-Melgarejo: OpenAlex 429 en https://api.openalex.org/works?filter=author.id:A5075890740&per-page=200&select=id,title,publication_year,cited_by_count,fwci,citation_normalized_percentile,open_access,primary_location,primary_topic,authorships&cursor=*&mailto=cris-victoria@uta.cl
✗ Juan A. Cañas: OpenAlex 429 en https://api.openalex.org/works?filter=author.id:A5051803036&per-page=200&select=id,title,publication_year,cited_by_count,fwci,citation_normalized_percentile,open_access,primary_location,primary_topic,authorships&cursor=*&mailto=cris-victoria@uta.cl
✗ Ernesto Leo Rossi: OpenAlex 429 en https://api.openalex.org/works?filter=author.id:A5075151592&per-page=200&select=id,title,publication_year,cited_by_count,fwci,citation_normalized_percentile,open_access,primary_location,primary_topic,authorships&cursor=*&mailto=cris-victoria@uta.cl
✗ Luis Enrique Quiñones Baraybar: OpenAlex 429 en https://api.openalex.org/works?filter=author.id:A5001351015&per-page=200&select=id,title,publication_year,cited_by_count,fwci,citation_normalized_percentile,open_access,primary_location,primary_topic,authorships&cursor=*&mailto=cris-victoria@uta.cl
✗ Mario Rodríguez-Camacho: OpenAlex 429 en https://api.openalex.org/works?filter=author.id:A5078119398&per-page=200&select=id,title,publication_year,cited_by_count,fwci,citation_normalized_percentile,open_access,primary_location,primary_topic,authorships&cursor=*&mailto=cris-victoria@uta.cl
✗ Belén Prieto‐Corona: OpenAlex 429 en https://api.openalex.org/works?filter=author.id:A5039177340&per-page=200&select=id,title,publication_year,cited_by_count,fwci,citation_normalized_percentile,open_access,primary_location,primary_topic,authorships&cursor=*&mailto=cris-victoria@uta.cl
✗ Margarita Cabrera‐Bravo: OpenAlex 429 en https://api.openalex.org/works?filter=author.id:A5060191674&per-page=200&select=id,title,publication_year,cited_by_count,fwci,citation_normalized_percentile,open_access,primary_location,primary_topic,authorships&cursor=*&mailto=cris-victoria@uta.cl
✗ Daniela Alves Silva: OpenAlex 429 en https://api.openalex.org/works?filter=author.id:A5100684745&per-page=200&select=id,title,publication_year,cited_by_count,fwci,citation_normalized_percentile,open_access,primary_location,primary_topic,authorships&cursor=*&mailto=cris-victoria@uta.cl
✗ Luboš Střelec: OpenAlex 429 en https://api.openalex.org/works?filter=author.id:A5053795844&per-page=200&select=id,title,publication_year,cited_by_count,fwci,citation_normalized_percentile,open_access,primary_location,primary_topic,authorships&cursor=*&mailto=cris-victoria@uta.cl
✗ Li‐Chun Zhang: OpenAlex 429 en https://api.openalex.org/works?filter=author.id:A5100720313&per-page=200&select=id,title,publication_year,cited_by_count,fwci,citation_normalized_percentile,open_access,primary_location,primary_topic,authorships&cursor=*&mailto=cris-victoria@uta.cl
✗ Paul Allin: OpenAlex 429 en https://api.openalex.org/works?filter=author.id:A5005656338&per-page=200&select=id,title,publication_year,cited_by_count,fwci,citation_normalized_percentile,open_access,primary_location,primary_topic,authorships&cursor=*&mailto=cris-victoria@uta.cl
✗ Fionn Murtagh: OpenAlex 429 en https://api.openalex.org/works?filter=author.id:A5000885553&per-page=200&select=id,title,publication_year,cited_by_count,fwci,citation_normalized_percentile,open_access,primary_location,primary_topic,authorships&cursor=*&mailto=cris-victoria@uta.cl
✗ Peter Smith: OpenAlex 429 en https://api.openalex.org/works?filter=author.id:A5072971841&per-page=200&select=id,title,publication_year,cited_by_count,fwci,citation_normalized_percentile,open_access,primary_location,primary_topic,authorships&cursor=*&mailto=cris-victoria@uta.cl
✗ Guy P. Nason: OpenAlex 429 en https://api.openalex.org/works?filter=author.id:A5083214421&per-page=200&select=id,title,publication_year,cited_by_count,fwci,citation_normalized_percentile,open_access,primary_location,primary_topic,authorships&cursor=*&mailto=cris-victoria@uta.cl
✗ Jamie Moore: OpenAlex 429 en https://api.openalex.org/works?filter=author.id:A5089228070&per-page=200&select=id,title,publication_year,cited_by_count,fwci,citation_normalized_percentile,open_access,primary_location,primary_topic,authorships&cursor=*&mailto=cris-victoria@uta.cl
✗ Gabriele B. Durrant: OpenAlex 429 en https://api.openalex.org/works?filter=author.id:A5054519906&per-page=200&select=id,title,publication_year,cited_by_count,fwci,citation_normalized_percentile,open_access,primary_location,primary_topic,authorships&cursor=*&mailto=cris-victoria@uta.cl
✗ Paul A. Smith: OpenAlex 429 en https://api.openalex.org/works?filter=author.id:A5058135314&per-page=200&select=id,title,publication_year,cited_by_count,fwci,citation_normalized_percentile,open_access,primary_location,primary_topic,authorships&cursor=*&mailto=cris-victoria@uta.cl
✗ Cristian O. Salas: OpenAlex 429 en https://api.openalex.org/works?filter=author.id:A5077567118&per-page=200&select=id,title,publication_year,cited_by_count,fwci,citation_normalized_percentile,open_access,primary_location,primary_topic,authorships&cursor=*&mailto=cris-victoria@uta.cl
✗ César Soto: OpenAlex 429 en https://api.openalex.org/works?filter=author.id:A5101806770&per-page=200&select=id,title,publication_year,cited_by_count,fwci,citation_normalized_percentile,open_access,primary_location,primary_topic,authorships&cursor=*&mailto=cris-victoria@uta.cl
✗ Eduardo Ruiz‐Hitzky: OpenAlex 429 en https://api.openalex.org/works?filter=author.id:A5000434088&per-page=200&select=id,title,publication_year,cited_by_count,fwci,citation_normalized_percentile,open_access,primary_location,primary_topic,authorships&cursor=*&mailto=cris-victoria@uta.cl
✗ J. Alonso: OpenAlex 429 en https://api.openalex.org/works?filter=author.id:A5014039552&per-page=200&select=id,title,publication_year,cited_by_count,fwci,citation_normalized_percentile,open_access,primary_location,primary_topic,authorships&cursor=*&mailto=cris-victoria@uta.cl
✗ David Martínez: OpenAlex 429 en https://api.openalex.org/works?filter=author.id:A5113873939&per-page=200&select=id,title,publication_year,cited_by_count,fwci,citation_normalized_percentile,open_access,primary_location,primary_topic,authorships&cursor=*&mailto=cris-victoria@uta.cl
✗ Trevor Driscoll: OpenAlex 429 en https://api.openalex.org/works?filter=author.id:A5087060867&per-page=200&select=id,title,publication_year,cited_by_count,fwci,citation_normalized_percentile,open_access,primary_location,primary_topic,authorships&cursor=*&mailto=cris-victoria@uta.cl
✗ Mario Moya: OpenAlex 429 en https://api.openalex.org/works?filter=author.id:A5025492682&per-page=200&select=id,title,publication_year,cited_by_count,fwci,citation_normalized_percentile,open_access,primary_location,primary_topic,authorships&cursor=*&mailto=cris-victoria@uta.cl
✗ Ximena Cea: OpenAlex 429 en https://api.openalex.org/works?filter=author.id:A5017847755&per-page=200&select=id,title,publication_year,cited_by_count,fwci,citation_normalized_percentile,open_access,primary_location,primary_topic,authorships&cursor=*&mailto=cris-victoria@uta.cl
✗ Juan Carlos Mamani Morales: OpenAlex 429 en https://api.openalex.org/works?filter=author.id:A5045617083&per-page=200&select=id,title,publication_year,cited_by_count,fwci,citation_normalized_percentile,open_access,primary_location,primary_topic,authorships&cursor=*&mailto=cris-victoria@uta.cl
✗ Elizabeth del Carmen Sánchez Gonzalez: OpenAlex 429 en https://api.openalex.org/works?filter=author.id:A5003675648&per-page=200&select=id,title,publication_year,cited_by_count,fwci,citation_normalized_percentile,open_access,primary_location,primary_topic,authorships&cursor=*&mailto=cris-victoria@uta.cl
✗ Julio Tereucán-Angulo: OpenAlex 429 en https://api.openalex.org/works?filter=author.id:A5080186327&per-page=200&select=id,title,publication_year,cited_by_count,fwci,citation_normalized_percentile,open_access,primary_location,primary_topic,authorships&cursor=*&mailto=cris-victoria@uta.cl
✗ Claudia Miranda‐Castillo: OpenAlex 429 en https://api.openalex.org/works?filter=author.id:A5021575770&per-page=200&select=id,title,publication_year,cited_by_count,fwci,citation_normalized_percentile,open_access,primary_location,primary_topic,authorships&cursor=*&mailto=cris-victoria@uta.cl
✗ Serafín Lemos Giráldez: OpenAlex 429 en https://api.openalex.org/works?filter=author.id:A5083388655&per-page=200&select=id,title,publication_year,cited_by_count,fwci,citation_normalized_percentile,open_access,primary_location,primary_topic,authorships&cursor=*&mailto=cris-victoria@uta.cl
✗ Stephen Morrell: OpenAlex 429 en https://api.openalex.org/works?filter=author.id:A5115007289&per-page=200&select=id,title,publication_year,cited_by_count,fwci,citation_normalized_percentile,open_access,primary_location,primary_topic,authorships&cursor=*&mailto=cris-victoria@uta.cl
✗ Michael Hütel: OpenAlex 429 en https://api.openalex.org/works?filter=author.id:A5041728550&per-page=200&select=id,title,publication_year,cited_by_count,fwci,citation_normalized_percentile,open_access,primary_location,primary_topic,authorships&cursor=*&mailto=cris-victoria@uta.cl
✗ Oeslle Lucena: OpenAlex 429 en https://api.openalex.org/works?filter=author.id:A5035088462&per-page=200&select=id,title,publication_year,cited_by_count,fwci,citation_normalized_percentile,open_access,primary_location,primary_topic,authorships&cursor=*&mailto=cris-victoria@uta.cl
✗ Georgiana Zamfir: OpenAlex 429 en https://api.openalex.org/works?filter=author.id:A5064182641&per-page=200&select=id,title,publication_year,cited_by_count,fwci,citation_normalized_percentile,open_access,primary_location,primary_topic,authorships&cursor=*&mailto=cris-victoria@uta.cl
✗ Sophia R. O’Brien: OpenAlex 429 en https://api.openalex.org/works?filter=author.id:A5005875563&per-page=200&select=id,title,publication_year,cited_by_count,fwci,citation_normalized_percentile,open_access,primary_location,primary_topic,authorships&cursor=*&mailto=cris-victoria@uta.cl
✗ Elizabeth S. McDonald: OpenAlex 429 en https://api.openalex.org/works?filter=author.id:A5058222130&per-page=200&select=id,title,publication_year,cited_by_count,fwci,citation_normalized_percentile,open_access,primary_location,primary_topic,authorships&cursor=*&mailto=cris-victoria@uta.cl
✗ Samantha P. Zuckerman: OpenAlex 429 en https://api.openalex.org/works?filter=author.id:A5088774798&per-page=200&select=id,title,publication_year,cited_by_count,fwci,citation_normalized_percentile,open_access,primary_location,primary_topic,authorships&cursor=*&mailto=cris-victoria@uta.cl
✗ John R. Scheel: OpenAlex 429 en https://api.openalex.org/works?filter=author.id:A5036326492&per-page=200&select=id,title,publication_year,cited_by_count,fwci,citation_normalized_percentile,open_access,primary_location,primary_topic,authorships&cursor=*&mailto=cris-victoria@uta.cl
✗ Anna Metafa: OpenAlex 429 en https://api.openalex.org/works?filter=author.id:A5061530436&per-page=200&select=id,title,publication_year,cited_by_count,fwci,citation_normalized_percentile,open_access,primary_location,primary_topic,authorships&cursor=*&mailto=cris-victoria@uta.cl
✗ Nisha Sharma: OpenAlex 429 en https://api.openalex.org/works?filter=author.id:A5100725551&per-page=200&select=id,title,publication_year,cited_by_count,fwci,citation_normalized_percentile,open_access,primary_location,primary_topic,authorships&cursor=*&mailto=cris-victoria@uta.cl
✗ Sébastien Ourselin: OpenAlex 429 en https://api.openalex.org/works?filter=author.id:A5082106258&per-page=200&select=id,title,publication_year,cited_by_count,fwci,citation_normalized_percentile,open_access,primary_location,primary_topic,authorships&cursor=*&mailto=cris-victoria@uta.cl
✗ Jorge Cardoso: OpenAlex 429 en https://api.openalex.org/works?filter=author.id:A5104015721&per-page=200&select=id,title,publication_year,cited_by_count,fwci,citation_normalized_percentile,open_access,primary_location,primary_topic,authorships&cursor=*&mailto=cris-victoria@uta.cl
✗ Keshthra Satchithananda: OpenAlex 429 en https://api.openalex.org/works?filter=author.id:A5001262275&per-page=200&select=id,title,publication_year,cited_by_count,fwci,citation_normalized_percentile,open_access,primary_location,primary_topic,authorships&cursor=*&mailto=cris-victoria@uta.cl
✗ Emily F. Conant: OpenAlex 429 en https://api.openalex.org/works?filter=author.id:A5066912051&per-page=200&select=id,title,publication_year,cited_by_count,fwci,citation_normalized_percentile,open_access,primary_location,primary_topic,authorships&cursor=*&mailto=cris-victoria@uta.cl
✗ Eduardo Alejandro Velásquez Parraguez: OpenAlex 429 en https://api.openalex.org/works?filter=author.id:A5020398166&per-page=200&select=id,title,publication_year,cited_by_count,fwci,citation_normalized_percentile,open_access,primary_location,primary_topic,authorships&cursor=*&mailto=cris-victoria@uta.cl
✗ Mar Duran-Bellonch: OpenAlex 429 en https://api.openalex.org/works?filter=author.id:A5100749634&per-page=200&select=id,title,publication_year,cited_by_count,fwci,citation_normalized_percentile,open_access,primary_location,primary_topic,authorships&cursor=*&mailto=cris-victoria@uta.cl
✗ Sara Joiko: OpenAlex 429 en https://api.openalex.org/works?filter=author.id:A5056103748&per-page=200&select=id,title,publication_year,cited_by_count,fwci,citation_normalized_percentile,open_access,primary_location,primary_topic,authorships&cursor=*&mailto=cris-victoria@uta.cl
✗ Marjorie Tovar-Correal: OpenAlex 429 en https://api.openalex.org/works?filter=author.id:A5075400490&per-page=200&select=id,title,publication_year,cited_by_count,fwci,citation_normalized_percentile,open_access,primary_location,primary_topic,authorships&cursor=*&mailto=cris-victoria@uta.cl
✗ Marcos Sepúlveda: OpenAlex 429 en https://api.openalex.org/works?filter=author.id:A5032619409&per-page=200&select=id,title,publication_year,cited_by_count,fwci,citation_normalized_percentile,open_access,primary_location,primary_topic,authorships&cursor=*&mailto=cris-victoria@uta.cl
✗ Jorge Muñoz-Gama: OpenAlex 429 en https://api.openalex.org/works?filter=author.id:A5013269574&per-page=200&select=id,title,publication_year,cited_by_count,fwci,citation_normalized_percentile,open_access,primary_location,primary_topic,authorships&cursor=*&mailto=cris-victoria@uta.cl
✗ Joos C. A. M. Buijs: OpenAlex 429 en https://api.openalex.org/works?filter=author.id:A5052557901&per-page=200&select=id,title,publication_year,cited_by_count,fwci,citation_normalized_percentile,open_access,primary_location,primary_topic,authorships&cursor=*&mailto=cris-victoria@uta.cl
✗ Álvaro T. Palma: OpenAlex 429 en https://api.openalex.org/works?filter=author.id:A5101696228&per-page=200&select=id,title,publication_year,cited_by_count,fwci,citation_normalized_percentile,open_access,primary_location,primary_topic,authorships&cursor=*&mailto=cris-victoria@uta.cl
✗ Aleksandar Poleksić: OpenAlex 429 en https://api.openalex.org/works?filter=author.id:A5046539917&per-page=200&select=id,title,publication_year,cited_by_count,fwci,citation_normalized_percentile,open_access,primary_location,primary_topic,authorships&cursor=*&mailto=cris-victoria@uta.cl
✗ Héctor Valdés-González: OpenAlex 429 en https://api.openalex.org/works?filter=author.id:A5017960190&per-page=200&select=id,title,publication_year,cited_by_count,fwci,citation_normalized_percentile,open_access,primary_location,primary_topic,authorships&cursor=*&mailto=cris-victoria@uta.cl
✗ Ana M. Cabanas: OpenAlex 429 en https://api.openalex.org/works?filter=author.id:A5057237233&per-page=200&select=id,title,publication_year,cited_by_count,fwci,citation_normalized_percentile,open_access,primary_location,primary_topic,authorships&cursor=*&mailto=cris-victoria@uta.cl
✗ Luís Araya-Castillo: OpenAlex 429 en https://api.openalex.org/works?filter=author.id:A5071441854&per-page=200&select=id,title,publication_year,cited_by_count,fwci,citation_normalized_percentile,open_access,primary_location,primary_topic,authorships&cursor=*&mailto=cris-victoria@uta.cl
✗ Katherine Restrepo Quintero: OpenAlex 429 en https://api.openalex.org/works?filter=author.id:A5101672335&per-page=200&select=id,title,publication_year,cited_by_count,fwci,citation_normalized_percentile,open_access,primary_location,primary_topic,authorships&cursor=*&mailto=cris-victoria@uta.cl
✗ José Ricardo Vera Garnica: OpenAlex 429 en https://api.openalex.org/works?filter=author.id:A5077337106&per-page=200&select=id,title,publication_year,cited_by_count,fwci,citation_normalized_percentile,open_access,primary_location,primary_topic,authorships&cursor=*&mailto=cris-victoria@uta.cl
✗ Juan Castillo: OpenAlex 429 en https://api.openalex.org/works?filter=author.id:A5101935093&per-page=200&select=id,title,publication_year,cited_by_count,fwci,citation_normalized_percentile,open_access,primary_location,primary_topic,authorships&cursor=*&mailto=cris-victoria@uta.cl
✗ Diego Aragón‐Caqueo: OpenAlex 429 en https://api.openalex.org/works?filter=author.id:A5045527825&per-page=200&select=id,title,publication_year,cited_by_count,fwci,citation_normalized_percentile,open_access,primary_location,primary_topic,authorships&cursor=*&mailto=cris-victoria@uta.cl
✗ Javier Fernández‐Salinas: OpenAlex 429 en https://api.openalex.org/works?filter=author.id:A5001555015&per-page=200&select=id,title,publication_year,cited_by_count,fwci,citation_normalized_percentile,open_access,primary_location,primary_topic,authorships&cursor=*&mailto=cris-victoria@uta.cl
✗ Elizabeth Flores Ferro: OpenAlex 429 en https://api.openalex.org/works?filter=author.id:A5012872102&per-page=200&select=id,title,publication_year,cited_by_count,fwci,citation_normalized_percentile,open_access,primary_location,primary_topic,authorships&cursor=*&mailto=cris-victoria@uta.cl
✗ Fernando Maureira Cid: OpenAlex 429 en https://api.openalex.org/works?filter=author.id:A5067931683&per-page=200&select=id,title,publication_year,cited_by_count,fwci,citation_normalized_percentile,open_access,primary_location,primary_topic,authorships&cursor=*&mailto=cris-victoria@uta.cl
✗ Ángela Silva-Salse: OpenAlex 429 en https://api.openalex.org/works?filter=author.id:A5091048859&per-page=200&select=id,title,publication_year,cited_by_count,fwci,citation_normalized_percentile,open_access,primary_location,primary_topic,authorships&cursor=*&mailto=cris-victoria@uta.cl
✗ Alexis Matheu Pérez: OpenAlex 429 en https://api.openalex.org/works?filter=author.id:A5060574705&per-page=200&select=id,title,publication_year,cited_by_count,fwci,citation_normalized_percentile,open_access,primary_location,primary_topic,authorships&cursor=*&mailto=cris-victoria@uta.cl
✗ Braulio Navarro‒Aburto: OpenAlex 429 en https://api.openalex.org/works?filter=author.id:A5062905503&per-page=200&select=id,title,publication_year,cited_by_count,fwci,citation_normalized_percentile,open_access,primary_location,primary_topic,authorships&cursor=*&mailto=cris-victoria@uta.cl
✗ Esteban Aedo–Muñoz: OpenAlex 429 en https://api.openalex.org/works?filter=author.id:A5047630886&per-page=200&select=id,title,publication_year,cited_by_count,fwci,citation_normalized_percentile,open_access,primary_location,primary_topic,authorships&cursor=*&mailto=cris-victoria@uta.cl
✗ Sebastián Peña-Troncoso: OpenAlex 429 en https://api.openalex.org/works?filter=author.id:A5058302191&per-page=200&select=id,title,publication_year,cited_by_count,fwci,citation_normalized_percentile,open_access,primary_location,primary_topic,authorships&cursor=*&mailto=cris-victoria@uta.cl
✗ Daniel Serey Araneda: OpenAlex 429 en https://api.openalex.org/works?filter=author.id:A5072764028&per-page=200&select=id,title,publication_year,cited_by_count,fwci,citation_normalized_percentile,open_access,primary_location,primary_topic,authorships&cursor=*&mailto=cris-victoria@uta.cl
✗ Pablo Vera-Villarroel: OpenAlex 429 en https://api.openalex.org/works?filter=author.id:A5062363319&per-page=200&select=id,title,publication_year,cited_by_count,fwci,citation_normalized_percentile,open_access,primary_location,primary_topic,authorships&cursor=*&mailto=cris-victoria@uta.cl
✗ Ester Villalonga-Olives: OpenAlex 429 en https://api.openalex.org/works?filter=author.id:A5061971829&per-page=200&select=id,title,publication_year,cited_by_count,fwci,citation_normalized_percentile,open_access,primary_location,primary_topic,authorships&cursor=*&mailto=cris-victoria@uta.cl
✗ Diego Atencio‐Quevedo: OpenAlex 429 en https://api.openalex.org/works?filter=author.id:A5016127040&per-page=200&select=id,title,publication_year,cited_by_count,fwci,citation_normalized_percentile,open_access,primary_location,primary_topic,authorships&cursor=*&mailto=cris-victoria@uta.cl
✗ Cristián Ramírez: OpenAlex 429 en https://api.openalex.org/works?filter=author.id:A5009486892&per-page=200&select=id,title,publication_year,cited_by_count,fwci,citation_normalized_percentile,open_access,primary_location,primary_topic,authorships&cursor=*&mailto=cris-victoria@uta.cl
✗ Marigen Narea: OpenAlex 429 en https://api.openalex.org/works?filter=author.id:A5058940314&per-page=200&select=id,title,publication_year,cited_by_count,fwci,citation_normalized_percentile,open_access,primary_location,primary_topic,authorships&cursor=*&mailto=cris-victoria@uta.cl
✗ Raúl Berríos: OpenAlex 429 en https://api.openalex.org/works?filter=author.id:A5075170717&per-page=200&select=id,title,publication_year,cited_by_count,fwci,citation_normalized_percentile,open_access,primary_location,primary_topic,authorships&cursor=*&mailto=cris-victoria@uta.cl
✗ Lorena Ortega: OpenAlex 429 en https://api.openalex.org/works?filter=author.id:A5066417990&per-page=200&select=id,title,publication_year,cited_by_count,fwci,citation_normalized_percentile,open_access,primary_location,primary_topic,authorships&cursor=*&mailto=cris-victoria@uta.cl
✗ Matías Montero: OpenAlex 429 en https://api.openalex.org/works?filter=author.id:A5081462905&per-page=200&select=id,title,publication_year,cited_by_count,fwci,citation_normalized_percentile,open_access,primary_location,primary_topic,authorships&cursor=*&mailto=cris-victoria@uta.cl
✗ Diego Palacios: OpenAlex 429 en https://api.openalex.org/works?filter=author.id:A5101679318&per-page=200&select=id,title,publication_year,cited_by_count,fwci,citation_normalized_percentile,open_access,primary_location,primary_topic,authorships&cursor=*&mailto=cris-victoria@uta.cl
✗ Benoît Castandet: OpenAlex 429 en https://api.openalex.org/works?filter=author.id:A5086854336&per-page=200&select=id,title,publication_year,cited_by_count,fwci,citation_normalized_percentile,open_access,primary_location,primary_topic,authorships&cursor=*&mailto=cris-victoria@uta.cl
✗ Michel Hernould: OpenAlex 429 en https://api.openalex.org/works?filter=author.id:A5047354897&per-page=200&select=id,title,publication_year,cited_by_count,fwci,citation_normalized_percentile,open_access,primary_location,primary_topic,authorships&cursor=*&mailto=cris-victoria@uta.cl
✗ Suharsono Suharsono: OpenAlex 429 en https://api.openalex.org/works?filter=author.id:A5110968981&per-page=200&select=id,title,publication_year,cited_by_count,fwci,citation_normalized_percentile,open_access,primary_location,primary_topic,authorships&cursor=*&mailto=cris-victoria@uta.cl
✗ Jean Franco Daponte: OpenAlex 429 en https://api.openalex.org/works?filter=author.id:A5007562666&per-page=200&select=id,title,publication_year,cited_by_count,fwci,citation_normalized_percentile,open_access,primary_location,primary_topic,authorships&cursor=*&mailto=cris-victoria@uta.cl
✗ Germán Morong Reyes: OpenAlex 429 en https://api.openalex.org/works?filter=author.id:A5081612327&per-page=200&select=id,title,publication_year,cited_by_count,fwci,citation_normalized_percentile,open_access,primary_location,primary_topic,authorships&cursor=*&mailto=cris-victoria@uta.cl
✗ Dáilet Fredes Collarte: OpenAlex 429 en https://api.openalex.org/works?filter=author.id:A5032100657&per-page=200&select=id,title,publication_year,cited_by_count,fwci,citation_normalized_percentile,open_access,primary_location,primary_topic,authorships&cursor=*&mailto=cris-victoria@uta.cl
✗ Macarena Bonhomme: OpenAlex 429 en https://api.openalex.org/works?filter=author.id:A5006966594&per-page=200&select=id,title,publication_year,cited_by_count,fwci,citation_normalized_percentile,open_access,primary_location,primary_topic,authorships&cursor=*&mailto=cris-victoria@uta.cl
✗ Aline Bravo: OpenAlex 429 en https://api.openalex.org/works?filter=author.id:A5020374941&per-page=200&select=id,title,publication_year,cited_by_count,fwci,citation_normalized_percentile,open_access,primary_location,primary_topic,authorships&cursor=*&mailto=cris-victoria@uta.cl
✗ Gustavo Macaya-Aguirre: OpenAlex 429 en https://api.openalex.org/works?filter=author.id:A5041463363&per-page=200&select=id,title,publication_year,cited_by_count,fwci,citation_normalized_percentile,open_access,primary_location,primary_topic,authorships&cursor=*&mailto=cris-victoria@uta.cl
✗ Báltica Cabieses: OpenAlex 429 en https://api.openalex.org/works?filter=author.id:A5073897584&per-page=200&select=id,title,publication_year,cited_by_count,fwci,citation_normalized_percentile,open_access,primary_location,primary_topic,authorships&cursor=*&mailto=cris-victoria@uta.cl
✗ Alice Blukacz: OpenAlex 429 en https://api.openalex.org/works?filter=author.id:A5060770884&per-page=200&select=id,title,publication_year,cited_by_count,fwci,citation_normalized_percentile,open_access,primary_location,primary_topic,authorships&cursor=*&mailto=cris-victoria@uta.cl
✗ Pablo Mardones: OpenAlex 429 en https://api.openalex.org/works?filter=author.id:A5043392602&per-page=200&select=id,title,publication_year,cited_by_count,fwci,citation_normalized_percentile,open_access,primary_location,primary_topic,authorships&cursor=*&mailto=cris-victoria@uta.cl
✗ Esteban Nazal: OpenAlex 429 en https://api.openalex.org/works?filter=author.id:A5044253570&per-page=200&select=id,title,publication_year,cited_by_count,fwci,citation_normalized_percentile,open_access,primary_location,primary_topic,authorships&cursor=*&mailto=cris-victoria@uta.cl
✗ Lina Magalhães: OpenAlex 429 en https://api.openalex.org/works?filter=author.id:A5074036131&per-page=200&select=id,title,publication_year,cited_by_count,fwci,citation_normalized_percentile,open_access,primary_location,primary_topic,authorships&cursor=*&mailto=cris-victoria@uta.cl
✗ Axel Hausmann: OpenAlex 429 en https://api.openalex.org/works?filter=author.id:A5046932440&per-page=200&select=id,title,publication_year,cited_by_count,fwci,citation_normalized_percentile,open_access,primary_location,primary_topic,authorships&cursor=*&mailto=cris-victoria@uta.cl
✗ Carlos O. Esquivel: OpenAlex 429 en https://api.openalex.org/works?filter=author.id:A5009118263&per-page=200&select=id,title,publication_year,cited_by_count,fwci,citation_normalized_percentile,open_access,primary_location,primary_topic,authorships&cursor=*&mailto=cris-victoria@uta.cl
✗ K.E. Giller: OpenAlex 429 en https://api.openalex.org/works?filter=author.id:A5077023973&per-page=200&select=id,title,publication_year,cited_by_count,fwci,citation_normalized_percentile,open_access,primary_location,primary_topic,authorships&cursor=*&mailto=cris-victoria@uta.cl
✗ Donald R. Davis: OpenAlex 429 en https://api.openalex.org/works?filter=author.id:A5047027778&per-page=200&select=id,title,publication_year,cited_by_count,fwci,citation_normalized_percentile,open_access,primary_location,primary_topic,authorships&cursor=*&mailto=cris-victoria@uta.cl
✗ Bernard Landry: OpenAlex 429 en https://api.openalex.org/works?filter=author.id:A5070997255&per-page=200&select=id,title,publication_year,cited_by_count,fwci,citation_normalized_percentile,open_access,primary_location,primary_topic,authorships&cursor=*&mailto=cris-victoria@uta.cl
✗ Pietro Pollo: OpenAlex 429 en https://api.openalex.org/works?filter=author.id:A5042690840&per-page=200&select=id,title,publication_year,cited_by_count,fwci,citation_normalized_percentile,open_access,primary_location,primary_topic,authorships&cursor=*&mailto=cris-victoria@uta.cl
✗ Galder Kortaberría: OpenAlex 429 en https://api.openalex.org/works?filter=author.id:A5071491074&per-page=200&select=id,title,publication_year,cited_by_count,fwci,citation_normalized_percentile,open_access,primary_location,primary_topic,authorships&cursor=*&mailto=cris-victoria@uta.cl
✗ Arantxa Eceiza: OpenAlex 429 en https://api.openalex.org/works?filter=author.id:A5016205715&per-page=200&select=id,title,publication_year,cited_by_count,fwci,citation_normalized_percentile,open_access,primary_location,primary_topic,authorships&cursor=*&mailto=cris-victoria@uta.cl
✗ Gino I. Montecinos: OpenAlex 429 en https://api.openalex.org/works?filter=author.id:A5048689317&per-page=200&select=id,title,publication_year,cited_by_count,fwci,citation_normalized_percentile,open_access,primary_location,primary_topic,authorships&cursor=*&mailto=cris-victoria@uta.cl
✗ Bok Jik Lee: OpenAlex 429 en https://api.openalex.org/works?filter=author.id:A5015944112&per-page=200&select=id,title,publication_year,cited_by_count,fwci,citation_normalized_percentile,open_access,primary_location,primary_topic,authorships&cursor=*&mailto=cris-victoria@uta.cl
✗ Walter Boscheri: OpenAlex 429 en https://api.openalex.org/works?filter=author.id:A5062552716&per-page=200&select=id,title,publication_year,cited_by_count,fwci,citation_normalized_percentile,open_access,primary_location,primary_topic,authorships&cursor=*&mailto=cris-victoria@uta.cl
✗ Maurizio Tavelli: OpenAlex 429 en https://api.openalex.org/works?filter=author.id:A5050274590&per-page=200&select=id,title,publication_year,cited_by_count,fwci,citation_normalized_percentile,open_access,primary_location,primary_topic,authorships&cursor=*&mailto=cris-victoria@uta.cl
✗ Nicole Beisiegel: OpenAlex 429 en https://api.openalex.org/works?filter=author.id:A5043096089&per-page=200&select=id,title,publication_year,cited_by_count,fwci,citation_normalized_percentile,open_access,primary_location,primary_topic,authorships&cursor=*&mailto=cris-victoria@uta.cl
✗ Angela Flores: OpenAlex 429 en https://api.openalex.org/works?filter=author.id:A5113557565&per-page=200&select=id,title,publication_year,cited_by_count,fwci,citation_normalized_percentile,open_access,primary_location,primary_topic,authorships&cursor=*&mailto=cris-victoria@uta.cl
✗ Soledad Burgos: OpenAlex 429 en https://api.openalex.org/works?filter=author.id:A5035181414&per-page=200&select=id,title,publication_year,cited_by_count,fwci,citation_normalized_percentile,open_access,primary_location,primary_topic,authorships&cursor=*&mailto=cris-victoria@uta.cl
✗ Dante Cáceres: OpenAlex 429 en https://api.openalex.org/works?filter=author.id:A5074917201&per-page=200&select=id,title,publication_year,cited_by_count,fwci,citation_normalized_percentile,open_access,primary_location,primary_topic,authorships&cursor=*&mailto=cris-victoria@uta.cl
✗ Verónica Iglesias: OpenAlex 429 en https://api.openalex.org/works?filter=author.id:A5088601256&per-page=200&select=id,title,publication_year,cited_by_count,fwci,citation_normalized_percentile,open_access,primary_location,primary_topic,authorships&cursor=*&mailto=cris-victoria@uta.cl
✗ Natalie Figueredo-Borda: OpenAlex 429 en https://api.openalex.org/works?filter=author.id:A5010574521&per-page=200&select=id,title,publication_year,cited_by_count,fwci,citation_normalized_percentile,open_access,primary_location,primary_topic,authorships&cursor=*&mailto=cris-victoria@uta.cl
✗ Mauricio Marín-Gutiérrez: OpenAlex 429 en https://api.openalex.org/works?filter=author.id:A5040191971&per-page=200&select=id,title,publication_year,cited_by_count,fwci,citation_normalized_percentile,open_access,primary_location,primary_topic,authorships&cursor=*&mailto=cris-victoria@uta.cl
✗ Cláudia Moura de Melo: OpenAlex 429 en https://api.openalex.org/works?filter=author.id:A5058732727&per-page=200&select=id,title,publication_year,cited_by_count,fwci,citation_normalized_percentile,open_access,primary_location,primary_topic,authorships&cursor=*&mailto=cris-victoria@uta.cl
✗ Maribel Vega-Arce: OpenAlex 429 en https://api.openalex.org/works?filter=author.id:A5079227450&per-page=200&select=id,title,publication_year,cited_by_count,fwci,citation_normalized_percentile,open_access,primary_location,primary_topic,authorships&cursor=*&mailto=cris-victoria@uta.cl
✗ Gonzalo Salas: OpenAlex 429 en https://api.openalex.org/works?filter=author.id:A5012377964&per-page=200&select=id,title,publication_year,cited_by_count,fwci,citation_normalized_percentile,open_access,primary_location,primary_topic,authorships&cursor=*&mailto=cris-victoria@uta.cl
✗ Gastón Núñez-Ulloa: OpenAlex 429 en https://api.openalex.org/works?filter=author.id:A5003995902&per-page=200&select=id,title,publication_year,cited_by_count,fwci,citation_normalized_percentile,open_access,primary_location,primary_topic,authorships&cursor=*&mailto=cris-victoria@uta.cl
✗ Manuel Serra: OpenAlex 429 en https://api.openalex.org/works?filter=author.id:A5021276516&per-page=200&select=id,title,publication_year,cited_by_count,fwci,citation_normalized_percentile,open_access,primary_location,primary_topic,authorships&cursor=*&mailto=cris-victoria@uta.cl
✗ Volker Wennrich: OpenAlex 429 en https://api.openalex.org/works?filter=author.id:A5086711128&per-page=200&select=id,title,publication_year,cited_by_count,fwci,citation_normalized_percentile,open_access,primary_location,primary_topic,authorships&cursor=*&mailto=cris-victoria@uta.cl
✗ Camila López‐Allendes: OpenAlex 429 en https://api.openalex.org/works?filter=author.id:A5037484759&per-page=200&select=id,title,publication_year,cited_by_count,fwci,citation_normalized_percentile,open_access,primary_location,primary_topic,authorships&cursor=*&mailto=cris-victoria@uta.cl
✗ Ignacio García: OpenAlex 429 en https://api.openalex.org/works?filter=author.id:A5101657055&per-page=200&select=id,title,publication_year,cited_by_count,fwci,citation_normalized_percentile,open_access,primary_location,primary_topic,authorships&cursor=*&mailto=cris-victoria@uta.cl
✗ Abraham Flores-Varas: OpenAlex 429 en https://api.openalex.org/works?filter=author.id:A5009374447&per-page=200&select=id,title,publication_year,cited_by_count,fwci,citation_normalized_percentile,open_access,primary_location,primary_topic,authorships&cursor=*&mailto=cris-victoria@uta.cl
✗ Joseline Tapia: OpenAlex 429 en https://api.openalex.org/works?filter=author.id:A5032168497&per-page=200&select=id,title,publication_year,cited_by_count,fwci,citation_normalized_percentile,open_access,primary_location,primary_topic,authorships&cursor=*&mailto=cris-victoria@uta.cl
✗ Coral Pardo-Esté: OpenAlex 429 en https://api.openalex.org/works?filter=author.id:A5061344799&per-page=200&select=id,title,publication_year,cited_by_count,fwci,citation_normalized_percentile,open_access,primary_location,primary_topic,authorships&cursor=*&mailto=cris-victoria@uta.cl
✗ Juan Castro‐Severyn: OpenAlex 429 en https://api.openalex.org/works?filter=author.id:A5001130803&per-page=200&select=id,title,publication_year,cited_by_count,fwci,citation_normalized_percentile,open_access,primary_location,primary_topic,authorships&cursor=*&mailto=cris-victoria@uta.cl
✗ Francisco Remonsellez: OpenAlex 429 en https://api.openalex.org/works?filter=author.id:A5088420682&per-page=200&select=id,title,publication_year,cited_by_count,fwci,citation_normalized_percentile,open_access,primary_location,primary_topic,authorships&cursor=*&mailto=cris-victoria@uta.cl
✗ Natalí Fernández: OpenAlex 429 en https://api.openalex.org/works?filter=author.id:A5026124276&per-page=200&select=id,title,publication_year,cited_by_count,fwci,citation_normalized_percentile,open_access,primary_location,primary_topic,authorships&cursor=*&mailto=cris-victoria@uta.cl
✗ Màrius Domínguez Amorós: OpenAlex 429 en https://api.openalex.org/works?filter=author.id:A5076951112&per-page=200&select=id,title,publication_year,cited_by_count,fwci,citation_normalized_percentile,open_access,primary_location,primary_topic,authorships&cursor=*&mailto=cris-victoria@uta.cl
✗ Sònia Parella Rubio: OpenAlex 429 en https://api.openalex.org/works?filter=author.id:A5049624681&per-page=200&select=id,title,publication_year,cited_by_count,fwci,citation_normalized_percentile,open_access,primary_location,primary_topic,authorships&cursor=*&mailto=cris-victoria@uta.cl
✗ Carolina Hernández: OpenAlex 429 en https://api.openalex.org/works?filter=author.id:A5061373671&per-page=200&select=id,title,publication_year,cited_by_count,fwci,citation_normalized_percentile,open_access,primary_location,primary_topic,authorships&cursor=*&mailto=cris-victoria@uta.cl
✗ Víctor Hidalgo: OpenAlex 429 en https://api.openalex.org/works?filter=author.id:A5010255564&per-page=200&select=id,title,publication_year,cited_by_count,fwci,citation_normalized_percentile,open_access,primary_location,primary_topic,authorships&cursor=*&mailto=cris-victoria@uta.cl
✗ Julieta Belmar Prieto: OpenAlex 429 en https://api.openalex.org/works?filter=author.id:A5017538163&per-page=200&select=id,title,publication_year,cited_by_count,fwci,citation_normalized_percentile,open_access,primary_location,primary_topic,authorships&cursor=*&mailto=cris-victoria@uta.cl
✗ Manuel Méndez: OpenAlex 429 en https://api.openalex.org/works?filter=author.id:A5010057185&per-page=200&select=id,title,publication_year,cited_by_count,fwci,citation_normalized_percentile,open_access,primary_location,primary_topic,authorships&cursor=*&mailto=cris-victoria@uta.cl
✗ Xurxo M. Ayán Vila: OpenAlex 429 en https://api.openalex.org/works?filter=author.id:A5086249634&per-page=200&select=id,title,publication_year,cited_by_count,fwci,citation_normalized_percentile,open_access,primary_location,primary_topic,authorships&cursor=*&mailto=cris-victoria@uta.cl
✗ Adriana Aránguiz‐Acuña: OpenAlex 429 en https://api.openalex.org/works?filter=author.id:A5059508486&per-page=200&select=id,title,publication_year,cited_by_count,fwci,citation_normalized_percentile,open_access,primary_location,primary_topic,authorships&cursor=*&mailto=cris-victoria@uta.cl
✗ Rodrigo Loyola: OpenAlex 429 en https://api.openalex.org/works?filter=author.id:A5055891086&per-page=200&select=id,title,publication_year,cited_by_count,fwci,citation_normalized_percentile,open_access,primary_location,primary_topic,authorships&cursor=*&mailto=cris-victoria@uta.cl
✗ Valentina Figueroa: OpenAlex 429 en https://api.openalex.org/works?filter=author.id:A5018299940&per-page=200&select=id,title,publication_year,cited_by_count,fwci,citation_normalized_percentile,open_access,primary_location,primary_topic,authorships&cursor=*&mailto=cris-victoria@uta.cl
✗ Yasna Contreras: OpenAlex 429 en https://api.openalex.org/works?filter=author.id:A5076182606&per-page=200&select=id,title,publication_year,cited_by_count,fwci,citation_normalized_percentile,open_access,primary_location,primary_topic,authorships&cursor=*&mailto=cris-victoria@uta.cl
✗ Mileska Romero: OpenAlex 429 en https://api.openalex.org/works?filter=author.id:A5086660329&per-page=200&select=id,title,publication_year,cited_by_count,fwci,citation_normalized_percentile,open_access,primary_location,primary_topic,authorships&cursor=*&mailto=cris-victoria@uta.cl
✗ Sius-geng Salinas: OpenAlex 429 en https://api.openalex.org/works?filter=author.id:A5023788260&per-page=200&select=id,title,publication_year,cited_by_count,fwci,citation_normalized_percentile,open_access,primary_location,primary_topic,authorships&cursor=*&mailto=cris-victoria@uta.cl
✗ Karen Veloso: OpenAlex 429 en https://api.openalex.org/works?filter=author.id:A5083058507&per-page=200&select=id,title,publication_year,cited_by_count,fwci,citation_normalized_percentile,open_access,primary_location,primary_topic,authorships&cursor=*&mailto=cris-victoria@uta.cl
✗ Marioly Corona Ramírez: OpenAlex 429 en https://api.openalex.org/works?filter=author.id:A5009151059&per-page=200&select=id,title,publication_year,cited_by_count,fwci,citation_normalized_percentile,open_access,primary_location,primary_topic,authorships&cursor=*&mailto=cris-victoria@uta.cl
✗ Camila Álvarez Torres: OpenAlex 429 en https://api.openalex.org/works?filter=author.id:A5036320581&per-page=200&select=id,title,publication_year,cited_by_count,fwci,citation_normalized_percentile,open_access,primary_location,primary_topic,authorships&cursor=*&mailto=cris-victoria@uta.cl
✗ Lauren Carruth: OpenAlex 429 en https://api.openalex.org/works?filter=author.id:A5091741908&per-page=200&select=id,title,publication_year,cited_by_count,fwci,citation_normalized_percentile,open_access,primary_location,primary_topic,authorships&cursor=*&mailto=cris-victoria@uta.cl
✗ Carlos Ruiz Martínez: OpenAlex 429 en https://api.openalex.org/works?filter=author.id:A5080319387&per-page=200&select=id,title,publication_year,cited_by_count,fwci,citation_normalized_percentile,open_access,primary_location,primary_topic,authorships&cursor=*&mailto=cris-victoria@uta.cl
✗ Lahra Smith: OpenAlex 429 en https://api.openalex.org/works?filter=author.id:A5028678979&per-page=200&select=id,title,publication_year,cited_by_count,fwci,citation_normalized_percentile,open_access,primary_location,primary_topic,authorships&cursor=*&mailto=cris-victoria@uta.cl
✗ Katharine M. Donato: OpenAlex 429 en https://api.openalex.org/works?filter=author.id:A5065491498&per-page=200&select=id,title,publication_year,cited_by_count,fwci,citation_normalized_percentile,open_access,primary_location,primary_topic,authorships&cursor=*&mailto=cris-victoria@uta.cl
✗ Michael Harvey: OpenAlex 429 en https://api.openalex.org/works?filter=author.id:A5059760091&per-page=200&select=id,title,publication_year,cited_by_count,fwci,citation_normalized_percentile,open_access,primary_location,primary_topic,authorships&cursor=*&mailto=cris-victoria@uta.cl
✗ Michelle Morse: OpenAlex 429 en https://api.openalex.org/works?filter=author.id:A5088209504&per-page=200&select=id,title,publication_year,cited_by_count,fwci,citation_normalized_percentile,open_access,primary_location,primary_topic,authorships&cursor=*&mailto=cris-victoria@uta.cl
✗ Joel Ferrall: OpenAlex 429 en https://api.openalex.org/works?filter=author.id:A5089797255&per-page=200&select=id,title,publication_year,cited_by_count,fwci,citation_normalized_percentile,open_access,primary_location,primary_topic,authorships&cursor=*&mailto=cris-victoria@uta.cl
✗ Kavya Nambiar: OpenAlex 429 en https://api.openalex.org/works?filter=author.id:A5064735320&per-page=200&select=id,title,publication_year,cited_by_count,fwci,citation_normalized_percentile,open_access,primary_location,primary_topic,authorships&cursor=*&mailto=cris-victoria@uta.cl
✗ Ángel Martínez Hernáez: OpenAlex 429 en https://api.openalex.org/works?filter=author.id:A5090222708&per-page=200&select=id,title,publication_year,cited_by_count,fwci,citation_normalized_percentile,open_access,primary_location,primary_topic,authorships&cursor=*&mailto=cris-victoria@uta.cl
✗ Alan Rodríguez Valdivia: OpenAlex 429 en https://api.openalex.org/works?filter=author.id:A5017975493&per-page=200&select=id,title,publication_year,cited_by_count,fwci,citation_normalized_percentile,open_access,primary_location,primary_topic,authorships&cursor=*&mailto=cris-victoria@uta.cl
✗ Stella Juste: OpenAlex 429 en https://api.openalex.org/works?filter=author.id:A5044119060&per-page=200&select=id,title,publication_year,cited_by_count,fwci,citation_normalized_percentile,open_access,primary_location,primary_topic,authorships&cursor=*&mailto=cris-victoria@uta.cl
✗ Sergio González Miranda: OpenAlex 429 en https://api.openalex.org/works?filter=author.id:A5029309979&per-page=200&select=id,title,publication_year,cited_by_count,fwci,citation_normalized_percentile,open_access,primary_location,primary_topic,authorships&cursor=*&mailto=cris-victoria@uta.cl
✗ Mariano Álvarez: OpenAlex 429 en https://api.openalex.org/works?filter=author.id:A5086999976&per-page=200&select=id,title,publication_year,cited_by_count,fwci,citation_normalized_percentile,open_access,primary_location,primary_topic,authorships&cursor=*&mailto=cris-victoria@uta.cl
✗ José Luis Gálvez-Nieto: OpenAlex 429 en https://api.openalex.org/works?filter=author.id:A5043262349&per-page=200&select=id,title,publication_year,cited_by_count,fwci,citation_normalized_percentile,open_access,primary_location,primary_topic,authorships&cursor=*&mailto=cris-victoria@uta.cl
✗ Héctor Mora Nawrath: OpenAlex 429 en https://api.openalex.org/works?filter=author.id:A5088773680&per-page=200&select=id,title,publication_year,cited_by_count,fwci,citation_normalized_percentile,open_access,primary_location,primary_topic,authorships&cursor=*&mailto=cris-victoria@uta.cl
✗ Pedro R. Gil‐Monte: OpenAlex 429 en https://api.openalex.org/works?filter=author.id:A5043886790&per-page=200&select=id,title,publication_year,cited_by_count,fwci,citation_normalized_percentile,open_access,primary_location,primary_topic,authorships&cursor=*&mailto=cris-victoria@uta.cl
✗ Hugo Figueiredo‐Ferraz: OpenAlex 429 en https://api.openalex.org/works?filter=author.id:A5058063488&per-page=200&select=id,title,publication_year,cited_by_count,fwci,citation_normalized_percentile,open_access,primary_location,primary_topic,authorships&cursor=*&mailto=cris-victoria@uta.cl
✗ Jenniffer Peralta Montecinos: OpenAlex 429 en https://api.openalex.org/works?filter=author.id:A5091033645&per-page=200&select=id,title,publication_year,cited_by_count,fwci,citation_normalized_percentile,open_access,primary_location,primary_topic,authorships&cursor=*&mailto=cris-victoria@uta.cl
✗ Exequiel Mallea-Zepeda: OpenAlex 429 en https://api.openalex.org/works?filter=author.id:A5071792510&per-page=200&select=id,title,publication_year,cited_by_count,fwci,citation_normalized_percentile,open_access,primary_location,primary_topic,authorships&cursor=*&mailto=cris-victoria@uta.cl
✗ Álvaro Cortínez Pontoni: OpenAlex 429 en https://api.openalex.org/works?filter=author.id:A5055807750&per-page=200&select=id,title,publication_year,cited_by_count,fwci,citation_normalized_percentile,open_access,primary_location,primary_topic,authorships&cursor=*&mailto=cris-victoria@uta.cl
✗ Ximena Badilla-Torrico: OpenAlex 429 en https://api.openalex.org/works?filter=author.id:A5072382484&per-page=200&select=id,title,publication_year,cited_by_count,fwci,citation_normalized_percentile,open_access,primary_location,primary_topic,authorships&cursor=*&mailto=cris-victoria@uta.cl
✗ Roberto Jimenez Ramirez: OpenAlex 429 en https://api.openalex.org/works?filter=author.id:A5056502303&per-page=200&select=id,title,publication_year,cited_by_count,fwci,citation_normalized_percentile,open_access,primary_location,primary_topic,authorships&cursor=*&mailto=cris-victoria@uta.cl
✗ Andrés Araujo de la Mata: OpenAlex 429 en https://api.openalex.org/works?filter=author.id:A5101577246&per-page=200&select=id,title,publication_year,cited_by_count,fwci,citation_normalized_percentile,open_access,primary_location,primary_topic,authorships&cursor=*&mailto=cris-victoria@uta.cl
✗ Bernardo Lara: OpenAlex 429 en https://api.openalex.org/works?filter=author.id:A5012553736&per-page=200&select=id,title,publication_year,cited_by_count,fwci,citation_normalized_percentile,open_access,primary_location,primary_topic,authorships&cursor=*&mailto=cris-victoria@uta.cl
✗ Gabriel Peñaloza-Díaz: OpenAlex 429 en https://api.openalex.org/works?filter=author.id:A5093363170&per-page=200&select=id,title,publication_year,cited_by_count,fwci,citation_normalized_percentile,open_access,primary_location,primary_topic,authorships&cursor=*&mailto=cris-victoria@uta.cl
✗ Juan Miguel Díaz Rodríguez: OpenAlex 429 en https://api.openalex.org/works?filter=author.id:A5102976502&per-page=200&select=id,title,publication_year,cited_by_count,fwci,citation_normalized_percentile,open_access,primary_location,primary_topic,authorships&cursor=*&mailto=cris-victoria@uta.cl
✗ Danay Ahumada: OpenAlex 429 en https://api.openalex.org/works?filter=author.id:A5071241629&per-page=200&select=id,title,publication_year,cited_by_count,fwci,citation_normalized_percentile,open_access,primary_location,primary_topic,authorships&cursor=*&mailto=cris-victoria@uta.cl
✗ Astrid Caichac H: OpenAlex 429 en https://api.openalex.org/works?filter=author.id:A5073580309&per-page=200&select=id,title,publication_year,cited_by_count,fwci,citation_normalized_percentile,open_access,primary_location,primary_topic,authorships&cursor=*&mailto=cris-victoria@uta.cl
✗ Pía Villarroel: OpenAlex 429 en https://api.openalex.org/works?filter=author.id:A5009133201&per-page=200&select=id,title,publication_year,cited_by_count,fwci,citation_normalized_percentile,open_access,primary_location,primary_topic,authorships&cursor=*&mailto=cris-victoria@uta.cl
✗ Viviana Pacheco: OpenAlex 429 en https://api.openalex.org/works?filter=author.id:A5054512584&per-page=200&select=id,title,publication_year,cited_by_count,fwci,citation_normalized_percentile,open_access,primary_location,primary_topic,authorships&cursor=*&mailto=cris-victoria@uta.cl
✗ Paola Aravena: OpenAlex 429 en https://api.openalex.org/works?filter=author.id:A5062217531&per-page=200&select=id,title,publication_year,cited_by_count,fwci,citation_normalized_percentile,open_access,primary_location,primary_topic,authorships&cursor=*&mailto=cris-victoria@uta.cl
✗ Claudia Encina Vega: OpenAlex 429 en https://api.openalex.org/works?filter=author.id:A5036239924&per-page=200&select=id,title,publication_year,cited_by_count,fwci,citation_normalized_percentile,open_access,primary_location,primary_topic,authorships&cursor=*&mailto=cris-victoria@uta.cl
✗ Patricio Oliva Mella: OpenAlex 429 en https://api.openalex.org/works?filter=author.id:A5071077809&per-page=200&select=id,title,publication_year,cited_by_count,fwci,citation_normalized_percentile,open_access,primary_location,primary_topic,authorships&cursor=*&mailto=cris-victoria@uta.cl
✗ Paola Muzatto-Negrón: OpenAlex 429 en https://api.openalex.org/works?filter=author.id:A5021919886&per-page=200&select=id,title,publication_year,cited_by_count,fwci,citation_normalized_percentile,open_access,primary_location,primary_topic,authorships&cursor=*&mailto=cris-victoria@uta.cl
✗ Patricia Huerta Riveros: OpenAlex 429 en https://api.openalex.org/works?filter=author.id:A5010226290&per-page=200&select=id,title,publication_year,cited_by_count,fwci,citation_normalized_percentile,open_access,primary_location,primary_topic,authorships&cursor=*&mailto=cris-victoria@uta.cl
✗ Wengang Ao: OpenAlex 429 en https://api.openalex.org/works?filter=author.id:A5026198314&per-page=200&select=id,title,publication_year,cited_by_count,fwci,citation_normalized_percentile,open_access,primary_location,primary_topic,authorships&cursor=*&mailto=cris-victoria@uta.cl
✗ Rafael E. Vásquez: OpenAlex 429 en https://api.openalex.org/works?filter=author.id:A5008755275&per-page=200&select=id,title,publication_year,cited_by_count,fwci,citation_normalized_percentile,open_access,primary_location,primary_topic,authorships&cursor=*&mailto=cris-victoria@uta.cl
✗ Daniel San Martín: OpenAlex 429 en https://api.openalex.org/works?filter=author.id:A5030334763&per-page=200&select=id,title,publication_year,cited_by_count,fwci,citation_normalized_percentile,open_access,primary_location,primary_topic,authorships&cursor=*&mailto=cris-victoria@uta.cl
✗ Germain Pastén: OpenAlex 429 en https://api.openalex.org/works?filter=author.id:A5009885323&per-page=200&select=id,title,publication_year,cited_by_count,fwci,citation_normalized_percentile,open_access,primary_location,primary_topic,authorships&cursor=*&mailto=cris-victoria@uta.cl
✗ Jésica Pantáz: OpenAlex 429 en https://api.openalex.org/works?filter=author.id:A5091054152&per-page=200&select=id,title,publication_year,cited_by_count,fwci,citation_normalized_percentile,open_access,primary_location,primary_topic,authorships&cursor=*&mailto=cris-victoria@uta.cl
✗ Cristina Manzaneda: OpenAlex 429 en https://api.openalex.org/works?filter=author.id:A5046756513&per-page=200&select=id,title,publication_year,cited_by_count,fwci,citation_normalized_percentile,open_access,primary_location,primary_topic,authorships&cursor=*&mailto=cris-victoria@uta.cl
✗ César A. Cisneros Puebla: OpenAlex 429 en https://api.openalex.org/works?filter=author.id:A5014835250&per-page=200&select=id,title,publication_year,cited_by_count,fwci,citation_normalized_percentile,open_access,primary_location,primary_topic,authorships&cursor=*&mailto=cris-victoria@uta.cl
✗ Juan P. Muñoz: OpenAlex 429 en https://api.openalex.org/works?filter=author.id:A5101754856&per-page=200&select=id,title,publication_year,cited_by_count,fwci,citation_normalized_percentile,open_access,primary_location,primary_topic,authorships&cursor=*&mailto=cris-victoria@uta.cl
✗ Jorge Cortés‐Miranda: OpenAlex 429 en https://api.openalex.org/works?filter=author.id:A5061919935&per-page=200&select=id,title,publication_year,cited_by_count,fwci,citation_normalized_percentile,open_access,primary_location,primary_topic,authorships&cursor=*&mailto=cris-victoria@uta.cl
✗ Caren Vega‐Retter: OpenAlex 429 en https://api.openalex.org/works?filter=author.id:A5019078905&per-page=200&select=id,title,publication_year,cited_by_count,fwci,citation_normalized_percentile,open_access,primary_location,primary_topic,authorships&cursor=*&mailto=cris-victoria@uta.cl
✗ Marcial Quiroga‐Carmona: OpenAlex 429 en https://api.openalex.org/works?filter=author.id:A5018377646&per-page=200&select=id,title,publication_year,cited_by_count,fwci,citation_normalized_percentile,open_access,primary_location,primary_topic,authorships&cursor=*&mailto=cris-victoria@uta.cl
✗ Guillermo D’Elía: OpenAlex 429 en https://api.openalex.org/works?filter=author.id:A5069259511&per-page=200&select=id,title,publication_year,cited_by_count,fwci,citation_normalized_percentile,open_access,primary_location,primary_topic,authorships&cursor=*&mailto=cris-victoria@uta.cl
✗ Jay F. Storz: OpenAlex 429 en https://api.openalex.org/works?filter=author.id:A5026872382&per-page=200&select=id,title,publication_year,cited_by_count,fwci,citation_normalized_percentile,open_access,primary_location,primary_topic,authorships&cursor=*&mailto=cris-victoria@uta.cl
✗ Isabella Meneghel: OpenAlex 429 en https://api.openalex.org/works?filter=author.id:A5026694134&per-page=200&select=id,title,publication_year,cited_by_count,fwci,citation_normalized_percentile,open_access,primary_location,primary_topic,authorships&cursor=*&mailto=cris-victoria@uta.cl
✗ Carolyn M. Youssef‐Morgan: OpenAlex 429 en https://api.openalex.org/works?filter=author.id:A5000331319&per-page=200&select=id,title,publication_year,cited_by_count,fwci,citation_normalized_percentile,open_access,primary_location,primary_topic,authorships&cursor=*&mailto=cris-victoria@uta.cl
✗ Alfonso R. Zerwekh: OpenAlex 429 en https://api.openalex.org/works?filter=author.id:A5009557970&per-page=200&select=id,title,publication_year,cited_by_count,fwci,citation_normalized_percentile,open_access,primary_location,primary_topic,authorships&cursor=*&mailto=cris-victoria@uta.cl
✗ Carolina Arbeláez: OpenAlex 429 en https://api.openalex.org/works?filter=author.id:A5089712827&per-page=200&select=id,title,publication_year,cited_by_count,fwci,citation_normalized_percentile,open_access,primary_location,primary_topic,authorships&cursor=*&mailto=cris-victoria@uta.cl
✗ Diego Restrepo: OpenAlex 429 en https://api.openalex.org/works?filter=author.id:A5049648126&per-page=200&select=id,title,publication_year,cited_by_count,fwci,citation_normalized_percentile,open_access,primary_location,primary_topic,authorships&cursor=*&mailto=cris-victoria@uta.cl
✗ E. Bertholet: OpenAlex 429 en https://api.openalex.org/works?filter=author.id:A5101572655&per-page=200&select=id,title,publication_year,cited_by_count,fwci,citation_normalized_percentile,open_access,primary_location,primary_topic,authorships&cursor=*&mailto=cris-victoria@uta.cl
✗ Camila Jara Ibarra: OpenAlex 429 en https://api.openalex.org/works?filter=author.id:A5044537124&per-page=200&select=id,title,publication_year,cited_by_count,fwci,citation_normalized_percentile,open_access,primary_location,primary_topic,authorships&cursor=*&mailto=cris-victoria@uta.cl
✗ Sebastián Márquez: OpenAlex 429 en https://api.openalex.org/works?filter=author.id:A5007044155&per-page=200&select=id,title,publication_year,cited_by_count,fwci,citation_normalized_percentile,open_access,primary_location,primary_topic,authorships&cursor=*&mailto=cris-victoria@uta.cl
✗ Patricio A. Flores: OpenAlex 429 en https://api.openalex.org/works?filter=author.id:A5061131869&per-page=200&select=id,title,publication_year,cited_by_count,fwci,citation_normalized_percentile,open_access,primary_location,primary_topic,authorships&cursor=*&mailto=cris-victoria@uta.cl
✗ Luis Bustos: OpenAlex 429 en https://api.openalex.org/works?filter=author.id:A5028763120&per-page=200&select=id,title,publication_year,cited_by_count,fwci,citation_normalized_percentile,open_access,primary_location,primary_topic,authorships&cursor=*&mailto=cris-victoria@uta.cl
✗ Maximiliano Martínez‐Cifuentes: OpenAlex 429 en https://api.openalex.org/works?filter=author.id:A5073105723&per-page=200&select=id,title,publication_year,cited_by_count,fwci,citation_normalized_percentile,open_access,primary_location,primary_topic,authorships&cursor=*&mailto=cris-victoria@uta.cl
✗ Germán Sepúlveda-Chavera: OpenAlex 429 en https://api.openalex.org/works?filter=author.id:A5088985596&per-page=200&select=id,title,publication_year,cited_by_count,fwci,citation_normalized_percentile,open_access,primary_location,primary_topic,authorships&cursor=*&mailto=cris-victoria@uta.cl
✗ German Zapata‐Hernández: OpenAlex 429 en https://api.openalex.org/works?filter=author.id:A5058023492&per-page=200&select=id,title,publication_year,cited_by_count,fwci,citation_normalized_percentile,open_access,primary_location,primary_topic,authorships&cursor=*&mailto=cris-victoria@uta.cl
✗ Martina Gajardo‐Rojas: OpenAlex 429 en https://api.openalex.org/works?filter=author.id:A5045351913&per-page=200&select=id,title,publication_year,cited_by_count,fwci,citation_normalized_percentile,open_access,primary_location,primary_topic,authorships&cursor=*&mailto=cris-victoria@uta.cl
✗ Ariel A. Muñoz: OpenAlex 429 en https://api.openalex.org/works?filter=author.id:A5036297008&per-page=200&select=id,title,publication_year,cited_by_count,fwci,citation_normalized_percentile,open_access,primary_location,primary_topic,authorships&cursor=*&mailto=cris-victoria@uta.cl
✗ Karen Yáñez: OpenAlex 429 en https://api.openalex.org/works?filter=author.id:A5088519441&per-page=200&select=id,title,publication_year,cited_by_count,fwci,citation_normalized_percentile,open_access,primary_location,primary_topic,authorships&cursor=*&mailto=cris-victoria@uta.cl
✗ Md Rishad Ahmed: OpenAlex 429 en https://api.openalex.org/works?filter=author.id:A5025842378&per-page=200&select=id,title,publication_year,cited_by_count,fwci,citation_normalized_percentile,open_access,primary_location,primary_topic,authorships&cursor=*&mailto=cris-victoria@uta.cl
✗ Patrick Wheeler: OpenAlex 429 en https://api.openalex.org/works?filter=author.id:A5008269852&per-page=200&select=id,title,publication_year,cited_by_count,fwci,citation_normalized_percentile,open_access,primary_location,primary_topic,authorships&cursor=*&mailto=cris-victoria@uta.cl
✗ Marcel Reis Queiroz: OpenAlex 429 en https://api.openalex.org/works?filter=author.id:A5066979041&per-page=200&select=id,title,publication_year,cited_by_count,fwci,citation_normalized_percentile,open_access,primary_location,primary_topic,authorships&cursor=*&mailto=cris-victoria@uta.cl
✗ Maria Elizângela Ramos Junqueira: OpenAlex 429 en https://api.openalex.org/works?filter=author.id:A5068116489&per-page=200&select=id,title,publication_year,cited_by_count,fwci,citation_normalized_percentile,open_access,primary_location,primary_topic,authorships&cursor=*&mailto=cris-victoria@uta.cl
✗ Carmen Simone Grilo Diniz: OpenAlex 429 en https://api.openalex.org/works?filter=author.id:A5000249559&per-page=200&select=id,title,publication_year,cited_by_count,fwci,citation_normalized_percentile,open_access,primary_location,primary_topic,authorships&cursor=*&mailto=cris-victoria@uta.cl
✗ Yair Zárate: OpenAlex 429 en https://api.openalex.org/works?filter=author.id:A5056011520&per-page=200&select=id,title,publication_year,cited_by_count,fwci,citation_normalized_percentile,open_access,primary_location,primary_topic,authorships&cursor=*&mailto=cris-victoria@uta.cl
✗ Yogesh N. Joglekar: OpenAlex 429 en https://api.openalex.org/works?filter=author.id:A5089580200&per-page=200&select=id,title,publication_year,cited_by_count,fwci,citation_normalized_percentile,open_access,primary_location,primary_topic,authorships&cursor=*&mailto=cris-victoria@uta.cl
✗ René G. Rojas: OpenAlex 429 en https://api.openalex.org/works?filter=author.id:A5108003648&per-page=200&select=id,title,publication_year,cited_by_count,fwci,citation_normalized_percentile,open_access,primary_location,primary_topic,authorships&cursor=*&mailto=cris-victoria@uta.cl
✗ Celia Galve-González: OpenAlex 429 en https://api.openalex.org/works?filter=author.id:A5011396283&per-page=200&select=id,title,publication_year,cited_by_count,fwci,citation_normalized_percentile,open_access,primary_location,primary_topic,authorships&cursor=*&mailto=cris-victoria@uta.cl
✗ Gabriela Flores-Oyarzo: OpenAlex 429 en https://api.openalex.org/works?filter=author.id:A5080409266&per-page=200&select=id,title,publication_year,cited_by_count,fwci,citation_normalized_percentile,open_access,primary_location,primary_topic,authorships&cursor=*&mailto=cris-victoria@uta.cl
✗ Raquel Gómez-Frías: OpenAlex 429 en https://api.openalex.org/works?filter=author.id:A5065335372&per-page=200&select=id,title,publication_year,cited_by_count,fwci,citation_normalized_percentile,open_access,primary_location,primary_topic,authorships&cursor=*&mailto=cris-victoria@uta.cl
✗ Leynin Caamaño-Rocha: OpenAlex 429 en https://api.openalex.org/works?filter=author.id:A5026500794&per-page=200&select=id,title,publication_year,cited_by_count,fwci,citation_normalized_percentile,open_access,primary_location,primary_topic,authorships&cursor=*&mailto=cris-victoria@uta.cl
✗ Laura Badenes‐Ribera: OpenAlex 429 en https://api.openalex.org/works?filter=author.id:A5028642113&per-page=200&select=id,title,publication_year,cited_by_count,fwci,citation_normalized_percentile,open_access,primary_location,primary_topic,authorships&cursor=*&mailto=cris-victoria@uta.cl
✗ Daniela Bolívar: OpenAlex 429 en https://api.openalex.org/works?filter=author.id:A5088788443&per-page=200&select=id,title,publication_year,cited_by_count,fwci,citation_normalized_percentile,open_access,primary_location,primary_topic,authorships&cursor=*&mailto=cris-victoria@uta.cl
✗ José Ventura‐León: OpenAlex 429 en https://api.openalex.org/works?filter=author.id:A5019027988&per-page=200&select=id,title,publication_year,cited_by_count,fwci,citation_normalized_percentile,open_access,primary_location,primary_topic,authorships&cursor=*&mailto=cris-victoria@uta.cl
✗ Miguel Barboza-Palomino: OpenAlex 429 en https://api.openalex.org/works?filter=author.id:A5018226571&per-page=200&select=id,title,publication_year,cited_by_count,fwci,citation_normalized_percentile,open_access,primary_location,primary_topic,authorships&cursor=*&mailto=cris-victoria@uta.cl
✗ Carla Vidal Figueroa: OpenAlex 429 en https://api.openalex.org/works?filter=author.id:A5009040719&per-page=200&select=id,title,publication_year,cited_by_count,fwci,citation_normalized_percentile,open_access,primary_location,primary_topic,authorships&cursor=*&mailto=cris-victoria@uta.cl
✗ María Olaya Grau Rengifo: OpenAlex 429 en https://api.openalex.org/works?filter=author.id:A5001286231&per-page=200&select=id,title,publication_year,cited_by_count,fwci,citation_normalized_percentile,open_access,primary_location,primary_topic,authorships&cursor=*&mailto=cris-victoria@uta.cl
✗ Ana Luisa Muñoz‐García: OpenAlex 429 en https://api.openalex.org/works?filter=author.id:A5027079633&per-page=200&select=id,title,publication_year,cited_by_count,fwci,citation_normalized_percentile,open_access,primary_location,primary_topic,authorships&cursor=*&mailto=cris-victoria@uta.cl
✗ Jhuliane Evelyn da Silva: OpenAlex 429 en https://api.openalex.org/works?filter=author.id:A5074857297&per-page=200&select=id,title,publication_year,cited_by_count,fwci,citation_normalized_percentile,open_access,primary_location,primary_topic,authorships&cursor=*&mailto=cris-victoria@uta.cl
✗ Juliana Zeggio Martinez: OpenAlex 429 en https://api.openalex.org/works?filter=author.id:A5088341028&per-page=200&select=id,title,publication_year,cited_by_count,fwci,citation_normalized_percentile,open_access,primary_location,primary_topic,authorships&cursor=*&mailto=cris-victoria@uta.cl
✗ Le Hai Yen: OpenAlex 429 en https://api.openalex.org/works?filter=author.id:A5034553228&per-page=200&select=id,title,publication_year,cited_by_count,fwci,citation_normalized_percentile,open_access,primary_location,primary_topic,authorships&cursor=*&mailto=cris-victoria@uta.cl
✗ Fabián Flores-Bazán: OpenAlex 429 en https://api.openalex.org/works?filter=author.id:A5073555271&per-page=200&select=id,title,publication_year,cited_by_count,fwci,citation_normalized_percentile,open_access,primary_location,primary_topic,authorships&cursor=*&mailto=cris-victoria@uta.cl
✗ Phan Tu Vuong: OpenAlex 429 en https://api.openalex.org/works?filter=author.id:A5056072889&per-page=200&select=id,title,publication_year,cited_by_count,fwci,citation_normalized_percentile,open_access,primary_location,primary_topic,authorships&cursor=*&mailto=cris-victoria@uta.cl
✗ Tran Van Nghi: OpenAlex 429 en https://api.openalex.org/works?filter=author.id:A5048386712&per-page=200&select=id,title,publication_year,cited_by_count,fwci,citation_normalized_percentile,open_access,primary_location,primary_topic,authorships&cursor=*&mailto=cris-victoria@uta.cl
✗ Robert F. Houser: OpenAlex 429 en https://api.openalex.org/works?filter=author.id:A5039218820&per-page=200&select=id,title,publication_year,cited_by_count,fwci,citation_normalized_percentile,open_access,primary_location,primary_topic,authorships&cursor=*&mailto=cris-victoria@uta.cl
✗ Nashely Yuvitza Lizarme Villcas: OpenAlex 429 en https://api.openalex.org/works?filter=author.id:A5040128313&per-page=200&select=id,title,publication_year,cited_by_count,fwci,citation_normalized_percentile,open_access,primary_location,primary_topic,authorships&cursor=*&mailto=cris-victoria@uta.cl
✗ José Manuel Carrasco: OpenAlex 429 en https://api.openalex.org/works?filter=author.id:A5020919039&per-page=200&select=id,title,publication_year,cited_by_count,fwci,citation_normalized_percentile,open_access,primary_location,primary_topic,authorships&cursor=*&mailto=cris-victoria@uta.cl
✗ Melissa Fuster: OpenAlex 429 en https://api.openalex.org/works?filter=author.id:A5025585836&per-page=200&select=id,title,publication_year,cited_by_count,fwci,citation_normalized_percentile,open_access,primary_location,primary_topic,authorships&cursor=*&mailto=cris-victoria@uta.cl
✗ María Gómez: OpenAlex 429 en https://api.openalex.org/works?filter=author.id:A5069814812&per-page=200&select=id,title,publication_year,cited_by_count,fwci,citation_normalized_percentile,open_access,primary_location,primary_topic,authorships&cursor=*&mailto=cris-victoria@uta.cl
✗ Camilo Wee: OpenAlex 429 en https://api.openalex.org/works?filter=author.id:A5002013253&per-page=200&select=id,title,publication_year,cited_by_count,fwci,citation_normalized_percentile,open_access,primary_location,primary_topic,authorships&cursor=*&mailto=cris-victoria@uta.cl
✗ Raf Vanderstraeten: OpenAlex 429 en https://api.openalex.org/works?filter=author.id:A5008545994&per-page=200&select=id,title,publication_year,cited_by_count,fwci,citation_normalized_percentile,open_access,primary_location,primary_topic,authorships&cursor=*&mailto=cris-victoria@uta.cl
✗ Julián Cortés: OpenAlex 429 en https://api.openalex.org/works?filter=author.id:A5101732163&per-page=200&select=id,title,publication_year,cited_by_count,fwci,citation_normalized_percentile,open_access,primary_location,primary_topic,authorships&cursor=*&mailto=cris-victoria@uta.cl
✗ Elizabeth H. Arredondo: OpenAlex 429 en https://api.openalex.org/works?filter=author.id:A5002801839&per-page=200&select=id,title,publication_year,cited_by_count,fwci,citation_normalized_percentile,open_access,primary_location,primary_topic,authorships&cursor=*&mailto=cris-victoria@uta.cl
✗ Miguel A. Benitez-Rathgeb: OpenAlex 429 en https://api.openalex.org/works?filter=author.id:A5069256729&per-page=200&select=id,title,publication_year,cited_by_count,fwci,citation_normalized_percentile,open_access,primary_location,primary_topic,authorships&cursor=*&mailto=cris-victoria@uta.cl
✗ Diogo Boito: OpenAlex 429 en https://api.openalex.org/works?filter=author.id:A5032205509&per-page=200&select=id,title,publication_year,cited_by_count,fwci,citation_normalized_percentile,open_access,primary_location,primary_topic,authorships&cursor=*&mailto=cris-victoria@uta.cl
✗ D. Britzger: OpenAlex 429 en https://api.openalex.org/works?filter=author.id:A5000091677&per-page=200&select=id,title,publication_year,cited_by_count,fwci,citation_normalized_percentile,open_access,primary_location,primary_topic,authorships&cursor=*&mailto=cris-victoria@uta.cl
✗ Daniela Ramírez-Carrasco: OpenAlex 429 en https://api.openalex.org/works?filter=author.id:A5090662985&per-page=200&select=id,title,publication_year,cited_by_count,fwci,citation_normalized_percentile,open_access,primary_location,primary_topic,authorships&cursor=*&mailto=cris-victoria@uta.cl
✗ Javier Escudero‐Pastén: OpenAlex 429 en https://api.openalex.org/works?filter=author.id:A5090797928&per-page=200&select=id,title,publication_year,cited_by_count,fwci,citation_normalized_percentile,open_access,primary_location,primary_topic,authorships&cursor=*&mailto=cris-victoria@uta.cl
✗ Juan A. Monsoriu: OpenAlex 429 en https://api.openalex.org/works?filter=author.id:A5077387454&per-page=200&select=id,title,publication_year,cited_by_count,fwci,citation_normalized_percentile,open_access,primary_location,primary_topic,authorships&cursor=*&mailto=cris-victoria@uta.cl
✗ José Luis Bucarey: OpenAlex 429 en https://api.openalex.org/works?filter=author.id:A5087371215&per-page=200&select=id,title,publication_year,cited_by_count,fwci,citation_normalized_percentile,open_access,primary_location,primary_topic,authorships&cursor=*&mailto=cris-victoria@uta.cl
✗ Peter Wänke: OpenAlex 429 en https://api.openalex.org/works?filter=author.id:A5047648051&per-page=200&select=id,title,publication_year,cited_by_count,fwci,citation_normalized_percentile,open_access,primary_location,primary_topic,authorships&cursor=*&mailto=cris-victoria@uta.cl
✗ Elisa Adriasola: OpenAlex 429 en https://api.openalex.org/works?filter=author.id:A5087936385&per-page=200&select=id,title,publication_year,cited_by_count,fwci,citation_normalized_percentile,open_access,primary_location,primary_topic,authorships&cursor=*&mailto=cris-victoria@uta.cl
✗ Hossein Komasi: OpenAlex 429 en https://api.openalex.org/works?filter=author.id:A5076742635&per-page=200&select=id,title,publication_year,cited_by_count,fwci,citation_normalized_percentile,open_access,primary_location,primary_topic,authorships&cursor=*&mailto=cris-victoria@uta.cl
✗ Cristián Candia: OpenAlex 429 en https://api.openalex.org/works?filter=author.id:A5075717967&per-page=200&select=id,title,publication_year,cited_by_count,fwci,citation_normalized_percentile,open_access,primary_location,primary_topic,authorships&cursor=*&mailto=cris-victoria@uta.cl
✗ Roberto Melipillán: OpenAlex 429 en https://api.openalex.org/works?filter=author.id:A5022541062&per-page=200&select=id,title,publication_year,cited_by_count,fwci,citation_normalized_percentile,open_access,primary_location,primary_topic,authorships&cursor=*&mailto=cris-victoria@uta.cl
✗ Garland Culbreth: OpenAlex 429 en https://api.openalex.org/works?filter=author.id:A5052826065&per-page=200&select=id,title,publication_year,cited_by_count,fwci,citation_normalized_percentile,open_access,primary_location,primary_topic,authorships&cursor=*&mailto=cris-victoria@uta.cl
✗ Paolo Allegrini: OpenAlex 429 en https://api.openalex.org/works?filter=author.id:A5088306376&per-page=200&select=id,title,publication_year,cited_by_count,fwci,citation_normalized_percentile,open_access,primary_location,primary_topic,authorships&cursor=*&mailto=cris-victoria@uta.cl
✗ Rohisha Tuladhar: OpenAlex 429 en https://api.openalex.org/works?filter=author.id:A5082931760&per-page=200&select=id,title,publication_year,cited_by_count,fwci,citation_normalized_percentile,open_access,primary_location,primary_topic,authorships&cursor=*&mailto=cris-victoria@uta.cl
✗ Gianluca Ascolani: OpenAlex 429 en https://api.openalex.org/works?filter=author.id:A5050211211&per-page=200&select=id,title,publication_year,cited_by_count,fwci,citation_normalized_percentile,open_access,primary_location,primary_topic,authorships&cursor=*&mailto=cris-victoria@uta.cl
✗ Alexandre Marcondes Quaglio: OpenAlex 429 en https://api.openalex.org/works?filter=author.id:A5061581812&per-page=200&select=id,title,publication_year,cited_by_count,fwci,citation_normalized_percentile,open_access,primary_location,primary_topic,authorships&cursor=*&mailto=cris-victoria@uta.cl
✗ Carolina Gois Falandes: OpenAlex 429 en https://api.openalex.org/works?filter=author.id:A5070298227&per-page=200&select=id,title,publication_year,cited_by_count,fwci,citation_normalized_percentile,open_access,primary_location,primary_topic,authorships&cursor=*&mailto=cris-victoria@uta.cl
✗ Pablo Concha: OpenAlex 429 en https://api.openalex.org/works?filter=author.id:A5102958342&per-page=200&select=id,title,publication_year,cited_by_count,fwci,citation_normalized_percentile,open_access,primary_location,primary_topic,authorships&cursor=*&mailto=cris-victoria@uta.cl
✗ Kelly M. Britt: OpenAlex 429 en https://api.openalex.org/works?filter=author.id:A5072219031&per-page=200&select=id,title,publication_year,cited_by_count,fwci,citation_normalized_percentile,open_access,primary_location,primary_topic,authorships&cursor=*&mailto=cris-victoria@uta.cl
✗ Margaret L. Brown: OpenAlex 429 en https://api.openalex.org/works?filter=author.id:A5056069754&per-page=200&select=id,title,publication_year,cited_by_count,fwci,citation_normalized_percentile,open_access,primary_location,primary_topic,authorships&cursor=*&mailto=cris-victoria@uta.cl
✗ Stacey Lynn Camp: OpenAlex 429 en https://api.openalex.org/works?filter=author.id:A5048703449&per-page=200&select=id,title,publication_year,cited_by_count,fwci,citation_normalized_percentile,open_access,primary_location,primary_topic,authorships&cursor=*&mailto=cris-victoria@uta.cl
✗ Manuel Fuentes: OpenAlex 429 en https://api.openalex.org/works?filter=author.id:A5079382067&per-page=200&select=id,title,publication_year,cited_by_count,fwci,citation_normalized_percentile,open_access,primary_location,primary_topic,authorships&cursor=*&mailto=cris-victoria@uta.cl
✗ H. Mancini: OpenAlex 429 en https://api.openalex.org/works?filter=author.id:A5073781544&per-page=200&select=id,title,publication_year,cited_by_count,fwci,citation_normalized_percentile,open_access,primary_location,primary_topic,authorships&cursor=*&mailto=cris-victoria@uta.cl
✗ Nicolas Valderrama Saez: OpenAlex 429 en https://api.openalex.org/works?filter=author.id:A5093747162&per-page=200&select=id,title,publication_year,cited_by_count,fwci,citation_normalized_percentile,open_access,primary_location,primary_topic,authorships&cursor=*&mailto=cris-victoria@uta.cl
✗ Giuseppe Gaetano Luciano: OpenAlex 429 en https://api.openalex.org/works?filter=author.id:A5079269998&per-page=200&select=id,title,publication_year,cited_by_count,fwci,citation_normalized_percentile,open_access,primary_location,primary_topic,authorships&cursor=*&mailto=cris-victoria@uta.cl
✗ Amare Abebe: OpenAlex 429 en https://api.openalex.org/works?filter=author.id:A5089304161&per-page=200&select=id,title,publication_year,cited_by_count,fwci,citation_normalized_percentile,open_access,primary_location,primary_topic,authorships&cursor=*&mailto=cris-victoria@uta.cl
✗ J. Socorro: OpenAlex 429 en https://api.openalex.org/works?filter=author.id:A5108121822&per-page=200&select=id,title,publication_year,cited_by_count,fwci,citation_normalized_percentile,open_access,primary_location,primary_topic,authorships&cursor=*&mailto=cris-victoria@uta.cl
✗ Bayron Micolta-Riascos: OpenAlex 429 en https://api.openalex.org/works?filter=author.id:A5066290888&per-page=200&select=id,title,publication_year,cited_by_count,fwci,citation_normalized_percentile,open_access,primary_location,primary_topic,authorships&cursor=*&mailto=cris-victoria@uta.cl
✗ Luis del Campo: OpenAlex 429 en https://api.openalex.org/works?filter=author.id:A5049029244&per-page=200&select=id,title,publication_year,cited_by_count,fwci,citation_normalized_percentile,open_access,primary_location,primary_topic,authorships&cursor=*&mailto=cris-victoria@uta.cl
✗ Judith S. Lederman: OpenAlex 429 en https://api.openalex.org/works?filter=author.id:A5027652028&per-page=200&select=id,title,publication_year,cited_by_count,fwci,citation_normalized_percentile,open_access,primary_location,primary_topic,authorships&cursor=*&mailto=cris-victoria@uta.cl
✗ Norman G. Lederman: OpenAlex 429 en https://api.openalex.org/works?filter=author.id:A5077800138&per-page=200&select=id,title,publication_year,cited_by_count,fwci,citation_normalized_percentile,open_access,primary_location,primary_topic,authorships&cursor=*&mailto=cris-victoria@uta.cl
✗ Mariana Aparecida Bologna Soares de Andrade: OpenAlex 429 en https://api.openalex.org/works?filter=author.id:A5087164452&per-page=200&select=id,title,publication_year,cited_by_count,fwci,citation_normalized_percentile,open_access,primary_location,primary_topic,authorships&cursor=*&mailto=cris-victoria@uta.cl
✗ Rosa Cardoso: OpenAlex 429 en https://api.openalex.org/works?filter=author.id:A5086610350&per-page=200&select=id,title,publication_year,cited_by_count,fwci,citation_normalized_percentile,open_access,primary_location,primary_topic,authorships&cursor=*&mailto=cris-victoria@uta.cl
✗ Pawat Chaipidech: OpenAlex 429 en https://api.openalex.org/works?filter=author.id:A5040810069&per-page=200&select=id,title,publication_year,cited_by_count,fwci,citation_normalized_percentile,open_access,primary_location,primary_topic,authorships&cursor=*&mailto=cris-victoria@uta.cl
✗ Özgür Kıvılcan Doğan: OpenAlex 429 en https://api.openalex.org/works?filter=author.id:A5017102790&per-page=200&select=id,title,publication_year,cited_by_count,fwci,citation_normalized_percentile,open_access,primary_location,primary_topic,authorships&cursor=*&mailto=cris-victoria@uta.cl
✗ Çiğdem Han-Tosunoğlu: OpenAlex 429 en https://api.openalex.org/works?filter=author.id:A5001839334&per-page=200&select=id,title,publication_year,cited_by_count,fwci,citation_normalized_percentile,open_access,primary_location,primary_topic,authorships&cursor=*&mailto=cris-victoria@uta.cl
✗ Gary M. Holliday: OpenAlex 429 en https://api.openalex.org/works?filter=author.id:A5017369713&per-page=200&select=id,title,publication_year,cited_by_count,fwci,citation_normalized_percentile,open_access,primary_location,primary_topic,authorships&cursor=*&mailto=cris-victoria@uta.cl
✗ Άννα Κουμαρά: OpenAlex 429 en https://api.openalex.org/works?filter=author.id:A5060756433&per-page=200&select=id,title,publication_year,cited_by_count,fwci,citation_normalized_percentile,open_access,primary_location,primary_topic,authorships&cursor=*&mailto=cris-victoria@uta.cl
✗ Jari Lavonen: OpenAlex 429 en https://api.openalex.org/works?filter=author.id:A5068084853&per-page=200&select=id,title,publication_year,cited_by_count,fwci,citation_normalized_percentile,open_access,primary_location,primary_topic,authorships&cursor=*&mailto=cris-victoria@uta.cl
✗ Mila Rosa Librea‐Carden: OpenAlex 429 en https://api.openalex.org/works?filter=author.id:A5033054884&per-page=200&select=id,title,publication_year,cited_by_count,fwci,citation_normalized_percentile,open_access,primary_location,primary_topic,authorships&cursor=*&mailto=cris-victoria@uta.cl
✗ Irene Neumann: OpenAlex 429 en https://api.openalex.org/works?filter=author.id:A5050557264&per-page=200&select=id,title,publication_year,cited_by_count,fwci,citation_normalized_percentile,open_access,primary_location,primary_topic,authorships&cursor=*&mailto=cris-victoria@uta.cl
✗ Mafor Penn: OpenAlex 429 en https://api.openalex.org/works?filter=author.id:A5004792664&per-page=200&select=id,title,publication_year,cited_by_count,fwci,citation_normalized_percentile,open_access,primary_location,primary_topic,authorships&cursor=*&mailto=cris-victoria@uta.cl
✗ Irene Garrigós: OpenAlex 429 en https://api.openalex.org/works?filter=author.id:A5024254761&per-page=200&select=id,title,publication_year,cited_by_count,fwci,citation_normalized_percentile,open_access,primary_location,primary_topic,authorships&cursor=*&mailto=cris-victoria@uta.cl
✗ Jorge Hochstetter: OpenAlex 429 en https://api.openalex.org/works?filter=author.id:A5057746158&per-page=200&select=id,title,publication_year,cited_by_count,fwci,citation_normalized_percentile,open_access,primary_location,primary_topic,authorships&cursor=*&mailto=cris-victoria@uta.cl
✗ Jaime Díaz: OpenAlex 429 en https://api.openalex.org/works?filter=author.id:A5005030880&per-page=200&select=id,title,publication_year,cited_by_count,fwci,citation_normalized_percentile,open_access,primary_location,primary_topic,authorships&cursor=*&mailto=cris-victoria@uta.cl
✗ Ania Cravero: OpenAlex 429 en https://api.openalex.org/works?filter=author.id:A5033455573&per-page=200&select=id,title,publication_year,cited_by_count,fwci,citation_normalized_percentile,open_access,primary_location,primary_topic,authorships&cursor=*&mailto=cris-victoria@uta.cl
✗ Marina Hernández-Mora: OpenAlex 429 en https://api.openalex.org/works?filter=author.id:A5051544445&per-page=200&select=id,title,publication_year,cited_by_count,fwci,citation_normalized_percentile,open_access,primary_location,primary_topic,authorships&cursor=*&mailto=cris-victoria@uta.cl
✗ Juan Javier Miró: OpenAlex 429 en https://api.openalex.org/works?filter=author.id:A5016334837&per-page=200&select=id,title,publication_year,cited_by_count,fwci,citation_normalized_percentile,open_access,primary_location,primary_topic,authorships&cursor=*&mailto=cris-victoria@uta.cl
✗ Óscar Corvacho-Ganahín: OpenAlex 429 en https://api.openalex.org/works?filter=author.id:A5022468591&per-page=200&select=id,title,publication_year,cited_by_count,fwci,citation_normalized_percentile,open_access,primary_location,primary_topic,authorships&cursor=*&mailto=cris-victoria@uta.cl
✗ Tiberiu Harko: OpenAlex 429 en https://api.openalex.org/works?filter=author.id:A5048821708&per-page=200&select=id,title,publication_year,cited_by_count,fwci,citation_normalized_percentile,open_access,primary_location,primary_topic,authorships&cursor=*&mailto=cris-victoria@uta.cl
✗ Grigoris Panotopoulos: OpenAlex 429 en https://api.openalex.org/works?filter=author.id:A5029920258&per-page=200&select=id,title,publication_year,cited_by_count,fwci,citation_normalized_percentile,open_access,primary_location,primary_topic,authorships&cursor=*&mailto=cris-victoria@uta.cl
✗ Ángel Rincón: OpenAlex 429 en https://api.openalex.org/works?filter=author.id:A5067487631&per-page=200&select=id,title,publication_year,cited_by_count,fwci,citation_normalized_percentile,open_access,primary_location,primary_topic,authorships&cursor=*&mailto=cris-victoria@uta.cl
✗ Nelson Videla: OpenAlex 429 en https://api.openalex.org/works?filter=author.id:A5045660535&per-page=200&select=id,title,publication_year,cited_by_count,fwci,citation_normalized_percentile,open_access,primary_location,primary_topic,authorships&cursor=*&mailto=cris-victoria@uta.cl
✗ A. Burton-Villalobos: OpenAlex 429 en https://api.openalex.org/works?filter=author.id:A5099670467&per-page=200&select=id,title,publication_year,cited_by_count,fwci,citation_normalized_percentile,open_access,primary_location,primary_topic,authorships&cursor=*&mailto=cris-victoria@uta.cl
✗ Carlos Leiva: OpenAlex 429 en https://api.openalex.org/works?filter=author.id:A5032309311&per-page=200&select=id,title,publication_year,cited_by_count,fwci,citation_normalized_percentile,open_access,primary_location,primary_topic,authorships&cursor=*&mailto=cris-victoria@uta.cl
✗ L. K. Duchaniya: OpenAlex 429 en https://api.openalex.org/works?filter=author.id:A5001415577&per-page=200&select=id,title,publication_year,cited_by_count,fwci,citation_normalized_percentile,open_access,primary_location,primary_topic,authorships&cursor=*&mailto=cris-victoria@uta.cl
✗ Vanessa Jara-Labarthé: OpenAlex 429 en https://api.openalex.org/works?filter=author.id:A5073894860&per-page=200&select=id,title,publication_year,cited_by_count,fwci,citation_normalized_percentile,open_access,primary_location,primary_topic,authorships&cursor=*&mailto=cris-victoria@uta.cl
✗ Svend Brinkmann: OpenAlex 429 en https://api.openalex.org/works?filter=author.id:A5088127190&per-page=200&select=id,title,publication_year,cited_by_count,fwci,citation_normalized_percentile,open_access,primary_location,primary_topic,authorships&cursor=*&mailto=cris-victoria@uta.cl
✗ Mitchell Allen: OpenAlex 429 en https://api.openalex.org/works?filter=author.id:A5054064282&per-page=200&select=id,title,publication_year,cited_by_count,fwci,citation_normalized_percentile,open_access,primary_location,primary_topic,authorships&cursor=*&mailto=cris-victoria@uta.cl
✗ Wolff‐Michael Roth: OpenAlex 429 en https://api.openalex.org/works?filter=author.id:A5028201055&per-page=200&select=id,title,publication_year,cited_by_count,fwci,citation_normalized_percentile,open_access,primary_location,primary_topic,authorships&cursor=*&mailto=cris-victoria@uta.cl
✗ Maria Guisasola-Rabes: OpenAlex 429 en https://api.openalex.org/works?filter=author.id:A5052983598&per-page=200&select=id,title,publication_year,cited_by_count,fwci,citation_normalized_percentile,open_access,primary_location,primary_topic,authorships&cursor=*&mailto=cris-victoria@uta.cl
✗ Miriam de Nadal: OpenAlex 429 en https://api.openalex.org/works?filter=author.id:A5107517539&per-page=200&select=id,title,publication_year,cited_by_count,fwci,citation_normalized_percentile,open_access,primary_location,primary_topic,authorships&cursor=*&mailto=cris-victoria@uta.cl
✗ Zoë L. Fleming: OpenAlex 429 en https://api.openalex.org/works?filter=author.id:A5079112906&per-page=200&select=id,title,publication_year,cited_by_count,fwci,citation_normalized_percentile,open_access,primary_location,primary_topic,authorships&cursor=*&mailto=cris-victoria@uta.cl
✗ Moisés Martínez‐Bracero: OpenAlex 429 en https://api.openalex.org/works?filter=author.id:A5082368422&per-page=200&select=id,title,publication_year,cited_by_count,fwci,citation_normalized_percentile,open_access,primary_location,primary_topic,authorships&cursor=*&mailto=cris-victoria@uta.cl
✗ Roland Sarda‐Estève: OpenAlex 429 en https://api.openalex.org/works?filter=author.id:A5083034861&per-page=200&select=id,title,publication_year,cited_by_count,fwci,citation_normalized_percentile,open_access,primary_location,primary_topic,authorships&cursor=*&mailto=cris-victoria@uta.cl
✗ Álvaro González: OpenAlex 429 en https://api.openalex.org/works?filter=author.id:A5101938373&per-page=200&select=id,title,publication_year,cited_by_count,fwci,citation_normalized_percentile,open_access,primary_location,primary_topic,authorships&cursor=*&mailto=cris-victoria@uta.cl
✗ Kush Rana: OpenAlex 429 en https://api.openalex.org/works?filter=author.id:A5065453239&per-page=200&select=id,title,publication_year,cited_by_count,fwci,citation_normalized_percentile,open_access,primary_location,primary_topic,authorships&cursor=*&mailto=cris-victoria@uta.cl
✗ Monika Tomar: OpenAlex 429 en https://api.openalex.org/works?filter=author.id:A5017231699&per-page=200&select=id,title,publication_year,cited_by_count,fwci,citation_normalized_percentile,open_access,primary_location,primary_topic,authorships&cursor=*&mailto=cris-victoria@uta.cl
✗ Vinay Gupta: OpenAlex 429 en https://api.openalex.org/works?filter=author.id:A5003129802&per-page=200&select=id,title,publication_year,cited_by_count,fwci,citation_normalized_percentile,open_access,primary_location,primary_topic,authorships&cursor=*&mailto=cris-victoria@uta.cl
✗ Atul Thakur: OpenAlex 429 en https://api.openalex.org/works?filter=author.id:A5069169782&per-page=200&select=id,title,publication_year,cited_by_count,fwci,citation_normalized_percentile,open_access,primary_location,primary_topic,authorships&cursor=*&mailto=cris-victoria@uta.cl
✗ Meenakshi Thakur: OpenAlex 429 en https://api.openalex.org/works?filter=author.id:A5078309165&per-page=200&select=id,title,publication_year,cited_by_count,fwci,citation_normalized_percentile,open_access,primary_location,primary_topic,authorships&cursor=*&mailto=cris-victoria@uta.cl
✗ Rajendra Damu Patil: OpenAlex 429 en https://api.openalex.org/works?filter=author.id:A5101842472&per-page=200&select=id,title,publication_year,cited_by_count,fwci,citation_normalized_percentile,open_access,primary_location,primary_topic,authorships&cursor=*&mailto=cris-victoria@uta.cl
✗ Prangya Rath: OpenAlex 429 en https://api.openalex.org/works?filter=author.id:A5038940543&per-page=200&select=id,title,publication_year,cited_by_count,fwci,citation_normalized_percentile,open_access,primary_location,primary_topic,authorships&cursor=*&mailto=cris-victoria@uta.cl
✗ Sanju Purohit: OpenAlex 429 en https://api.openalex.org/works?filter=author.id:A5015088596&per-page=200&select=id,title,publication_year,cited_by_count,fwci,citation_normalized_percentile,open_access,primary_location,primary_topic,authorships&cursor=*&mailto=cris-victoria@uta.cl
✗ Tanu Jindal: OpenAlex 429 en https://api.openalex.org/works?filter=author.id:A5083224339&per-page=200&select=id,title,publication_year,cited_by_count,fwci,citation_normalized_percentile,open_access,primary_location,primary_topic,authorships&cursor=*&mailto=cris-victoria@uta.cl
✗ Ajay Shankar: OpenAlex 429 en https://api.openalex.org/works?filter=author.id:A5081352705&per-page=200&select=id,title,publication_year,cited_by_count,fwci,citation_normalized_percentile,open_access,primary_location,primary_topic,authorships&cursor=*&mailto=cris-victoria@uta.cl
✗ Mahesh Chand: OpenAlex 429 en https://api.openalex.org/works?filter=author.id:A5074590771&per-page=200&select=id,title,publication_year,cited_by_count,fwci,citation_normalized_percentile,open_access,primary_location,primary_topic,authorships&cursor=*&mailto=cris-victoria@uta.cl
✗ Ritu Singh: OpenAlex 429 en https://api.openalex.org/works?filter=author.id:A5027421240&per-page=200&select=id,title,publication_year,cited_by_count,fwci,citation_normalized_percentile,open_access,primary_location,primary_topic,authorships&cursor=*&mailto=cris-victoria@uta.cl
✗ Huma Parveen: OpenAlex 429 en https://api.openalex.org/works?filter=author.id:A5069222014&per-page=200&select=id,title,publication_year,cited_by_count,fwci,citation_normalized_percentile,open_access,primary_location,primary_topic,authorships&cursor=*&mailto=cris-victoria@uta.cl
✗ Remy Hoek Spaans: OpenAlex 429 en https://api.openalex.org/works?filter=author.id:A5014508213&per-page=200&select=id,title,publication_year,cited_by_count,fwci,citation_normalized_percentile,open_access,primary_location,primary_topic,authorships&cursor=*&mailto=cris-victoria@uta.cl
✗ Bruna Drumond: OpenAlex 429 en https://api.openalex.org/works?filter=author.id:A5075583874&per-page=200&select=id,title,publication_year,cited_by_count,fwci,citation_normalized_percentile,open_access,primary_location,primary_topic,authorships&cursor=*&mailto=cris-victoria@uta.cl
✗ Kim Robin van Daalen: OpenAlex 429 en https://api.openalex.org/works?filter=author.id:A5063974513&per-page=200&select=id,title,publication_year,cited_by_count,fwci,citation_normalized_percentile,open_access,primary_location,primary_topic,authorships&cursor=*&mailto=cris-victoria@uta.cl
✗ Alison Derbyshire: OpenAlex 429 en https://api.openalex.org/works?filter=author.id:A5051333181&per-page=200&select=id,title,publication_year,cited_by_count,fwci,citation_normalized_percentile,open_access,primary_location,primary_topic,authorships&cursor=*&mailto=cris-victoria@uta.cl
✗ Raquel Martins Lana: OpenAlex 429 en https://api.openalex.org/works?filter=author.id:A5047292127&per-page=200&select=id,title,publication_year,cited_by_count,fwci,citation_normalized_percentile,open_access,primary_location,primary_topic,authorships&cursor=*&mailto=cris-victoria@uta.cl
✗ Gabriel Carrasco‐Escobar: OpenAlex 429 en https://api.openalex.org/works?filter=author.id:A5081733626&per-page=200&select=id,title,publication_year,cited_by_count,fwci,citation_normalized_percentile,open_access,primary_location,primary_topic,authorships&cursor=*&mailto=cris-victoria@uta.cl
✗ Cláudia Torres Codeço: OpenAlex 429 en https://api.openalex.org/works?filter=author.id:A5001956028&per-page=200&select=id,title,publication_year,cited_by_count,fwci,citation_normalized_percentile,open_access,primary_location,primary_topic,authorships&cursor=*&mailto=cris-victoria@uta.cl
✗ Rachel Lowe: OpenAlex 429 en https://api.openalex.org/works?filter=author.id:A5020097125&per-page=200&select=id,title,publication_year,cited_by_count,fwci,citation_normalized_percentile,open_access,primary_location,primary_topic,authorships&cursor=*&mailto=cris-victoria@uta.cl
✗ Ernesto G. Birgin: OpenAlex 429 en https://api.openalex.org/works?filter=author.id:A5087290455&per-page=200&select=id,title,publication_year,cited_by_count,fwci,citation_normalized_percentile,open_access,primary_location,primary_topic,authorships&cursor=*&mailto=cris-victoria@uta.cl
✗ David Albandea: OpenAlex 429 en https://api.openalex.org/works?filter=author.id:A5021557999&per-page=200&select=id,title,publication_year,cited_by_count,fwci,citation_normalized_percentile,open_access,primary_location,primary_topic,authorships&cursor=*&mailto=cris-victoria@uta.cl
✗ Pilar Hernández: OpenAlex 429 en https://api.openalex.org/works?filter=author.id:A5089782967&per-page=200&select=id,title,publication_year,cited_by_count,fwci,citation_normalized_percentile,open_access,primary_location,primary_topic,authorships&cursor=*&mailto=cris-victoria@uta.cl
✗ Fernando Romero-López: OpenAlex 429 en https://api.openalex.org/works?filter=author.id:A5024429098&per-page=200&select=id,title,publication_year,cited_by_count,fwci,citation_normalized_percentile,open_access,primary_location,primary_topic,authorships&cursor=*&mailto=cris-victoria@uta.cl
✗ Chia‐Ling Chen: OpenAlex 429 en https://api.openalex.org/works?filter=author.id:A5007317728&per-page=200&select=id,title,publication_year,cited_by_count,fwci,citation_normalized_percentile,open_access,primary_location,primary_topic,authorships&cursor=*&mailto=cris-victoria@uta.cl
✗ Mehmet R. Dokmeci: OpenAlex 429 en https://api.openalex.org/works?filter=author.id:A5064097008&per-page=200&select=id,title,publication_year,cited_by_count,fwci,citation_normalized_percentile,open_access,primary_location,primary_topic,authorships&cursor=*&mailto=cris-victoria@uta.cl
✗ Fernando Cabrales Gómez: OpenAlex 429 en https://api.openalex.org/works?filter=author.id:A5033419686&per-page=200&select=id,title,publication_year,cited_by_count,fwci,citation_normalized_percentile,open_access,primary_location,primary_topic,authorships&cursor=*&mailto=cris-victoria@uta.cl
✗ Marco Villalobos Abarca: OpenAlex 429 en https://api.openalex.org/works?filter=author.id:A5034399531&per-page=200&select=id,title,publication_year,cited_by_count,fwci,citation_normalized_percentile,open_access,primary_location,primary_topic,authorships&cursor=*&mailto=cris-victoria@uta.cl
✗ Gualberto Solís‐Perales: OpenAlex 429 en https://api.openalex.org/works?filter=author.id:A5075543238&per-page=200&select=id,title,publication_year,cited_by_count,fwci,citation_normalized_percentile,open_access,primary_location,primary_topic,authorships&cursor=*&mailto=cris-victoria@uta.cl
✗ Marcelo Duarte: OpenAlex 429 en https://api.openalex.org/works?filter=author.id:A5057943000&per-page=200&select=id,title,publication_year,cited_by_count,fwci,citation_normalized_percentile,open_access,primary_location,primary_topic,authorships&cursor=*&mailto=cris-victoria@uta.cl
✗ Sebastián Espinoza-Donoso: OpenAlex 429 en https://api.openalex.org/works?filter=author.id:A5022914755&per-page=200&select=id,title,publication_year,cited_by_count,fwci,citation_normalized_percentile,open_access,primary_location,primary_topic,authorships&cursor=*&mailto=cris-victoria@uta.cl
✗ Todd M. Gilligan: OpenAlex 429 en https://api.openalex.org/works?filter=author.id:A5036301957&per-page=200&select=id,title,publication_year,cited_by_count,fwci,citation_normalized_percentile,open_access,primary_location,primary_topic,authorships&cursor=*&mailto=cris-victoria@uta.cl
✗ John W. Brown: OpenAlex 429 en https://api.openalex.org/works?filter=author.id:A5081150585&per-page=200&select=id,title,publication_year,cited_by_count,fwci,citation_normalized_percentile,open_access,primary_location,primary_topic,authorships&cursor=*&mailto=cris-victoria@uta.cl
✗ Andrés Rodríguez Aguilera: OpenAlex 429 en https://api.openalex.org/works?filter=author.id:A5109852992&per-page=200&select=id,title,publication_year,cited_by_count,fwci,citation_normalized_percentile,open_access,primary_location,primary_topic,authorships&cursor=*&mailto=cris-victoria@uta.cl
✗ Jéssica López: OpenAlex 429 en https://api.openalex.org/works?filter=author.id:A5082760081&per-page=200&select=id,title,publication_year,cited_by_count,fwci,citation_normalized_percentile,open_access,primary_location,primary_topic,authorships&cursor=*&mailto=cris-victoria@uta.cl
✗ Cecilia Baginsky: OpenAlex 429 en https://api.openalex.org/works?filter=author.id:A5059028219&per-page=200&select=id,title,publication_year,cited_by_count,fwci,citation_normalized_percentile,open_access,primary_location,primary_topic,authorships&cursor=*&mailto=cris-victoria@uta.cl
✗ Marco Garrido: OpenAlex 429 en https://api.openalex.org/works?filter=author.id:A5048402245&per-page=200&select=id,title,publication_year,cited_by_count,fwci,citation_normalized_percentile,open_access,primary_location,primary_topic,authorships&cursor=*&mailto=cris-victoria@uta.cl
✗ Damir Galaz-Mandakovic: OpenAlex 429 en https://api.openalex.org/works?filter=author.id:A5079702993&per-page=200&select=id,title,publication_year,cited_by_count,fwci,citation_normalized_percentile,open_access,primary_location,primary_topic,authorships&cursor=*&mailto=cris-victoria@uta.cl
✗ Manuel Arana‐Jiménez: OpenAlex 429 en https://api.openalex.org/works?filter=author.id:A5064225117&per-page=200&select=id,title,publication_year,cited_by_count,fwci,citation_normalized_percentile,open_access,primary_location,primary_topic,authorships&cursor=*&mailto=cris-victoria@uta.cl
✗ Osvaldo R. Saavedra: OpenAlex 429 en https://api.openalex.org/works?filter=author.id:A5033560631&per-page=200&select=id,title,publication_year,cited_by_count,fwci,citation_normalized_percentile,open_access,primary_location,primary_topic,authorships&cursor=*&mailto=cris-victoria@uta.cl
✗ Hamzeh Agahi: OpenAlex 429 en https://api.openalex.org/works?filter=author.id:A5002546960&per-page=200&select=id,title,publication_year,cited_by_count,fwci,citation_normalized_percentile,open_access,primary_location,primary_topic,authorships&cursor=*&mailto=cris-victoria@uta.cl
✗ Juan J. Nieto: OpenAlex 429 en https://api.openalex.org/works?filter=author.id:A5074558033&per-page=200&select=id,title,publication_year,cited_by_count,fwci,citation_normalized_percentile,open_access,primary_location,primary_topic,authorships&cursor=*&mailto=cris-victoria@uta.cl
✗ Abdelghani Ouahab: OpenAlex 429 en https://api.openalex.org/works?filter=author.id:A5073492770&per-page=200&select=id,title,publication_year,cited_by_count,fwci,citation_normalized_percentile,open_access,primary_location,primary_topic,authorships&cursor=*&mailto=cris-victoria@uta.cl
✗ R. Zurita‐Milla: OpenAlex 429 en https://api.openalex.org/works?filter=author.id:A5075715085&per-page=200&select=id,title,publication_year,cited_by_count,fwci,citation_normalized_percentile,open_access,primary_location,primary_topic,authorships&cursor=*&mailto=cris-victoria@uta.cl
✗ Cristian Lopez: OpenAlex 429 en https://api.openalex.org/works?filter=author.id:A5012304998&per-page=200&select=id,title,publication_year,cited_by_count,fwci,citation_normalized_percentile,open_access,primary_location,primary_topic,authorships&cursor=*&mailto=cris-victoria@uta.cl
✗ Sebastián Gutiérrez: OpenAlex 429 en https://api.openalex.org/works?filter=author.id:A5101702758&per-page=200&select=id,title,publication_year,cited_by_count,fwci,citation_normalized_percentile,open_access,primary_location,primary_topic,authorships&cursor=*&mailto=cris-victoria@uta.cl
✗ Natalia Aravena: OpenAlex 429 en https://api.openalex.org/works?filter=author.id:A5038119925&per-page=200&select=id,title,publication_year,cited_by_count,fwci,citation_normalized_percentile,open_access,primary_location,primary_topic,authorships&cursor=*&mailto=cris-victoria@uta.cl
✗ Camila Contreras: OpenAlex 429 en https://api.openalex.org/works?filter=author.id:A5101262958&per-page=200&select=id,title,publication_year,cited_by_count,fwci,citation_normalized_percentile,open_access,primary_location,primary_topic,authorships&cursor=*&mailto=cris-victoria@uta.cl
✗ Tiago Vera-Assaoka: OpenAlex 429 en https://api.openalex.org/works?filter=author.id:A5007144269&per-page=200&select=id,title,publication_year,cited_by_count,fwci,citation_normalized_percentile,open_access,primary_location,primary_topic,authorships&cursor=*&mailto=cris-victoria@uta.cl
✗ Guillermo Laclote-Gutierrez: OpenAlex 429 en https://api.openalex.org/works?filter=author.id:A5014131645&per-page=200&select=id,title,publication_year,cited_by_count,fwci,citation_normalized_percentile,open_access,primary_location,primary_topic,authorships&cursor=*&mailto=cris-victoria@uta.cl
✗ Querubín Flores-Núñez: OpenAlex 429 en https://api.openalex.org/works?filter=author.id:A5133453677&per-page=200&select=id,title,publication_year,cited_by_count,fwci,citation_normalized_percentile,open_access,primary_location,primary_topic,authorships&cursor=*&mailto=cris-victoria@uta.cl
✗ Bastián Carter-Thuillier: OpenAlex 429 en https://api.openalex.org/works?filter=author.id:A5000000154&per-page=200&select=id,title,publication_year,cited_by_count,fwci,citation_normalized_percentile,open_access,primary_location,primary_topic,authorships&cursor=*&mailto=cris-victoria@uta.cl
✗ Maura Auad-Brito: OpenAlex 429 en https://api.openalex.org/works?filter=author.id:A5092913715&per-page=200&select=id,title,publication_year,cited_by_count,fwci,citation_normalized_percentile,open_access,primary_location,primary_topic,authorships&cursor=*&mailto=cris-victoria@uta.cl
✗ Carlos A. Manzano: OpenAlex 429 en https://api.openalex.org/works?filter=author.id:A5027583970&per-page=200&select=id,title,publication_year,cited_by_count,fwci,citation_normalized_percentile,open_access,primary_location,primary_topic,authorships&cursor=*&mailto=cris-victoria@uta.cl
✗ Manuel Merino: OpenAlex 429 en https://api.openalex.org/works?filter=author.id:A5019457991&per-page=200&select=id,title,publication_year,cited_by_count,fwci,citation_normalized_percentile,open_access,primary_location,primary_topic,authorships&cursor=*&mailto=cris-victoria@uta.cl
✗ Gilda Carrasco: OpenAlex 429 en https://api.openalex.org/works?filter=author.id:A5071809017&per-page=200&select=id,title,publication_year,cited_by_count,fwci,citation_normalized_percentile,open_access,primary_location,primary_topic,authorships&cursor=*&mailto=cris-victoria@uta.cl
✗ Gabino Alberto Martínez-Gutiérrez: OpenAlex 429 en https://api.openalex.org/works?filter=author.id:A5003563520&per-page=200&select=id,title,publication_year,cited_by_count,fwci,citation_normalized_percentile,open_access,primary_location,primary_topic,authorships&cursor=*&mailto=cris-victoria@uta.cl
✗ Jürgen Vormann: OpenAlex 429 en https://api.openalex.org/works?filter=author.id:A5025583114&per-page=200&select=id,title,publication_year,cited_by_count,fwci,citation_normalized_percentile,open_access,primary_location,primary_topic,authorships&cursor=*&mailto=cris-victoria@uta.cl
✗ Deterlino Urzagasti: OpenAlex 429 en https://api.openalex.org/works?filter=author.id:A5001945596&per-page=200&select=id,title,publication_year,cited_by_count,fwci,citation_normalized_percentile,open_access,primary_location,primary_topic,authorships&cursor=*&mailto=cris-victoria@uta.cl
✗ Pedro Vega-Jorquera: OpenAlex 429 en https://api.openalex.org/works?filter=author.id:A5030857732&per-page=200&select=id,title,publication_year,cited_by_count,fwci,citation_normalized_percentile,open_access,primary_location,primary_topic,authorships&cursor=*&mailto=cris-victoria@uta.cl
✗ F. Domínguez‐Adame: OpenAlex 429 en https://api.openalex.org/works?filter=author.id:A5051418310&per-page=200&select=id,title,publication_year,cited_by_count,fwci,citation_normalized_percentile,open_access,primary_location,primary_topic,authorships&cursor=*&mailto=cris-victoria@uta.cl
✗ Leticia Martínez‐Lapuente: OpenAlex 429 en https://api.openalex.org/works?filter=author.id:A5083406298&per-page=200&select=id,title,publication_year,cited_by_count,fwci,citation_normalized_percentile,open_access,primary_location,primary_topic,authorships&cursor=*&mailto=cris-victoria@uta.cl
✗ Belén Ayestarán: OpenAlex 429 en https://api.openalex.org/works?filter=author.id:A5091100150&per-page=200&select=id,title,publication_year,cited_by_count,fwci,citation_normalized_percentile,open_access,primary_location,primary_topic,authorships&cursor=*&mailto=cris-victoria@uta.cl
✗ Zenaida Guadalupe: OpenAlex 429 en https://api.openalex.org/works?filter=author.id:A5011379617&per-page=200&select=id,title,publication_year,cited_by_count,fwci,citation_normalized_percentile,open_access,primary_location,primary_topic,authorships&cursor=*&mailto=cris-victoria@uta.cl
✗ Julián Quintero Quiroz: OpenAlex 429 en https://api.openalex.org/works?filter=author.id:A5043316547&per-page=200&select=id,title,publication_year,cited_by_count,fwci,citation_normalized_percentile,open_access,primary_location,primary_topic,authorships&cursor=*&mailto=cris-victoria@uta.cl
✗ Patricio Huerta: OpenAlex 429 en https://api.openalex.org/works?filter=author.id:A5017378221&per-page=200&select=id,title,publication_year,cited_by_count,fwci,citation_normalized_percentile,open_access,primary_location,primary_topic,authorships&cursor=*&mailto=cris-victoria@uta.cl
✗ Miguel Antonio Espinosa Rico: OpenAlex 429 en https://api.openalex.org/works?filter=author.id:A5057886847&per-page=200&select=id,title,publication_year,cited_by_count,fwci,citation_normalized_percentile,open_access,primary_location,primary_topic,authorships&cursor=*&mailto=cris-victoria@uta.cl
✗ Alexandra López Martínez: OpenAlex 429 en https://api.openalex.org/works?filter=author.id:A5068013191&per-page=200&select=id,title,publication_year,cited_by_count,fwci,citation_normalized_percentile,open_access,primary_location,primary_topic,authorships&cursor=*&mailto=cris-victoria@uta.cl
✗ Marlenis Marisol Martínez Fuentes: OpenAlex 429 en https://api.openalex.org/works?filter=author.id:A5039974726&per-page=200&select=id,title,publication_year,cited_by_count,fwci,citation_normalized_percentile,open_access,primary_location,primary_topic,authorships&cursor=*&mailto=cris-victoria@uta.cl
✗ Ximena Póo Figueroa: OpenAlex 429 en https://api.openalex.org/works?filter=author.id:A5022406449&per-page=200&select=id,title,publication_year,cited_by_count,fwci,citation_normalized_percentile,open_access,primary_location,primary_topic,authorships&cursor=*&mailto=cris-victoria@uta.cl
✗ Sebastião Júnior Henrique Duarte: OpenAlex 429 en https://api.openalex.org/works?filter=author.id:A5028060297&per-page=200&select=id,title,publication_year,cited_by_count,fwci,citation_normalized_percentile,open_access,primary_location,primary_topic,authorships&cursor=*&mailto=cris-victoria@uta.cl
✗ C Meléndez: OpenAlex 429 en https://api.openalex.org/works?filter=author.id:A5114177239&per-page=200&select=id,title,publication_year,cited_by_count,fwci,citation_normalized_percentile,open_access,primary_location,primary_topic,authorships&cursor=*&mailto=cris-victoria@uta.cl
✗ Genaro Moyano Arcos: OpenAlex 429 en https://api.openalex.org/works?filter=author.id:A5081019695&per-page=200&select=id,title,publication_year,cited_by_count,fwci,citation_normalized_percentile,open_access,primary_location,primary_topic,authorships&cursor=*&mailto=cris-victoria@uta.cl
✗ Damián Lo Chávez: OpenAlex 429 en https://api.openalex.org/works?filter=author.id:A5010288975&per-page=200&select=id,title,publication_year,cited_by_count,fwci,citation_normalized_percentile,open_access,primary_location,primary_topic,authorships&cursor=*&mailto=cris-victoria@uta.cl
✗ Karelia Cerda Castro: OpenAlex 429 en https://api.openalex.org/works?filter=author.id:A5085891661&per-page=200&select=id,title,publication_year,cited_by_count,fwci,citation_normalized_percentile,open_access,primary_location,primary_topic,authorships&cursor=*&mailto=cris-victoria@uta.cl
✗ Carlos Donoso Rojas: OpenAlex 429 en https://api.openalex.org/works?filter=author.id:A5032572410&per-page=200&select=id,title,publication_year,cited_by_count,fwci,citation_normalized_percentile,open_access,primary_location,primary_topic,authorships&cursor=*&mailto=cris-victoria@uta.cl
✗ Julio Mendívil: OpenAlex 429 en https://api.openalex.org/works?filter=author.id:A5041407407&per-page=200&select=id,title,publication_year,cited_by_count,fwci,citation_normalized_percentile,open_access,primary_location,primary_topic,authorships&cursor=*&mailto=cris-victoria@uta.cl
✗ Vicente Romero: OpenAlex 429 en https://api.openalex.org/works?filter=author.id:A5102738997&per-page=200&select=id,title,publication_year,cited_by_count,fwci,citation_normalized_percentile,open_access,primary_location,primary_topic,authorships&cursor=*&mailto=cris-victoria@uta.cl
✗ Fernando Martínez: OpenAlex 429 en https://api.openalex.org/works?filter=author.id:A5071863791&per-page=200&select=id,title,publication_year,cited_by_count,fwci,citation_normalized_percentile,open_access,primary_location,primary_topic,authorships&cursor=*&mailto=cris-victoria@uta.cl
✗ César Arriagada: OpenAlex 429 en https://api.openalex.org/works?filter=author.id:A5076447304&per-page=200&select=id,title,publication_year,cited_by_count,fwci,citation_normalized_percentile,open_access,primary_location,primary_topic,authorships&cursor=*&mailto=cris-victoria@uta.cl
✗ Katja Deckart: OpenAlex 429 en https://api.openalex.org/works?filter=author.id:A5031867703&per-page=200&select=id,title,publication_year,cited_by_count,fwci,citation_normalized_percentile,open_access,primary_location,primary_topic,authorships&cursor=*&mailto=cris-victoria@uta.cl
✗ Matías Peña: OpenAlex 429 en https://api.openalex.org/works?filter=author.id:A5025309749&per-page=200&select=id,title,publication_year,cited_by_count,fwci,citation_normalized_percentile,open_access,primary_location,primary_topic,authorships&cursor=*&mailto=cris-victoria@uta.cl
✗ Sergio F. Ochoa: OpenAlex 429 en https://api.openalex.org/works?filter=author.id:A5076957708&per-page=200&select=id,title,publication_year,cited_by_count,fwci,citation_normalized_percentile,open_access,primary_location,primary_topic,authorships&cursor=*&mailto=cris-victoria@uta.cl
✗ Damiano Sarocchi: OpenAlex 429 en https://api.openalex.org/works?filter=author.id:A5088906926&per-page=200&select=id,title,publication_year,cited_by_count,fwci,citation_normalized_percentile,open_access,primary_location,primary_topic,authorships&cursor=*&mailto=cris-victoria@uta.cl
✗ Mariano Cerca: OpenAlex 429 en https://api.openalex.org/works?filter=author.id:A5065112094&per-page=200&select=id,title,publication_year,cited_by_count,fwci,citation_normalized_percentile,open_access,primary_location,primary_topic,authorships&cursor=*&mailto=cris-victoria@uta.cl
✗ Carolina Agüero: OpenAlex 429 en https://api.openalex.org/works?filter=author.id:A5018849134&per-page=200&select=id,title,publication_year,cited_by_count,fwci,citation_normalized_percentile,open_access,primary_location,primary_topic,authorships&cursor=*&mailto=cris-victoria@uta.cl
✗ Jeffrey Splitstoser: OpenAlex 429 en https://api.openalex.org/works?filter=author.id:A5026191971&per-page=200&select=id,title,publication_year,cited_by_count,fwci,citation_normalized_percentile,open_access,primary_location,primary_topic,authorships&cursor=*&mailto=cris-victoria@uta.cl
✗ Tracy Martens: OpenAlex 429 en https://api.openalex.org/works?filter=author.id:A5020062766&per-page=200&select=id,title,publication_year,cited_by_count,fwci,citation_normalized_percentile,open_access,primary_location,primary_topic,authorships&cursor=*&mailto=cris-victoria@uta.cl
✗ César Parcero‐Oubiña: OpenAlex 429 en https://api.openalex.org/works?filter=author.id:A5043943905&per-page=200&select=id,title,publication_year,cited_by_count,fwci,citation_normalized_percentile,open_access,primary_location,primary_topic,authorships&cursor=*&mailto=cris-victoria@uta.cl
✗ Pastor Fábrega‐Álvarez: OpenAlex 429 en https://api.openalex.org/works?filter=author.id:A5044234521&per-page=200&select=id,title,publication_year,cited_by_count,fwci,citation_normalized_percentile,open_access,primary_location,primary_topic,authorships&cursor=*&mailto=cris-victoria@uta.cl
✗ Andrés Troncoso: OpenAlex 429 en https://api.openalex.org/works?filter=author.id:A5083297607&per-page=200&select=id,title,publication_year,cited_by_count,fwci,citation_normalized_percentile,open_access,primary_location,primary_topic,authorships&cursor=*&mailto=cris-victoria@uta.cl
✗ David Killick: OpenAlex 429 en https://api.openalex.org/works?filter=author.id:A5066071224&per-page=200&select=id,title,publication_year,cited_by_count,fwci,citation_normalized_percentile,open_access,primary_location,primary_topic,authorships&cursor=*&mailto=cris-victoria@uta.cl
✗ Ariadna Cifuentes: OpenAlex 429 en https://api.openalex.org/works?filter=author.id:A5045632802&per-page=200&select=id,title,publication_year,cited_by_count,fwci,citation_normalized_percentile,open_access,primary_location,primary_topic,authorships&cursor=*&mailto=cris-victoria@uta.cl
✗ Iván Godoy-Flores: OpenAlex 429 en https://api.openalex.org/works?filter=author.id:A5039653431&per-page=200&select=id,title,publication_year,cited_by_count,fwci,citation_normalized_percentile,open_access,primary_location,primary_topic,authorships&cursor=*&mailto=cris-victoria@uta.cl
✗ Brayan Medina Concha: OpenAlex 429 en https://api.openalex.org/works?filter=author.id:A5093003922&per-page=200&select=id,title,publication_year,cited_by_count,fwci,citation_normalized_percentile,open_access,primary_location,primary_topic,authorships&cursor=*&mailto=cris-victoria@uta.cl
✗ Carlos Jesús Ríos Rodríguez: OpenAlex 429 en https://api.openalex.org/works?filter=author.id:A5086909170&per-page=200&select=id,title,publication_year,cited_by_count,fwci,citation_normalized_percentile,open_access,primary_location,primary_topic,authorships&cursor=*&mailto=cris-victoria@uta.cl
✗ Paola Lagos Labbé: OpenAlex 429 en https://api.openalex.org/works?filter=author.id:A5079599651&per-page=200&select=id,title,publication_year,cited_by_count,fwci,citation_normalized_percentile,open_access,primary_location,primary_topic,authorships&cursor=*&mailto=cris-victoria@uta.cl
✗ Francisco Ramis Lanyon: OpenAlex 429 en https://api.openalex.org/works?filter=author.id:A5044230802&per-page=200&select=id,title,publication_year,cited_by_count,fwci,citation_normalized_percentile,open_access,primary_location,primary_topic,authorships&cursor=*&mailto=cris-victoria@uta.cl
✗ Daniela Silva: OpenAlex 429 en https://api.openalex.org/works?filter=author.id:A5100684755&per-page=200&select=id,title,publication_year,cited_by_count,fwci,citation_normalized_percentile,open_access,primary_location,primary_topic,authorships&cursor=*&mailto=cris-victoria@uta.cl
✗ Tony Mifsud: OpenAlex 429 en https://api.openalex.org/works?filter=author.id:A5079806626&per-page=200&select=id,title,publication_year,cited_by_count,fwci,citation_normalized_percentile,open_access,primary_location,primary_topic,authorships&cursor=*&mailto=cris-victoria@uta.cl
✗ Elizabeth Lira: OpenAlex 429 en https://api.openalex.org/works?filter=author.id:A5103267291&per-page=200&select=id,title,publication_year,cited_by_count,fwci,citation_normalized_percentile,open_access,primary_location,primary_topic,authorships&cursor=*&mailto=cris-victoria@uta.cl
✗ Andrés Fernando Suárez: OpenAlex 429 en https://api.openalex.org/works?filter=author.id:A5006294296&per-page=200&select=id,title,publication_year,cited_by_count,fwci,citation_normalized_percentile,open_access,primary_location,primary_topic,authorships&cursor=*&mailto=cris-victoria@uta.cl
✗ José Sepúlveda: OpenAlex 429 en https://api.openalex.org/works?filter=author.id:A5090565034&per-page=200&select=id,title,publication_year,cited_by_count,fwci,citation_normalized_percentile,open_access,primary_location,primary_topic,authorships&cursor=*&mailto=cris-victoria@uta.cl
✗ Waldemar Karwowski: OpenAlex 429 en https://api.openalex.org/works?filter=author.id:A5068942141&per-page=200&select=id,title,publication_year,cited_by_count,fwci,citation_normalized_percentile,open_access,primary_location,primary_topic,authorships&cursor=*&mailto=cris-victoria@uta.cl
✗ Erico R. Carmona: OpenAlex 429 en https://api.openalex.org/works?filter=author.id:A5028426220&per-page=200&select=id,title,publication_year,cited_by_count,fwci,citation_normalized_percentile,open_access,primary_location,primary_topic,authorships&cursor=*&mailto=cris-victoria@uta.cl
✗ Anandhakumar Sukeri: OpenAlex 429 en https://api.openalex.org/works?filter=author.id:A5060866902&per-page=200&select=id,title,publication_year,cited_by_count,fwci,citation_normalized_percentile,open_access,primary_location,primary_topic,authorships&cursor=*&mailto=cris-victoria@uta.cl
✗ Ana Aliverti: OpenAlex 429 en https://api.openalex.org/works?filter=author.id:A5056246204&per-page=200&select=id,title,publication_year,cited_by_count,fwci,citation_normalized_percentile,open_access,primary_location,primary_topic,authorships&cursor=*&mailto=cris-victoria@uta.cl
✗ Elisa García España: OpenAlex 429 en https://api.openalex.org/works?filter=author.id:A5057460602&per-page=200&select=id,title,publication_year,cited_by_count,fwci,citation_normalized_percentile,open_access,primary_location,primary_topic,authorships&cursor=*&mailto=cris-victoria@uta.cl
✗ Germán Fajardo-Dolci: OpenAlex 429 en https://api.openalex.org/works?filter=author.id:A5064460850&per-page=200&select=id,title,publication_year,cited_by_count,fwci,citation_normalized_percentile,open_access,primary_location,primary_topic,authorships&cursor=*&mailto=cris-victoria@uta.cl
✗ Kimberley Norris: OpenAlex 429 en https://api.openalex.org/works?filter=author.id:A5047390776&per-page=200&select=id,title,publication_year,cited_by_count,fwci,citation_normalized_percentile,open_access,primary_location,primary_topic,authorships&cursor=*&mailto=cris-victoria@uta.cl
✗ Elisa Delvecchio: OpenAlex 429 en https://api.openalex.org/works?filter=author.id:A5071455060&per-page=200&select=id,title,publication_year,cited_by_count,fwci,citation_normalized_percentile,open_access,primary_location,primary_topic,authorships&cursor=*&mailto=cris-victoria@uta.cl
✗ Karla Tay‐Karapas: OpenAlex 429 en https://api.openalex.org/works?filter=author.id:A5062403918&per-page=200&select=id,title,publication_year,cited_by_count,fwci,citation_normalized_percentile,open_access,primary_location,primary_topic,authorships&cursor=*&mailto=cris-victoria@uta.cl
✗ Ricardo Espinoza-Tapia: OpenAlex 429 en https://api.openalex.org/works?filter=author.id:A5063290287&per-page=200&select=id,title,publication_year,cited_by_count,fwci,citation_normalized_percentile,open_access,primary_location,primary_topic,authorships&cursor=*&mailto=cris-victoria@uta.cl
✗ À. Martínez-Ferrer: OpenAlex 429 en https://api.openalex.org/works?filter=author.id:A5069395382&per-page=200&select=id,title,publication_year,cited_by_count,fwci,citation_normalized_percentile,open_access,primary_location,primary_topic,authorships&cursor=*&mailto=cris-victoria@uta.cl
✗ María-Carla Morales-Gómez: OpenAlex 429 en https://api.openalex.org/works?filter=author.id:A5035760646&per-page=200&select=id,title,publication_year,cited_by_count,fwci,citation_normalized_percentile,open_access,primary_location,primary_topic,authorships&cursor=*&mailto=cris-victoria@uta.cl
✗ Cristián Pinto-Cortez: OpenAlex 429 en https://api.openalex.org/works?filter=author.id:A5106950112&per-page=200&select=id,title,publication_year,cited_by_count,fwci,citation_normalized_percentile,open_access,primary_location,primary_topic,authorships&cursor=*&mailto=cris-victoria@uta.cl
✗ José Berríos-Riquelme: OpenAlex 429 en https://api.openalex.org/works?filter=author.id:A5001267063&per-page=200&select=id,title,publication_year,cited_by_count,fwci,citation_normalized_percentile,open_access,primary_location,primary_topic,authorships&cursor=*&mailto=cris-victoria@uta.cl
✗ Katherine Acosta: OpenAlex 429 en https://api.openalex.org/works?filter=author.id:A5000873196&per-page=200&select=id,title,publication_year,cited_by_count,fwci,citation_normalized_percentile,open_access,primary_location,primary_topic,authorships&cursor=*&mailto=cris-victoria@uta.cl
✗ Diego Castro Ceacero: OpenAlex 429 en https://api.openalex.org/works?filter=author.id:A5049804979&per-page=200&select=id,title,publication_year,cited_by_count,fwci,citation_normalized_percentile,open_access,primary_location,primary_topic,authorships&cursor=*&mailto=cris-victoria@uta.cl
✗ Paola Contreras Hernández: OpenAlex 429 en https://api.openalex.org/works?filter=author.id:A5080660163&per-page=200&select=id,title,publication_year,cited_by_count,fwci,citation_normalized_percentile,open_access,primary_location,primary_topic,authorships&cursor=*&mailto=cris-victoria@uta.cl
✗ Andrea Alvarado-Urbina: OpenAlex 429 en https://api.openalex.org/works?filter=author.id:A5062207804&per-page=200&select=id,title,publication_year,cited_by_count,fwci,citation_normalized_percentile,open_access,primary_location,primary_topic,authorships&cursor=*&mailto=cris-victoria@uta.cl
✗ David Álvarez-Maldonado: OpenAlex 429 en https://api.openalex.org/works?filter=author.id:A5081635102&per-page=200&select=id,title,publication_year,cited_by_count,fwci,citation_normalized_percentile,open_access,primary_location,primary_topic,authorships&cursor=*&mailto=cris-victoria@uta.cl
✗ Carmen Pénnanen-Arias: OpenAlex 429 en https://api.openalex.org/works?filter=author.id:A5004123031&per-page=200&select=id,title,publication_year,cited_by_count,fwci,citation_normalized_percentile,open_access,primary_location,primary_topic,authorships&cursor=*&mailto=cris-victoria@uta.cl
✗ Nicolás Barrientos-Oradini: OpenAlex 429 en https://api.openalex.org/works?filter=author.id:A5103059557&per-page=200&select=id,title,publication_year,cited_by_count,fwci,citation_normalized_percentile,open_access,primary_location,primary_topic,authorships&cursor=*&mailto=cris-victoria@uta.cl
✗ Noemí Copaja Morales: OpenAlex 429 en https://api.openalex.org/works?filter=author.id:A5036749372&per-page=200&select=id,title,publication_year,cited_by_count,fwci,citation_normalized_percentile,open_access,primary_location,primary_topic,authorships&cursor=*&mailto=cris-victoria@uta.cl
✗ Nancy Alarcón Henríquez: OpenAlex 429 en https://api.openalex.org/works?filter=author.id:A5059162919&per-page=200&select=id,title,publication_year,cited_by_count,fwci,citation_normalized_percentile,open_access,primary_location,primary_topic,authorships&cursor=*&mailto=cris-victoria@uta.cl
✗ P. Arce: OpenAlex 429 en https://api.openalex.org/works?filter=author.id:A5053120153&per-page=200&select=id,title,publication_year,cited_by_count,fwci,citation_normalized_percentile,open_access,primary_location,primary_topic,authorships&cursor=*&mailto=cris-victoria@uta.cl
✗ Nataly Ruiz-Cornejo: OpenAlex 429 en https://api.openalex.org/works?filter=author.id:A5022144758&per-page=200&select=id,title,publication_year,cited_by_count,fwci,citation_normalized_percentile,open_access,primary_location,primary_topic,authorships&cursor=*&mailto=cris-victoria@uta.cl
✗ Adolfo González: OpenAlex 429 en https://api.openalex.org/works?filter=author.id:A5101497798&per-page=200&select=id,title,publication_year,cited_by_count,fwci,citation_normalized_percentile,open_access,primary_location,primary_topic,authorships&cursor=*&mailto=cris-victoria@uta.cl
✗ Patricia González: OpenAlex 429 en https://api.openalex.org/works?filter=author.id:A5101539544&per-page=200&select=id,title,publication_year,cited_by_count,fwci,citation_normalized_percentile,open_access,primary_location,primary_topic,authorships&cursor=*&mailto=cris-victoria@uta.cl
✗ G Grebe: OpenAlex 429 en https://api.openalex.org/works?filter=author.id:A5011291071&per-page=200&select=id,title,publication_year,cited_by_count,fwci,citation_normalized_percentile,open_access,primary_location,primary_topic,authorships&cursor=*&mailto=cris-victoria@uta.cl
✗ Anton Tiutiunnyk: OpenAlex 429 en https://api.openalex.org/works?filter=author.id:A5018841237&per-page=200&select=id,title,publication_year,cited_by_count,fwci,citation_normalized_percentile,open_access,primary_location,primary_topic,authorships&cursor=*&mailto=cris-victoria@uta.cl
✗ Beatriz Larraz: OpenAlex 429 en https://api.openalex.org/works?filter=author.id:A5030120464&per-page=200&select=id,title,publication_year,cited_by_count,fwci,citation_normalized_percentile,open_access,primary_location,primary_topic,authorships&cursor=*&mailto=cris-victoria@uta.cl
✗ José M. Pavía: OpenAlex 429 en https://api.openalex.org/works?filter=author.id:A5005843838&per-page=200&select=id,title,publication_year,cited_by_count,fwci,citation_normalized_percentile,open_access,primary_location,primary_topic,authorships&cursor=*&mailto=cris-victoria@uta.cl
✗ David Henriquez-Villarroel: OpenAlex 429 en https://api.openalex.org/works?filter=author.id:A5092913716&per-page=200&select=id,title,publication_year,cited_by_count,fwci,citation_normalized_percentile,open_access,primary_location,primary_topic,authorships&cursor=*&mailto=cris-victoria@uta.cl
✗ Ari Jerrems: OpenAlex 429 en https://api.openalex.org/works?filter=author.id:A5054594512&per-page=200&select=id,title,publication_year,cited_by_count,fwci,citation_normalized_percentile,open_access,primary_location,primary_topic,authorships&cursor=*&mailto=cris-victoria@uta.cl
✗ Patricio Landaeta Mardones: OpenAlex 429 en https://api.openalex.org/works?filter=author.id:A5002849293&per-page=200&select=id,title,publication_year,cited_by_count,fwci,citation_normalized_percentile,open_access,primary_location,primary_topic,authorships&cursor=*&mailto=cris-victoria@uta.cl
✗ Francisco J. Rodríguez‐Valadez: OpenAlex 429 en https://api.openalex.org/works?filter=author.id:A5048719166&per-page=200&select=id,title,publication_year,cited_by_count,fwci,citation_normalized_percentile,open_access,primary_location,primary_topic,authorships&cursor=*&mailto=cris-victoria@uta.cl
✗ Gabriela Rosiles‐González: OpenAlex 429 en https://api.openalex.org/works?filter=author.id:A5089430924&per-page=200&select=id,title,publication_year,cited_by_count,fwci,citation_normalized_percentile,open_access,primary_location,primary_topic,authorships&cursor=*&mailto=cris-victoria@uta.cl
✗ Felip Gascón i Martín: OpenAlex 429 en https://api.openalex.org/works?filter=author.id:A5046699352&per-page=200&select=id,title,publication_year,cited_by_count,fwci,citation_normalized_percentile,open_access,primary_location,primary_topic,authorships&cursor=*&mailto=cris-victoria@uta.cl
✗ Luís Costa: OpenAlex 429 en https://api.openalex.org/works?filter=author.id:A5057379395&per-page=200&select=id,title,publication_year,cited_by_count,fwci,citation_normalized_percentile,open_access,primary_location,primary_topic,authorships&cursor=*&mailto=cris-victoria@uta.cl
✗ Marjorie Andrea Mardones Leiva: OpenAlex 429 en https://api.openalex.org/works?filter=author.id:A5088641584&per-page=200&select=id,title,publication_year,cited_by_count,fwci,citation_normalized_percentile,open_access,primary_location,primary_topic,authorships&cursor=*&mailto=cris-victoria@uta.cl
✗ César Pacheco Silva: OpenAlex 429 en https://api.openalex.org/works?filter=author.id:A5017543548&per-page=200&select=id,title,publication_year,cited_by_count,fwci,citation_normalized_percentile,open_access,primary_location,primary_topic,authorships&cursor=*&mailto=cris-victoria@uta.cl
✗ Rodrigo Browne Sartori: OpenAlex 429 en https://api.openalex.org/works?filter=author.id:A5084297496&per-page=200&select=id,title,publication_year,cited_by_count,fwci,citation_normalized_percentile,open_access,primary_location,primary_topic,authorships&cursor=*&mailto=cris-victoria@uta.cl
✗ Pamela Romero Lizama: OpenAlex 429 en https://api.openalex.org/works?filter=author.id:A5057066987&per-page=200&select=id,title,publication_year,cited_by_count,fwci,citation_normalized_percentile,open_access,primary_location,primary_topic,authorships&cursor=*&mailto=cris-victoria@uta.cl
✗ Luis Nitrihual Valdebenito: OpenAlex 429 en https://api.openalex.org/works?filter=author.id:A5021842991&per-page=200&select=id,title,publication_year,cited_by_count,fwci,citation_normalized_percentile,open_access,primary_location,primary_topic,authorships&cursor=*&mailto=cris-victoria@uta.cl
✗ María Gabriela Huidobro Salazar: OpenAlex 429 en https://api.openalex.org/works?filter=author.id:A5009869752&per-page=200&select=id,title,publication_year,cited_by_count,fwci,citation_normalized_percentile,open_access,primary_location,primary_topic,authorships&cursor=*&mailto=cris-victoria@uta.cl
✗ Paula Martínez Sagredo: OpenAlex 429 en https://api.openalex.org/works?filter=author.id:A5016476573&per-page=200&select=id,title,publication_year,cited_by_count,fwci,citation_normalized_percentile,open_access,primary_location,primary_topic,authorships&cursor=*&mailto=cris-victoria@uta.cl
✗ Elías Pizarro Pizarro: OpenAlex 429 en https://api.openalex.org/works?filter=author.id:A5090354548&per-page=200&select=id,title,publication_year,cited_by_count,fwci,citation_normalized_percentile,open_access,primary_location,primary_topic,authorships&cursor=*&mailto=cris-victoria@uta.cl
✗ Daniel Ramírez: OpenAlex 429 en https://api.openalex.org/works?filter=author.id:A5069360837&per-page=200&select=id,title,publication_year,cited_by_count,fwci,citation_normalized_percentile,open_access,primary_location,primary_topic,authorships&cursor=*&mailto=cris-victoria@uta.cl
✗ Alejandro Lorca-Vyhmeister: OpenAlex 429 en https://api.openalex.org/works?filter=author.id:A5016336413&per-page=200&select=id,title,publication_year,cited_by_count,fwci,citation_normalized_percentile,open_access,primary_location,primary_topic,authorships&cursor=*&mailto=cris-victoria@uta.cl
✗ Stephen Darwin: OpenAlex 429 en https://api.openalex.org/works?filter=author.id:A5038124064&per-page=200&select=id,title,publication_year,cited_by_count,fwci,citation_normalized_percentile,open_access,primary_location,primary_topic,authorships&cursor=*&mailto=cris-victoria@uta.cl
✗ Andrea Flanagan-Bórquez: OpenAlex 429 en https://api.openalex.org/works?filter=author.id:A5089872113&per-page=200&select=id,title,publication_year,cited_by_count,fwci,citation_normalized_percentile,open_access,primary_location,primary_topic,authorships&cursor=*&mailto=cris-victoria@uta.cl
✗ Almendra Aguilera-Muñoz: OpenAlex 429 en https://api.openalex.org/works?filter=author.id:A5008378003&per-page=200&select=id,title,publication_year,cited_by_count,fwci,citation_normalized_percentile,open_access,primary_location,primary_topic,authorships&cursor=*&mailto=cris-victoria@uta.cl
✗ Alba V. Olivares-Nadal: OpenAlex 429 en https://api.openalex.org/works?filter=author.id:A5015290354&per-page=200&select=id,title,publication_year,cited_by_count,fwci,citation_normalized_percentile,open_access,primary_location,primary_topic,authorships&cursor=*&mailto=cris-victoria@uta.cl
✗ Alberto A. López Toro: OpenAlex 429 en https://api.openalex.org/works?filter=author.id:A5029753391&per-page=200&select=id,title,publication_year,cited_by_count,fwci,citation_normalized_percentile,open_access,primary_location,primary_topic,authorships&cursor=*&mailto=cris-victoria@uta.cl
✗ Mahía Saracostti: OpenAlex 429 en https://api.openalex.org/works?filter=author.id:A5012520666&per-page=200&select=id,title,publication_year,cited_by_count,fwci,citation_normalized_percentile,open_access,primary_location,primary_topic,authorships&cursor=*&mailto=cris-victoria@uta.cl
✗ Enrique Canessa: OpenAlex 429 en https://api.openalex.org/works?filter=author.id:A5061524594&per-page=200&select=id,title,publication_year,cited_by_count,fwci,citation_normalized_percentile,open_access,primary_location,primary_topic,authorships&cursor=*&mailto=cris-victoria@uta.cl
✗ Marcela Rivadeneira Valenzuela: OpenAlex 429 en https://api.openalex.org/works?filter=author.id:A5056090790&per-page=200&select=id,title,publication_year,cited_by_count,fwci,citation_normalized_percentile,open_access,primary_location,primary_topic,authorships&cursor=*&mailto=cris-victoria@uta.cl
✗ Héctor Solórzano Navarro: OpenAlex 429 en https://api.openalex.org/works?filter=author.id:A5034013171&per-page=200&select=id,title,publication_year,cited_by_count,fwci,citation_normalized_percentile,open_access,primary_location,primary_topic,authorships&cursor=*&mailto=cris-victoria@uta.cl
✗ Mónica Moreno Falcón: OpenAlex 429 en https://api.openalex.org/works?filter=author.id:A5014436908&per-page=200&select=id,title,publication_year,cited_by_count,fwci,citation_normalized_percentile,open_access,primary_location,primary_topic,authorships&cursor=*&mailto=cris-victoria@uta.cl
✗ Claudia Sandoval-Yáñez: OpenAlex 429 en https://api.openalex.org/works?filter=author.id:A5052981244&per-page=200&select=id,title,publication_year,cited_by_count,fwci,citation_normalized_percentile,open_access,primary_location,primary_topic,authorships&cursor=*&mailto=cris-victoria@uta.cl
✗ Claudia Sandoval: OpenAlex 429 en https://api.openalex.org/works?filter=author.id:A5028527884&per-page=200&select=id,title,publication_year,cited_by_count,fwci,citation_normalized_percentile,open_access,primary_location,primary_topic,authorships&cursor=*&mailto=cris-victoria@uta.cl
✗ Juan J. Freire: OpenAlex 429 en https://api.openalex.org/works?filter=author.id:A5049509714&per-page=200&select=id,title,publication_year,cited_by_count,fwci,citation_normalized_percentile,open_access,primary_location,primary_topic,authorships&cursor=*&mailto=cris-victoria@uta.cl
✗ Ángel Leiva: OpenAlex 429 en https://api.openalex.org/works?filter=author.id:A5026684278&per-page=200&select=id,title,publication_year,cited_by_count,fwci,citation_normalized_percentile,open_access,primary_location,primary_topic,authorships&cursor=*&mailto=cris-victoria@uta.cl
✗ Borja Fernández–d’Arlas: OpenAlex 429 en https://api.openalex.org/works?filter=author.id:A5064110312&per-page=200&select=id,title,publication_year,cited_by_count,fwci,citation_normalized_percentile,open_access,primary_location,primary_topic,authorships&cursor=*&mailto=cris-victoria@uta.cl
✗ Baolin Tian: OpenAlex 429 en https://api.openalex.org/works?filter=author.id:A5075383375&per-page=200&select=id,title,publication_year,cited_by_count,fwci,citation_normalized_percentile,open_access,primary_location,primary_topic,authorships&cursor=*&mailto=cris-victoria@uta.cl
✗ Nikolaos Nikiforakis: OpenAlex 429 en https://api.openalex.org/works?filter=author.id:A5030047690&per-page=200&select=id,title,publication_year,cited_by_count,fwci,citation_normalized_percentile,open_access,primary_location,primary_topic,authorships&cursor=*&mailto=cris-victoria@uta.cl
✗ Davide Vanzo: OpenAlex 429 en https://api.openalex.org/works?filter=author.id:A5072013564&per-page=200&select=id,title,publication_year,cited_by_count,fwci,citation_normalized_percentile,open_access,primary_location,primary_topic,authorships&cursor=*&mailto=cris-victoria@uta.cl
✗ Annunziato Siviglia: OpenAlex 429 en https://api.openalex.org/works?filter=author.id:A5040925496&per-page=200&select=id,title,publication_year,cited_by_count,fwci,citation_normalized_percentile,open_access,primary_location,primary_topic,authorships&cursor=*&mailto=cris-victoria@uta.cl
✗ Philip Bohle: OpenAlex 429 en https://api.openalex.org/works?filter=author.id:A5059736343&per-page=200&select=id,title,publication_year,cited_by_count,fwci,citation_normalized_percentile,open_access,primary_location,primary_topic,authorships&cursor=*&mailto=cris-victoria@uta.cl
✗ Àngela Martín: OpenAlex 429 en https://api.openalex.org/works?filter=author.id:A5084975322&per-page=200&select=id,title,publication_year,cited_by_count,fwci,citation_normalized_percentile,open_access,primary_location,primary_topic,authorships&cursor=*&mailto=cris-victoria@uta.cl
✗ Félix Aguirre: OpenAlex 429 en https://api.openalex.org/works?filter=author.id:A5053249275&per-page=200&select=id,title,publication_year,cited_by_count,fwci,citation_normalized_percentile,open_access,primary_location,primary_topic,authorships&cursor=*&mailto=cris-victoria@uta.cl
✗ Cristóbal Campos: OpenAlex 429 en https://api.openalex.org/works?filter=author.id:A5071897199&per-page=200&select=id,title,publication_year,cited_by_count,fwci,citation_normalized_percentile,open_access,primary_location,primary_topic,authorships&cursor=*&mailto=cris-victoria@uta.cl
✗ Tomislav Curkovic: OpenAlex 429 en https://api.openalex.org/works?filter=author.id:A5077987355&per-page=200&select=id,title,publication_year,cited_by_count,fwci,citation_normalized_percentile,open_access,primary_location,primary_topic,authorships&cursor=*&mailto=cris-victoria@uta.cl
✗ Ana María Marino de Remes Lenicov: OpenAlex 429 en https://api.openalex.org/works?filter=author.id:A5062605505&per-page=200&select=id,title,publication_year,cited_by_count,fwci,citation_normalized_percentile,open_access,primary_location,primary_topic,authorships&cursor=*&mailto=cris-victoria@uta.cl
✗ Vinícius Almada Mozetic: OpenAlex 429 en https://api.openalex.org/works?filter=author.id:A5016441095&per-page=200&select=id,title,publication_year,cited_by_count,fwci,citation_normalized_percentile,open_access,primary_location,primary_topic,authorships&cursor=*&mailto=cris-victoria@uta.cl
✗ Rommy Álvarez Escudero: OpenAlex 429 en https://api.openalex.org/works?filter=author.id:A5047243455&per-page=200&select=id,title,publication_year,cited_by_count,fwci,citation_normalized_percentile,open_access,primary_location,primary_topic,authorships&cursor=*&mailto=cris-victoria@uta.cl
✗ Amalia Patricia Cobos Campos: OpenAlex 429 en https://api.openalex.org/works?filter=author.id:A5037477175&per-page=200&select=id,title,publication_year,cited_by_count,fwci,citation_normalized_percentile,open_access,primary_location,primary_topic,authorships&cursor=*&mailto=cris-victoria@uta.cl
✗ Suzéte Da Silva Reis: OpenAlex 429 en https://api.openalex.org/works?filter=author.id:A5082262321&per-page=200&select=id,title,publication_year,cited_by_count,fwci,citation_normalized_percentile,open_access,primary_location,primary_topic,authorships&cursor=*&mailto=cris-victoria@uta.cl
✗ Jorge Reis: OpenAlex 429 en https://api.openalex.org/works?filter=author.id:A5050360092&per-page=200&select=id,title,publication_year,cited_by_count,fwci,citation_normalized_percentile,open_access,primary_location,primary_topic,authorships&cursor=*&mailto=cris-victoria@uta.cl
✗ Cláudia Cinara Locateli: OpenAlex 429 en https://api.openalex.org/works?filter=author.id:A5080873871&per-page=200&select=id,title,publication_year,cited_by_count,fwci,citation_normalized_percentile,open_access,primary_location,primary_topic,authorships&cursor=*&mailto=cris-victoria@uta.cl
✗ Joan Lluís Pérez Francesch: OpenAlex 429 en https://api.openalex.org/works?filter=author.id:A5072979702&per-page=200&select=id,title,publication_year,cited_by_count,fwci,citation_normalized_percentile,open_access,primary_location,primary_topic,authorships&cursor=*&mailto=cris-victoria@uta.cl
✗ Fabiana Marion Spengler: OpenAlex 429 en https://api.openalex.org/works?filter=author.id:A5027808840&per-page=200&select=id,title,publication_year,cited_by_count,fwci,citation_normalized_percentile,open_access,primary_location,primary_topic,authorships&cursor=*&mailto=cris-victoria@uta.cl
✗ Ma Carmen Núñez Zorrilla: OpenAlex 429 en https://api.openalex.org/works?filter=author.id:A5085445600&per-page=200&select=id,title,publication_year,cited_by_count,fwci,citation_normalized_percentile,open_access,primary_location,primary_topic,authorships&cursor=*&mailto=cris-victoria@uta.cl
✗ Judith Solé Resina: OpenAlex 429 en https://api.openalex.org/works?filter=author.id:A5003858688&per-page=200&select=id,title,publication_year,cited_by_count,fwci,citation_normalized_percentile,open_access,primary_location,primary_topic,authorships&cursor=*&mailto=cris-victoria@uta.cl
✗ Wilson Steinmetz: OpenAlex 429 en https://api.openalex.org/works?filter=author.id:A5023877730&per-page=200&select=id,title,publication_year,cited_by_count,fwci,citation_normalized_percentile,open_access,primary_location,primary_topic,authorships&cursor=*&mailto=cris-victoria@uta.cl
✗ Jordi Rovira: OpenAlex 429 en https://api.openalex.org/works?filter=author.id:A5103181107&per-page=200&select=id,title,publication_year,cited_by_count,fwci,citation_normalized_percentile,open_access,primary_location,primary_topic,authorships&cursor=*&mailto=cris-victoria@uta.cl
✗ Elizabeth Zenteno Torres: OpenAlex 429 en https://api.openalex.org/works?filter=author.id:A5001687289&per-page=200&select=id,title,publication_year,cited_by_count,fwci,citation_normalized_percentile,open_access,primary_location,primary_topic,authorships&cursor=*&mailto=cris-victoria@uta.cl
✗ Soledad Álvarez Velasco: OpenAlex 429 en https://api.openalex.org/works?filter=author.id:A5060220377&per-page=200&select=id,title,publication_year,cited_by_count,fwci,citation_normalized_percentile,open_access,primary_location,primary_topic,authorships&cursor=*&mailto=cris-victoria@uta.cl
✗ Diego Andrés Riquelme Gómez: OpenAlex 429 en https://api.openalex.org/works?filter=author.id:A5006102782&per-page=200&select=id,title,publication_year,cited_by_count,fwci,citation_normalized_percentile,open_access,primary_location,primary_topic,authorships&cursor=*&mailto=cris-victoria@uta.cl
✗ Luca Sitzia: OpenAlex 429 en https://api.openalex.org/works?filter=author.id:A5069144913&per-page=200&select=id,title,publication_year,cited_by_count,fwci,citation_normalized_percentile,open_access,primary_location,primary_topic,authorships&cursor=*&mailto=cris-victoria@uta.cl
✗ Débora Zurro: OpenAlex 429 en https://api.openalex.org/works?filter=author.id:A5074001079&per-page=200&select=id,title,publication_year,cited_by_count,fwci,citation_normalized_percentile,open_access,primary_location,primary_topic,authorships&cursor=*&mailto=cris-victoria@uta.cl
✗ J. M. Alonso Vega: OpenAlex 429 en https://api.openalex.org/works?filter=author.id:A5010521551&per-page=200&select=id,title,publication_year,cited_by_count,fwci,citation_normalized_percentile,open_access,primary_location,primary_topic,authorships&cursor=*&mailto=cris-victoria@uta.cl
✗ Constanza Roa Solís: OpenAlex 429 en https://api.openalex.org/works?filter=author.id:A5033853822&per-page=200&select=id,title,publication_year,cited_by_count,fwci,citation_normalized_percentile,open_access,primary_location,primary_topic,authorships&cursor=*&mailto=cris-victoria@uta.cl
✗ Claudia Silva: OpenAlex 429 en https://api.openalex.org/works?filter=author.id:A5100777252&per-page=200&select=id,title,publication_year,cited_by_count,fwci,citation_normalized_percentile,open_access,primary_location,primary_topic,authorships&cursor=*&mailto=cris-victoria@uta.cl
✗ Luis Iturra Valenzuela: OpenAlex 429 en https://api.openalex.org/works?filter=author.id:A5054702292&per-page=200&select=id,title,publication_year,cited_by_count,fwci,citation_normalized_percentile,open_access,primary_location,primary_topic,authorships&cursor=*&mailto=cris-victoria@uta.cl
✗ Sergio Lavandero: OpenAlex 429 en https://api.openalex.org/works?filter=author.id:A5022277890&per-page=200&select=id,title,publication_year,cited_by_count,fwci,citation_normalized_percentile,open_access,primary_location,primary_topic,authorships&cursor=*&mailto=cris-victoria@uta.cl
✗ César Ross: OpenAlex 429 en https://api.openalex.org/works?filter=author.id:A5050026270&per-page=200&select=id,title,publication_year,cited_by_count,fwci,citation_normalized_percentile,open_access,primary_location,primary_topic,authorships&cursor=*&mailto=cris-victoria@uta.cl
✗ Leonardo Docena Pina: OpenAlex 429 en https://api.openalex.org/works?filter=author.id:A5008861605&per-page=200&select=id,title,publication_year,cited_by_count,fwci,citation_normalized_percentile,open_access,primary_location,primary_topic,authorships&cursor=*&mailto=cris-victoria@uta.cl
✗ Claudio Espinoza: OpenAlex 429 en https://api.openalex.org/works?filter=author.id:A5034280035&per-page=200&select=id,title,publication_year,cited_by_count,fwci,citation_normalized_percentile,open_access,primary_location,primary_topic,authorships&cursor=*&mailto=cris-victoria@uta.cl
✗ Evgenii S. Baranovskii: OpenAlex 429 en https://api.openalex.org/works?filter=author.id:A5001009886&per-page=200&select=id,title,publication_year,cited_by_count,fwci,citation_normalized_percentile,open_access,primary_location,primary_topic,authorships&cursor=*&mailto=cris-victoria@uta.cl
✗ Eber Lenes: OpenAlex 429 en https://api.openalex.org/works?filter=author.id:A5010516551&per-page=200&select=id,title,publication_year,cited_by_count,fwci,citation_normalized_percentile,open_access,primary_location,primary_topic,authorships&cursor=*&mailto=cris-victoria@uta.cl
✗ Eduardo Cisternas: OpenAlex 429 en https://api.openalex.org/works?filter=author.id:A5034173875&per-page=200&select=id,title,publication_year,cited_by_count,fwci,citation_normalized_percentile,open_access,primary_location,primary_topic,authorships&cursor=*&mailto=cris-victoria@uta.cl
✗ María-Cristina Alfred Urízar: OpenAlex 429 en https://api.openalex.org/works?filter=author.id:A5092502348&per-page=200&select=id,title,publication_year,cited_by_count,fwci,citation_normalized_percentile,open_access,primary_location,primary_topic,authorships&cursor=*&mailto=cris-victoria@uta.cl
✗ Carmen Paz Castro Correa: OpenAlex 429 en https://api.openalex.org/works?filter=author.id:A5060048807&per-page=200&select=id,title,publication_year,cited_by_count,fwci,citation_normalized_percentile,open_access,primary_location,primary_topic,authorships&cursor=*&mailto=cris-victoria@uta.cl
✗ Paulina Rodríguez-Díaz: OpenAlex 429 en https://api.openalex.org/works?filter=author.id:A5046342273&per-page=200&select=id,title,publication_year,cited_by_count,fwci,citation_normalized_percentile,open_access,primary_location,primary_topic,authorships&cursor=*&mailto=cris-victoria@uta.cl
✗ Carlos Fabrizio Álvarez Macías: OpenAlex 429 en https://api.openalex.org/works?filter=author.id:A5019750991&per-page=200&select=id,title,publication_year,cited_by_count,fwci,citation_normalized_percentile,open_access,primary_location,primary_topic,authorships&cursor=*&mailto=cris-victoria@uta.cl
✗ Pablo Guicharrousse: OpenAlex 429 en https://api.openalex.org/works?filter=author.id:A5019707142&per-page=200&select=id,title,publication_year,cited_by_count,fwci,citation_normalized_percentile,open_access,primary_location,primary_topic,authorships&cursor=*&mailto=cris-victoria@uta.cl
✗ David A. Catari-Vargas: OpenAlex 429 en https://api.openalex.org/works?filter=author.id:A5026554007&per-page=200&select=id,title,publication_year,cited_by_count,fwci,citation_normalized_percentile,open_access,primary_location,primary_topic,authorships&cursor=*&mailto=cris-victoria@uta.cl
✗ Jessica Moya Tillería: OpenAlex 429 en https://api.openalex.org/works?filter=author.id:A5033079342&per-page=200&select=id,title,publication_year,cited_by_count,fwci,citation_normalized_percentile,open_access,primary_location,primary_topic,authorships&cursor=*&mailto=cris-victoria@uta.cl
✗ Waleska Willson Rojas: OpenAlex 429 en https://api.openalex.org/works?filter=author.id:A5059416672&per-page=200&select=id,title,publication_year,cited_by_count,fwci,citation_normalized_percentile,open_access,primary_location,primary_topic,authorships&cursor=*&mailto=cris-victoria@uta.cl
✗ Rodrigo Buhring: OpenAlex 429 en https://api.openalex.org/works?filter=author.id:A5028499410&per-page=200&select=id,title,publication_year,cited_by_count,fwci,citation_normalized_percentile,open_access,primary_location,primary_topic,authorships&cursor=*&mailto=cris-victoria@uta.cl
✗ Marcelo Fernández-Salamanca: OpenAlex 429 en https://api.openalex.org/works?filter=author.id:A5097872381&per-page=200&select=id,title,publication_year,cited_by_count,fwci,citation_normalized_percentile,open_access,primary_location,primary_topic,authorships&cursor=*&mailto=cris-victoria@uta.cl
✗ Andrea Avaria: OpenAlex 429 en https://api.openalex.org/works?filter=author.id:A5058699993&per-page=200&select=id,title,publication_year,cited_by_count,fwci,citation_normalized_percentile,open_access,primary_location,primary_topic,authorships&cursor=*&mailto=cris-victoria@uta.cl
✗ Ítalo A. Marchioni-Choque: OpenAlex 429 en https://api.openalex.org/works?filter=author.id:A5072244821&per-page=200&select=id,title,publication_year,cited_by_count,fwci,citation_normalized_percentile,open_access,primary_location,primary_topic,authorships&cursor=*&mailto=cris-victoria@uta.cl
✗ Shaohui Zhang: OpenAlex 429 en https://api.openalex.org/works?filter=author.id:A5100649219&per-page=200&select=id,title,publication_year,cited_by_count,fwci,citation_normalized_percentile,open_access,primary_location,primary_topic,authorships&cursor=*&mailto=cris-victoria@uta.cl
✗ Qin Yi: OpenAlex 429 en https://api.openalex.org/works?filter=author.id:A5101612033&per-page=200&select=id,title,publication_year,cited_by_count,fwci,citation_normalized_percentile,open_access,primary_location,primary_topic,authorships&cursor=*&mailto=cris-victoria@uta.cl
✗ Jean-Carlo Macancela: OpenAlex 429 en https://api.openalex.org/works?filter=author.id:A5090518504&per-page=200&select=id,title,publication_year,cited_by_count,fwci,citation_normalized_percentile,open_access,primary_location,primary_topic,authorships&cursor=*&mailto=cris-victoria@uta.cl
✗ Mauricio Villacís: OpenAlex 429 en https://api.openalex.org/works?filter=author.id:A5060934989&per-page=200&select=id,title,publication_year,cited_by_count,fwci,citation_normalized_percentile,open_access,primary_location,primary_topic,authorships&cursor=*&mailto=cris-victoria@uta.cl
✗ Jianyu Long: OpenAlex 429 en https://api.openalex.org/works?filter=author.id:A5043140947&per-page=200&select=id,title,publication_year,cited_by_count,fwci,citation_normalized_percentile,open_access,primary_location,primary_topic,authorships&cursor=*&mailto=cris-victoria@uta.cl
✗ Zhiping Liu: OpenAlex 429 en https://api.openalex.org/works?filter=author.id:A5100783903&per-page=200&select=id,title,publication_year,cited_by_count,fwci,citation_normalized_percentile,open_access,primary_location,primary_topic,authorships&cursor=*&mailto=cris-victoria@uta.cl
✗ María Francisca Greene-González: OpenAlex 429 en https://api.openalex.org/works?filter=author.id:A5052735965&per-page=200&select=id,title,publication_year,cited_by_count,fwci,citation_normalized_percentile,open_access,primary_location,primary_topic,authorships&cursor=*&mailto=cris-victoria@uta.cl
✗ Eduar Barbosa: OpenAlex 429 en https://api.openalex.org/works?filter=author.id:A5069640520&per-page=200&select=id,title,publication_year,cited_by_count,fwci,citation_normalized_percentile,open_access,primary_location,primary_topic,authorships&cursor=*&mailto=cris-victoria@uta.cl
✗ Hector Flores Callisaya: OpenAlex 429 en https://api.openalex.org/works?filter=author.id:A5088539733&per-page=200&select=id,title,publication_year,cited_by_count,fwci,citation_normalized_percentile,open_access,primary_location,primary_topic,authorships&cursor=*&mailto=cris-victoria@uta.cl
✗ Alex Espinoza Verdejo: OpenAlex 429 en https://api.openalex.org/works?filter=author.id:A5036407227&per-page=200&select=id,title,publication_year,cited_by_count,fwci,citation_normalized_percentile,open_access,primary_location,primary_topic,authorships&cursor=*&mailto=cris-victoria@uta.cl
✗ Fernando Matı́a: OpenAlex 429 en https://api.openalex.org/works?filter=author.id:A5031054713&per-page=200&select=id,title,publication_year,cited_by_count,fwci,citation_normalized_percentile,open_access,primary_location,primary_topic,authorships&cursor=*&mailto=cris-victoria@uta.cl
✗ Basil Mohammed Al‐Hadithi: OpenAlex 429 en https://api.openalex.org/works?filter=author.id:A5076404782&per-page=200&select=id,title,publication_year,cited_by_count,fwci,citation_normalized_percentile,open_access,primary_location,primary_topic,authorships&cursor=*&mailto=cris-victoria@uta.cl
✗ M. Sumathi: OpenAlex 429 en https://api.openalex.org/works?filter=author.id:A5024495979&per-page=200&select=id,title,publication_year,cited_by_count,fwci,citation_normalized_percentile,open_access,primary_location,primary_topic,authorships&cursor=*&mailto=cris-victoria@uta.cl
✗ Juan Tello: OpenAlex 429 en https://api.openalex.org/works?filter=author.id:A5011296985&per-page=200&select=id,title,publication_year,cited_by_count,fwci,citation_normalized_percentile,open_access,primary_location,primary_topic,authorships&cursor=*&mailto=cris-victoria@uta.cl
✗ Brian Hayden: OpenAlex 429 en https://api.openalex.org/works?filter=author.id:A5024411445&per-page=200&select=id,title,publication_year,cited_by_count,fwci,citation_normalized_percentile,open_access,primary_location,primary_topic,authorships&cursor=*&mailto=cris-victoria@uta.cl
✗ Kimmo K. Kahilainen: OpenAlex 429 en https://api.openalex.org/works?filter=author.id:A5049203554&per-page=200&select=id,title,publication_year,cited_by_count,fwci,citation_normalized_percentile,open_access,primary_location,primary_topic,authorships&cursor=*&mailto=cris-victoria@uta.cl
✗ Christelle Lopes: OpenAlex 429 en https://api.openalex.org/works?filter=author.id:A5026189633&per-page=200&select=id,title,publication_year,cited_by_count,fwci,citation_normalized_percentile,open_access,primary_location,primary_topic,authorships&cursor=*&mailto=cris-victoria@uta.cl
✗ Fabrice Réquier: OpenAlex 429 en https://api.openalex.org/works?filter=author.id:A5074337286&per-page=200&select=id,title,publication_year,cited_by_count,fwci,citation_normalized_percentile,open_access,primary_location,primary_topic,authorships&cursor=*&mailto=cris-victoria@uta.cl
✗ Francisco E. Fontúrbel: OpenAlex 429 en https://api.openalex.org/works?filter=author.id:A5023388923&per-page=200&select=id,title,publication_year,cited_by_count,fwci,citation_normalized_percentile,open_access,primary_location,primary_topic,authorships&cursor=*&mailto=cris-victoria@uta.cl
✗ Pablo Ormeño-Arriagada: OpenAlex 429 en https://api.openalex.org/works?filter=author.id:A5023485816&per-page=200&select=id,title,publication_year,cited_by_count,fwci,citation_normalized_percentile,open_access,primary_location,primary_topic,authorships&cursor=*&mailto=cris-victoria@uta.cl
✗ Helio Quintero Arrieta: OpenAlex 429 en https://api.openalex.org/works?filter=author.id:A5054326764&per-page=200&select=id,title,publication_year,cited_by_count,fwci,citation_normalized_percentile,open_access,primary_location,primary_topic,authorships&cursor=*&mailto=cris-victoria@uta.cl
✗ Jorge Díaz-Ramírez: OpenAlex 429 en https://api.openalex.org/works?filter=author.id:A5080429826&per-page=200&select=id,title,publication_year,cited_by_count,fwci,citation_normalized_percentile,open_access,primary_location,primary_topic,authorships&cursor=*&mailto=cris-victoria@uta.cl
✗ Bernardo Lessa Horta: OpenAlex 429 en https://api.openalex.org/works?filter=author.id:A5030361462&per-page=200&select=id,title,publication_year,cited_by_count,fwci,citation_normalized_percentile,open_access,primary_location,primary_topic,authorships&cursor=*&mailto=cris-victoria@uta.cl
✗ Fresia Caba Burgos: OpenAlex 429 en https://api.openalex.org/works?filter=author.id:A5008642855&per-page=200&select=id,title,publication_year,cited_by_count,fwci,citation_normalized_percentile,open_access,primary_location,primary_topic,authorships&cursor=*&mailto=cris-victoria@uta.cl
✗ Angélica del Carmen Larraín Huerta: OpenAlex 429 en https://api.openalex.org/works?filter=author.id:A5068132107&per-page=200&select=id,title,publication_year,cited_by_count,fwci,citation_normalized_percentile,open_access,primary_location,primary_topic,authorships&cursor=*&mailto=cris-victoria@uta.cl
✗ Verónica Pantoja Silva: OpenAlex 429 en https://api.openalex.org/works?filter=author.id:A5090936051&per-page=200&select=id,title,publication_year,cited_by_count,fwci,citation_normalized_percentile,open_access,primary_location,primary_topic,authorships&cursor=*&mailto=cris-victoria@uta.cl
✗ Cristiane da Silva Cabral: OpenAlex 429 en https://api.openalex.org/works?filter=author.id:A5091531898&per-page=200&select=id,title,publication_year,cited_by_count,fwci,citation_normalized_percentile,open_access,primary_location,primary_topic,authorships&cursor=*&mailto=cris-victoria@uta.cl
✗ Hellen Geremias dos Santos: OpenAlex 429 en https://api.openalex.org/works?filter=author.id:A5002438386&per-page=200&select=id,title,publication_year,cited_by_count,fwci,citation_normalized_percentile,open_access,primary_location,primary_topic,authorships&cursor=*&mailto=cris-victoria@uta.cl
✗ André Filipe de Moraes Batista: OpenAlex 429 en https://api.openalex.org/works?filter=author.id:A5037467800&per-page=200&select=id,title,publication_year,cited_by_count,fwci,citation_normalized_percentile,open_access,primary_location,primary_topic,authorships&cursor=*&mailto=cris-victoria@uta.cl
✗ Ana Pereira: OpenAlex 429 en https://api.openalex.org/works?filter=author.id:A5072769752&per-page=200&select=id,title,publication_year,cited_by_count,fwci,citation_normalized_percentile,open_access,primary_location,primary_topic,authorships&cursor=*&mailto=cris-victoria@uta.cl
✗ Cristòbal E. Castro: OpenAlex 429 en https://api.openalex.org/works?filter=author.id:A5055180528&per-page=200&select=id,title,publication_year,cited_by_count,fwci,citation_normalized_percentile,open_access,primary_location,primary_topic,authorships&cursor=*&mailto=cris-victoria@uta.cl
✗ René S. Rojas: OpenAlex 429 en https://api.openalex.org/works?filter=author.id:A5046926042&per-page=200&select=id,title,publication_year,cited_by_count,fwci,citation_normalized_percentile,open_access,primary_location,primary_topic,authorships&cursor=*&mailto=cris-victoria@uta.cl
✗ Ignacio A. Jessop: OpenAlex 429 en https://api.openalex.org/works?filter=author.id:A5087765236&per-page=200&select=id,title,publication_year,cited_by_count,fwci,citation_normalized_percentile,open_access,primary_location,primary_topic,authorships&cursor=*&mailto=cris-victoria@uta.cl
✗ Ernesto Ruppert Filho: OpenAlex 429 en https://api.openalex.org/works?filter=author.id:A5067605128&per-page=200&select=id,title,publication_year,cited_by_count,fwci,citation_normalized_percentile,open_access,primary_location,primary_topic,authorships&cursor=*&mailto=cris-victoria@uta.cl
✗ Rafael Riveros-Ávila: OpenAlex 429 en https://api.openalex.org/works?filter=author.id:A5003732191&per-page=200&select=id,title,publication_year,cited_by_count,fwci,citation_normalized_percentile,open_access,primary_location,primary_topic,authorships&cursor=*&mailto=cris-victoria@uta.cl
✗ J Perezgonzalez: OpenAlex 429 en https://api.openalex.org/works?filter=author.id:A5042611826&per-page=200&select=id,title,publication_year,cited_by_count,fwci,citation_normalized_percentile,open_access,primary_location,primary_topic,authorships&cursor=*&mailto=cris-victoria@uta.cl
✗ Karla Lobos: OpenAlex 429 en https://api.openalex.org/works?filter=author.id:A5055298258&per-page=200&select=id,title,publication_year,cited_by_count,fwci,citation_normalized_percentile,open_access,primary_location,primary_topic,authorships&cursor=*&mailto=cris-victoria@uta.cl
✗ Elizabeth Buckner: OpenAlex 429 en https://api.openalex.org/works?filter=author.id:A5023465577&per-page=200&select=id,title,publication_year,cited_by_count,fwci,citation_normalized_percentile,open_access,primary_location,primary_topic,authorships&cursor=*&mailto=cris-victoria@uta.cl
✗ Nigel O. M. Brissett: OpenAlex 429 en https://api.openalex.org/works?filter=author.id:A5068472649&per-page=200&select=id,title,publication_year,cited_by_count,fwci,citation_normalized_percentile,open_access,primary_location,primary_topic,authorships&cursor=*&mailto=cris-victoria@uta.cl
✗ Benjamin D. Scherrer: OpenAlex 429 en https://api.openalex.org/works?filter=author.id:A5061040443&per-page=200&select=id,title,publication_year,cited_by_count,fwci,citation_normalized_percentile,open_access,primary_location,primary_topic,authorships&cursor=*&mailto=cris-victoria@uta.cl
✗ Daniele Cantini: OpenAlex 429 en https://api.openalex.org/works?filter=author.id:A5067677701&per-page=200&select=id,title,publication_year,cited_by_count,fwci,citation_normalized_percentile,open_access,primary_location,primary_topic,authorships&cursor=*&mailto=cris-victoria@uta.cl
✗ Juan Enrique Martínez-Legaz: OpenAlex 429 en https://api.openalex.org/works?filter=author.id:A5060092580&per-page=200&select=id,title,publication_year,cited_by_count,fwci,citation_normalized_percentile,open_access,primary_location,primary_topic,authorships&cursor=*&mailto=cris-victoria@uta.cl
✗ L. F. Bueno: OpenAlex 429 en https://api.openalex.org/works?filter=author.id:A5008833621&per-page=200&select=id,title,publication_year,cited_by_count,fwci,citation_normalized_percentile,open_access,primary_location,primary_topic,authorships&cursor=*&mailto=cris-victoria@uta.cl
✗ Dinh The Luc: OpenAlex 429 en https://api.openalex.org/works?filter=author.id:A5011329543&per-page=200&select=id,title,publication_year,cited_by_count,fwci,citation_normalized_percentile,open_access,primary_location,primary_topic,authorships&cursor=*&mailto=cris-victoria@uta.cl
✗ Nguyễn Văn Tuyên: OpenAlex 429 en https://api.openalex.org/works?filter=author.id:A5061100646&per-page=200&select=id,title,publication_year,cited_by_count,fwci,citation_normalized_percentile,open_access,primary_location,primary_topic,authorships&cursor=*&mailto=cris-victoria@uta.cl
✗ Trần Văn Thắng: OpenAlex 429 en https://api.openalex.org/works?filter=author.id:A5062245312&per-page=200&select=id,title,publication_year,cited_by_count,fwci,citation_normalized_percentile,open_access,primary_location,primary_topic,authorships&cursor=*&mailto=cris-victoria@uta.cl
✗ Aviva Must: OpenAlex 429 en https://api.openalex.org/works?filter=author.id:A5052660941&per-page=200&select=id,title,publication_year,cited_by_count,fwci,citation_normalized_percentile,open_access,primary_location,primary_topic,authorships&cursor=*&mailto=cris-victoria@uta.cl
✗ Hernán Delgado: OpenAlex 429 en https://api.openalex.org/works?filter=author.id:A5054714903&per-page=200&select=id,title,publication_year,cited_by_count,fwci,citation_normalized_percentile,open_access,primary_location,primary_topic,authorships&cursor=*&mailto=cris-victoria@uta.cl
✗ Mauro Vallejo: OpenAlex 429 en https://api.openalex.org/works?filter=author.id:A5000837253&per-page=200&select=id,title,publication_year,cited_by_count,fwci,citation_normalized_percentile,open_access,primary_location,primary_topic,authorships&cursor=*&mailto=cris-victoria@uta.cl
✗ Jethro Hernández Berrones: OpenAlex 429 en https://api.openalex.org/works?filter=author.id:A5009282893&per-page=200&select=id,title,publication_year,cited_by_count,fwci,citation_normalized_percentile,open_access,primary_location,primary_topic,authorships&cursor=*&mailto=cris-victoria@uta.cl
✗ María Silvia Di Liscia: OpenAlex 429 en https://api.openalex.org/works?filter=author.id:A5090256331&per-page=200&select=id,title,publication_year,cited_by_count,fwci,citation_normalized_percentile,open_access,primary_location,primary_topic,authorships&cursor=*&mailto=cris-victoria@uta.cl
✗ Rubén Calvo: OpenAlex 429 en https://api.openalex.org/works?filter=author.id:A5065535082&per-page=200&select=id,title,publication_year,cited_by_count,fwci,citation_normalized_percentile,open_access,primary_location,primary_topic,authorships&cursor=*&mailto=cris-victoria@uta.cl
✗ Tamara Oyarzún: OpenAlex 429 en https://api.openalex.org/works?filter=author.id:A5052931073&per-page=200&select=id,title,publication_year,cited_by_count,fwci,citation_normalized_percentile,open_access,primary_location,primary_topic,authorships&cursor=*&mailto=cris-victoria@uta.cl
✗ Felipe Valencia: OpenAlex 429 en https://api.openalex.org/works?filter=author.id:A5001661845&per-page=200&select=id,title,publication_year,cited_by_count,fwci,citation_normalized_percentile,open_access,primary_location,primary_topic,authorships&cursor=*&mailto=cris-victoria@uta.cl
✗ Javier Álvarez: OpenAlex 429 en https://api.openalex.org/works?filter=author.id:A5101740633&per-page=200&select=id,title,publication_year,cited_by_count,fwci,citation_normalized_percentile,open_access,primary_location,primary_topic,authorships&cursor=*&mailto=cris-victoria@uta.cl
✗ Paulina Latorre: OpenAlex 429 en https://api.openalex.org/works?filter=author.id:A5045383100&per-page=200&select=id,title,publication_year,cited_by_count,fwci,citation_normalized_percentile,open_access,primary_location,primary_topic,authorships&cursor=*&mailto=cris-victoria@uta.cl
✗ Mario Sánchez Aguilar: OpenAlex 429 en https://api.openalex.org/works?filter=author.id:A5090881029&per-page=200&select=id,title,publication_year,cited_by_count,fwci,citation_normalized_percentile,open_access,primary_location,primary_topic,authorships&cursor=*&mailto=cris-victoria@uta.cl
✗ Juan Luis Prieto: OpenAlex 429 en https://api.openalex.org/works?filter=author.id:A5101819339&per-page=200&select=id,title,publication_year,cited_by_count,fwci,citation_normalized_percentile,open_access,primary_location,primary_topic,authorships&cursor=*&mailto=cris-victoria@uta.cl
✗ Rafael Enrique Gutiérrez-Araujo: OpenAlex 429 en https://api.openalex.org/works?filter=author.id:A5069874179&per-page=200&select=id,title,publication_year,cited_by_count,fwci,citation_normalized_percentile,open_access,primary_location,primary_topic,authorships&cursor=*&mailto=cris-victoria@uta.cl
✗ Aldo Parra: OpenAlex 429 en https://api.openalex.org/works?filter=author.id:A5063031380&per-page=200&select=id,title,publication_year,cited_by_count,fwci,citation_normalized_percentile,open_access,primary_location,primary_topic,authorships&cursor=*&mailto=cris-victoria@uta.cl
✗ Vanessa Franco Neto: OpenAlex 429 en https://api.openalex.org/works?filter=author.id:A5074189543&per-page=200&select=id,title,publication_year,cited_by_count,fwci,citation_normalized_percentile,open_access,primary_location,primary_topic,authorships&cursor=*&mailto=cris-victoria@uta.cl
✗ Ricardo Cantoral: OpenAlex 429 en https://api.openalex.org/works?filter=author.id:A5009180733&per-page=200&select=id,title,publication_year,cited_by_count,fwci,citation_normalized_percentile,open_access,primary_location,primary_topic,authorships&cursor=*&mailto=cris-victoria@uta.cl
✗ R. N. Moreira: OpenAlex 429 en https://api.openalex.org/works?filter=author.id:A5090212051&per-page=200&select=id,title,publication_year,cited_by_count,fwci,citation_normalized_percentile,open_access,primary_location,primary_topic,authorships&cursor=*&mailto=cris-victoria@uta.cl
✗ M. Calcina-Nogales: OpenAlex 429 en https://api.openalex.org/works?filter=author.id:A5000143383&per-page=200&select=id,title,publication_year,cited_by_count,fwci,citation_normalized_percentile,open_access,primary_location,primary_topic,authorships&cursor=*&mailto=cris-victoria@uta.cl
✗ A. Plastino: OpenAlex 429 en https://api.openalex.org/works?filter=author.id:A5059654447&per-page=200&select=id,title,publication_year,cited_by_count,fwci,citation_normalized_percentile,open_access,primary_location,primary_topic,authorships&cursor=*&mailto=cris-victoria@uta.cl
✗ Liliana Zura‐Bravo: OpenAlex 429 en https://api.openalex.org/works?filter=author.id:A5089522878&per-page=200&select=id,title,publication_year,cited_by_count,fwci,citation_normalized_percentile,open_access,primary_location,primary_topic,authorships&cursor=*&mailto=cris-victoria@uta.cl
✗ Roberto Lemus‐Mondaca: OpenAlex 429 en https://api.openalex.org/works?filter=author.id:A5058260189&per-page=200&select=id,title,publication_year,cited_by_count,fwci,citation_normalized_percentile,open_access,primary_location,primary_topic,authorships&cursor=*&mailto=cris-victoria@uta.cl
✗ Fernando Romero: OpenAlex 429 en https://api.openalex.org/works?filter=author.id:A5067971270&per-page=200&select=id,title,publication_year,cited_by_count,fwci,citation_normalized_percentile,open_access,primary_location,primary_topic,authorships&cursor=*&mailto=cris-victoria@uta.cl
✗ Jaime I. García-García: OpenAlex 429 en https://api.openalex.org/works?filter=author.id:A5088279843&per-page=200&select=id,title,publication_year,cited_by_count,fwci,citation_normalized_percentile,open_access,primary_location,primary_topic,authorships&cursor=*&mailto=cris-victoria@uta.cl
✗ Blanca Arteaga Martínez: OpenAlex 429 en https://api.openalex.org/works?filter=author.id:A5054100751&per-page=200&select=id,title,publication_year,cited_by_count,fwci,citation_normalized_percentile,open_access,primary_location,primary_topic,authorships&cursor=*&mailto=cris-victoria@uta.cl
✗ Jorge Antunes: OpenAlex 429 en https://api.openalex.org/works?filter=author.id:A5022628459&per-page=200&select=id,title,publication_year,cited_by_count,fwci,citation_normalized_percentile,open_access,primary_location,primary_topic,authorships&cursor=*&mailto=cris-victoria@uta.cl
✗ Angappa Gunasekaran: OpenAlex 429 en https://api.openalex.org/works?filter=author.id:A5046110173&per-page=200&select=id,title,publication_year,cited_by_count,fwci,citation_normalized_percentile,open_access,primary_location,primary_topic,authorships&cursor=*&mailto=cris-victoria@uta.cl
✗ Henrique Luiz Corrêa: OpenAlex 429 en https://api.openalex.org/works?filter=author.id:A5084544562&per-page=200&select=id,title,publication_year,cited_by_count,fwci,citation_normalized_percentile,open_access,primary_location,primary_topic,authorships&cursor=*&mailto=cris-victoria@uta.cl
✗ Fernando Zúñiga: OpenAlex 429 en https://api.openalex.org/works?filter=author.id:A5071010012&per-page=200&select=id,title,publication_year,cited_by_count,fwci,citation_normalized_percentile,open_access,primary_location,primary_topic,authorships&cursor=*&mailto=cris-victoria@uta.cl
✗ Mildred Vanessa López Cabrera: OpenAlex 429 en https://api.openalex.org/works?filter=author.id:A5061133299&per-page=200&select=id,title,publication_year,cited_by_count,fwci,citation_normalized_percentile,open_access,primary_location,primary_topic,authorships&cursor=*&mailto=cris-victoria@uta.cl
✗ Mary Jane Schilling-Norman: OpenAlex 429 en https://api.openalex.org/works?filter=author.id:A5041884567&per-page=200&select=id,title,publication_year,cited_by_count,fwci,citation_normalized_percentile,open_access,primary_location,primary_topic,authorships&cursor=*&mailto=cris-victoria@uta.cl
✗ Josselinne Toirkens-Niklitschek: OpenAlex 429 en https://api.openalex.org/works?filter=author.id:A5060465978&per-page=200&select=id,title,publication_year,cited_by_count,fwci,citation_normalized_percentile,open_access,primary_location,primary_topic,authorships&cursor=*&mailto=cris-victoria@uta.cl
✗ Juan Carlos Briede Westermeyer: OpenAlex 429 en https://api.openalex.org/works?filter=author.id:A5055897232&per-page=200&select=id,title,publication_year,cited_by_count,fwci,citation_normalized_percentile,open_access,primary_location,primary_topic,authorships&cursor=*&mailto=cris-victoria@uta.cl
✗ María Virtudes Alba Fernández: OpenAlex 429 en https://api.openalex.org/works?filter=author.id:A5000380096&per-page=200&select=id,title,publication_year,cited_by_count,fwci,citation_normalized_percentile,open_access,primary_location,primary_topic,authorships&cursor=*&mailto=cris-victoria@uta.cl
✗ Joaquín Muñoz García: OpenAlex 429 en https://api.openalex.org/works?filter=author.id:A5045148621&per-page=200&select=id,title,publication_year,cited_by_count,fwci,citation_normalized_percentile,open_access,primary_location,primary_topic,authorships&cursor=*&mailto=cris-victoria@uta.cl
✗ Giovanni Francesco Massari: OpenAlex 429 en https://api.openalex.org/works?filter=author.id:A5027326281&per-page=200&select=id,title,publication_year,cited_by_count,fwci,citation_normalized_percentile,open_access,primary_location,primary_topic,authorships&cursor=*&mailto=cris-victoria@uta.cl
✗ Robin Dunbar: OpenAlex 429 en https://api.openalex.org/works?filter=author.id:A5064827570&per-page=200&select=id,title,publication_year,cited_by_count,fwci,citation_normalized_percentile,open_access,primary_location,primary_topic,authorships&cursor=*&mailto=cris-victoria@uta.cl
✗ Constantino Tsallis: OpenAlex 429 en https://api.openalex.org/works?filter=author.id:A5051451815&per-page=200&select=id,title,publication_year,cited_by_count,fwci,citation_normalized_percentile,open_access,primary_location,primary_topic,authorships&cursor=*&mailto=cris-victoria@uta.cl
✗ W.G. Rodriguez: OpenAlex 429 en https://api.openalex.org/works?filter=author.id:A5013478474&per-page=200&select=id,title,publication_year,cited_by_count,fwci,citation_normalized_percentile,open_access,primary_location,primary_topic,authorships&cursor=*&mailto=cris-victoria@uta.cl
✗ Rafael Guimarães Pedroso: OpenAlex 429 en https://api.openalex.org/works?filter=author.id:A5038654485&per-page=200&select=id,title,publication_year,cited_by_count,fwci,citation_normalized_percentile,open_access,primary_location,primary_topic,authorships&cursor=*&mailto=cris-victoria@uta.cl
✗ Andrés García-Umaña: OpenAlex 429 en https://api.openalex.org/works?filter=author.id:A5010394287&per-page=200&select=id,title,publication_year,cited_by_count,fwci,citation_normalized_percentile,open_access,primary_location,primary_topic,authorships&cursor=*&mailto=cris-victoria@uta.cl
✗ Évelyn Fernanda Córdoba: OpenAlex 429 en https://api.openalex.org/works?filter=author.id:A5095861514&per-page=200&select=id,title,publication_year,cited_by_count,fwci,citation_normalized_percentile,open_access,primary_location,primary_topic,authorships&cursor=*&mailto=cris-victoria@uta.cl
✗ Nicole Elizondo Villalobos: OpenAlex 429 en https://api.openalex.org/works?filter=author.id:A5108679564&per-page=200&select=id,title,publication_year,cited_by_count,fwci,citation_normalized_percentile,open_access,primary_location,primary_topic,authorships&cursor=*&mailto=cris-victoria@uta.cl
✗ Carla Hernández: OpenAlex 429 en https://api.openalex.org/works?filter=author.id:A5010294277&per-page=200&select=id,title,publication_year,cited_by_count,fwci,citation_normalized_percentile,open_access,primary_location,primary_topic,authorships&cursor=*&mailto=cris-victoria@uta.cl
✗ Samuel Flewett: OpenAlex 429 en https://api.openalex.org/works?filter=author.id:A5067486586&per-page=200&select=id,title,publication_year,cited_by_count,fwci,citation_normalized_percentile,open_access,primary_location,primary_topic,authorships&cursor=*&mailto=cris-victoria@uta.cl
✗ Thibault Saintenoy: OpenAlex 429 en https://api.openalex.org/works?filter=author.id:A5047794900&per-page=200&select=id,title,publication_year,cited_by_count,fwci,citation_normalized_percentile,open_access,primary_location,primary_topic,authorships&cursor=*&mailto=cris-victoria@uta.cl
✗ Carolina A. Robles: OpenAlex 429 en https://api.openalex.org/works?filter=author.id:A5020286521&per-page=200&select=id,title,publication_year,cited_by_count,fwci,citation_normalized_percentile,open_access,primary_location,primary_topic,authorships&cursor=*&mailto=cris-victoria@uta.cl
✗ Sebastián Gutiérrez: OpenAlex 429 en https://api.openalex.org/works?filter=author.id:A5025842158&per-page=200&select=id,title,publication_year,cited_by_count,fwci,citation_normalized_percentile,open_access,primary_location,primary_topic,authorships&cursor=*&mailto=cris-victoria@uta.cl
✗ Evan Maxey: OpenAlex 429 en https://api.openalex.org/works?filter=author.id:A5077216302&per-page=200&select=id,title,publication_year,cited_by_count,fwci,citation_normalized_percentile,open_access,primary_location,primary_topic,authorships&cursor=*&mailto=cris-victoria@uta.cl
✗ Stefan Vogt: OpenAlex 429 en https://api.openalex.org/works?filter=author.id:A5090203521&per-page=200&select=id,title,publication_year,cited_by_count,fwci,citation_normalized_percentile,open_access,primary_location,primary_topic,authorships&cursor=*&mailto=cris-victoria@uta.cl
✗ Darı́o G. Pérez: OpenAlex 429 en https://api.openalex.org/works?filter=author.id:A5072240542&per-page=200&select=id,title,publication_year,cited_by_count,fwci,citation_normalized_percentile,open_access,primary_location,primary_topic,authorships&cursor=*&mailto=cris-victoria@uta.cl
✗ Mauricio Diéguez: OpenAlex 429 en https://api.openalex.org/works?filter=author.id:A5015379074&per-page=200&select=id,title,publication_year,cited_by_count,fwci,citation_normalized_percentile,open_access,primary_location,primary_topic,authorships&cursor=*&mailto=cris-victoria@uta.cl
✗ Jeferson Arango‐López: OpenAlex 429 en https://api.openalex.org/works?filter=author.id:A5071563278&per-page=200&select=id,title,publication_year,cited_by_count,fwci,citation_normalized_percentile,open_access,primary_location,primary_topic,authorships&cursor=*&mailto=cris-victoria@uta.cl
✗ Carlos Cares: OpenAlex 429 en https://api.openalex.org/works?filter=author.id:A5048704879&per-page=200&select=id,title,publication_year,cited_by_count,fwci,citation_normalized_percentile,open_access,primary_location,primary_topic,authorships&cursor=*&mailto=cris-victoria@uta.cl
✗ Nigel Fielding: OpenAlex 429 en https://api.openalex.org/works?filter=author.id:A5051944527&per-page=200&select=id,title,publication_year,cited_by_count,fwci,citation_normalized_percentile,open_access,primary_location,primary_topic,authorships&cursor=*&mailto=cris-victoria@uta.cl
✗ Günter Mey: OpenAlex 429 en https://api.openalex.org/works?filter=author.id:A5023682514&per-page=200&select=id,title,publication_year,cited_by_count,fwci,citation_normalized_percentile,open_access,primary_location,primary_topic,authorships&cursor=*&mailto=cris-victoria@uta.cl
✗ Marco Gemignani: OpenAlex 429 en https://api.openalex.org/works?filter=author.id:A5081805965&per-page=200&select=id,title,publication_year,cited_by_count,fwci,citation_normalized_percentile,open_access,primary_location,primary_topic,authorships&cursor=*&mailto=cris-victoria@uta.cl
✗ Angelo Benozzo: OpenAlex 429 en https://api.openalex.org/works?filter=author.id:A5028913109&per-page=200&select=id,title,publication_year,cited_by_count,fwci,citation_normalized_percentile,open_access,primary_location,primary_topic,authorships&cursor=*&mailto=cris-victoria@uta.cl
✗ Maria Isabel Sobral Escada: OpenAlex 429 en https://api.openalex.org/works?filter=author.id:A5081937286&per-page=200&select=id,title,publication_year,cited_by_count,fwci,citation_normalized_percentile,open_access,primary_location,primary_topic,authorships&cursor=*&mailto=cris-victoria@uta.cl
✗ Walter Gómez: OpenAlex 429 en https://api.openalex.org/works?filter=author.id:A5101442153&per-page=200&select=id,title,publication_year,cited_by_count,fwci,citation_normalized_percentile,open_access,primary_location,primary_topic,authorships&cursor=*&mailto=cris-victoria@uta.cl
✗ Andreas Fischer: OpenAlex 429 en https://api.openalex.org/works?filter=author.id:A5063581189&per-page=200&select=id,title,publication_year,cited_by_count,fwci,citation_normalized_percentile,open_access,primary_location,primary_topic,authorships&cursor=*&mailto=cris-victoria@uta.cl
✗ Ademir A. Ribeiro: OpenAlex 429 en https://api.openalex.org/works?filter=author.id:A5011148526&per-page=200&select=id,title,publication_year,cited_by_count,fwci,citation_normalized_percentile,open_access,primary_location,primary_topic,authorships&cursor=*&mailto=cris-victoria@uta.cl
✗ Adela Hernández-Galván: OpenAlex 429 en https://api.openalex.org/works?filter=author.id:A5064900819&per-page=200&select=id,title,publication_year,cited_by_count,fwci,citation_normalized_percentile,open_access,primary_location,primary_topic,authorships&cursor=*&mailto=cris-victoria@uta.cl

Listo: 734 enriquecidos, 727 fallidos → ./src/coauthor-profiles.enriched.json
✗ Christina Gao: OpenAlex 429 en https://api.openalex.org/works?filter=author.id:A5053573951&per-page=200&select=id,title,publication_year,cited_by_count,fwci,citation_normalized_percentile,open_access,primary_location,primary_topic,authorships&cursor=*&mailto=cris-victoria@uta.cl
✗ G. Cottin: OpenAlex 429 en https://api.openalex.org/works?filter=author.id:A5052717332&per-page=200&select=id,title,publication_year,cited_by_count,fwci,citation_normalized_percentile,open_access,primary_location,primary_topic,authorships&cursor=*&mailto=cris-victoria@uta.cl
✗ Fabián Hernández-Pinto: OpenAlex 429 en https://api.openalex.org/works?filter=author.id:A5077250313&per-page=200&select=id,title,publication_year,cited_by_count,fwci,citation_normalized_percentile,open_access,primary_location,primary_topic,authorships&cursor=*&mailto=cris-victoria@uta.cl
✗ Luciane Simões Duarte: OpenAlex 429 en https://api.openalex.org/works?filter=author.id:A5036205213&per-page=200&select=id,title,publication_year,cited_by_count,fwci,citation_normalized_percentile,open_access,primary_location,primary_topic,authorships&cursor=*&mailto=cris-victoria@uta.cl
✗ Ana Luíza Vilela Borges: OpenAlex 429 en https://api.openalex.org/works?filter=author.id:A5073137177&per-page=200&select=id,title,publication_year,cited_by_count,fwci,citation_normalized_percentile,open_access,primary_location,primary_topic,authorships&cursor=*&mailto=cris-victoria@uta.cl
✗ Behnood Bikdeli: OpenAlex 429 en https://api.openalex.org/works?filter=author.id:A5033100094&per-page=200&select=id,title,publication_year,cited_by_count,fwci,citation_normalized_percentile,open_access,primary_location,primary_topic,authorships&cursor=*&mailto=cris-victoria@uta.cl
✗ David Jiménez: OpenAlex 429 en https://api.openalex.org/works?filter=author.id:A5100653883&per-page=200&select=id,title,publication_year,cited_by_count,fwci,citation_normalized_percentile,open_access,primary_location,primary_topic,authorships&cursor=*&mailto=cris-victoria@uta.cl
✗ Anahí Urquiza: OpenAlex 429 en https://api.openalex.org/works?filter=author.id:A5076127678&per-page=200&select=id,title,publication_year,cited_by_count,fwci,citation_normalized_percentile,open_access,primary_location,primary_topic,authorships&cursor=*&mailto=cris-victoria@uta.cl
✗ Diego Teca: OpenAlex 429 en https://api.openalex.org/works?filter=author.id:A5040971812&per-page=200&select=id,title,publication_year,cited_by_count,fwci,citation_normalized_percentile,open_access,primary_location,primary_topic,authorships&cursor=*&mailto=cris-victoria@uta.cl
✗ Jens Ahm Sørensen: OpenAlex 429 en https://api.openalex.org/works?filter=author.id:A5072625445&per-page=200&select=id,title,publication_year,cited_by_count,fwci,citation_normalized_percentile,open_access,primary_location,primary_topic,authorships&cursor=*&mailto=cris-victoria@uta.cl
✗ Jørn Bo Thomsen: OpenAlex 429 en https://api.openalex.org/works?filter=author.id:A5091619388&per-page=200&select=id,title,publication_year,cited_by_count,fwci,citation_normalized_percentile,open_access,primary_location,primary_topic,authorships&cursor=*&mailto=cris-victoria@uta.cl
✗ Tito Poli: OpenAlex 429 en https://api.openalex.org/works?filter=author.id:A5037399776&per-page=200&select=id,title,publication_year,cited_by_count,fwci,citation_normalized_percentile,open_access,primary_location,primary_topic,authorships&cursor=*&mailto=cris-victoria@uta.cl
✗ Icíar Arteagoitia: OpenAlex 429 en https://api.openalex.org/works?filter=author.id:A5080414146&per-page=200&select=id,title,publication_year,cited_by_count,fwci,citation_normalized_percentile,open_access,primary_location,primary_topic,authorships&cursor=*&mailto=cris-victoria@uta.cl
✗ Luís Puente: OpenAlex 429 en https://api.openalex.org/works?filter=author.id:A5065253510&per-page=200&select=id,title,publication_year,cited_by_count,fwci,citation_normalized_percentile,open_access,primary_location,primary_topic,authorships&cursor=*&mailto=cris-victoria@uta.cl
✗ Amir Karbassi Yazdi: OpenAlex 429 en https://api.openalex.org/works?filter=author.id:A5024890536&per-page=200&select=id,title,publication_year,cited_by_count,fwci,citation_normalized_percentile,open_access,primary_location,primary_topic,authorships&cursor=*&mailto=cris-victoria@uta.cl
✗ B. K. Sharma: OpenAlex 429 en https://api.openalex.org/works?filter=author.id:A5051414264&per-page=200&select=id,title,publication_year,cited_by_count,fwci,citation_normalized_percentile,open_access,primary_location,primary_topic,authorships&cursor=*&mailto=cris-victoria@uta.cl
✗ Jawad El Hamdaoui: OpenAlex 429 en https://api.openalex.org/works?filter=author.id:A5042221027&per-page=200&select=id,title,publication_year,cited_by_count,fwci,citation_normalized_percentile,open_access,primary_location,primary_topic,authorships&cursor=*&mailto=cris-victoria@uta.cl
✗ Miguel Ojeda‐Martínez: OpenAlex 429 en https://api.openalex.org/works?filter=author.id:A5076859247&per-page=200&select=id,title,publication_year,cited_by_count,fwci,citation_normalized_percentile,open_access,primary_location,primary_topic,authorships&cursor=*&mailto=cris-victoria@uta.cl
✗ M. Kria: OpenAlex 429 en https://api.openalex.org/works?filter=author.id:A5081447760&per-page=200&select=id,title,publication_year,cited_by_count,fwci,citation_normalized_percentile,open_access,primary_location,primary_topic,authorships&cursor=*&mailto=cris-victoria@uta.cl
✗ N. Aghoutane: OpenAlex 429 en https://api.openalex.org/works?filter=author.id:A5061841225&per-page=200&select=id,title,publication_year,cited_by_count,fwci,citation_normalized_percentile,open_access,primary_location,primary_topic,authorships&cursor=*&mailto=cris-victoria@uta.cl
✗ José Verdejo: OpenAlex 429 en https://api.openalex.org/works?filter=author.id:A5028954118&per-page=200&select=id,title,publication_year,cited_by_count,fwci,citation_normalized_percentile,open_access,primary_location,primary_topic,authorships&cursor=*&mailto=cris-victoria@uta.cl
✗ Pedro Mondaca: OpenAlex 429 en https://api.openalex.org/works?filter=author.id:A5086079128&per-page=200&select=id,title,publication_year,cited_by_count,fwci,citation_normalized_percentile,open_access,primary_location,primary_topic,authorships&cursor=*&mailto=cris-victoria@uta.cl
✗ Beatriz Hernández‐Jiménez: OpenAlex 429 en https://api.openalex.org/works?filter=author.id:A5026493426&per-page=200&select=id,title,publication_year,cited_by_count,fwci,citation_normalized_percentile,open_access,primary_location,primary_topic,authorships&cursor=*&mailto=cris-victoria@uta.cl
✗ Gerardo Aquino: OpenAlex 429 en https://api.openalex.org/works?filter=author.id:A5005669553&per-page=200&select=id,title,publication_year,cited_by_count,fwci,citation_normalized_percentile,open_access,primary_location,primary_topic,authorships&cursor=*&mailto=cris-victoria@uta.cl
✗ Andronikos Paliathanasis: OpenAlex 429 en https://api.openalex.org/works?filter=author.id:A5077055758&per-page=200&select=id,title,publication_year,cited_by_count,fwci,citation_normalized_percentile,open_access,primary_location,primary_topic,authorships&cursor=*&mailto=cris-victoria@uta.cl
✗ José Suárez‐Lezcano: OpenAlex 429 en https://api.openalex.org/works?filter=author.id:A5079950857&per-page=200&select=id,title,publication_year,cited_by_count,fwci,citation_normalized_percentile,open_access,primary_location,primary_topic,authorships&cursor=*&mailto=cris-victoria@uta.cl
✗ Diego García‐Saiz: OpenAlex 429 en https://api.openalex.org/works?filter=author.id:A5014302872&per-page=200&select=id,title,publication_year,cited_by_count,fwci,citation_normalized_percentile,open_access,primary_location,primary_topic,authorships&cursor=*&mailto=cris-victoria@uta.cl
✗ José Alfonso Aguilar-Calderón: OpenAlex 429 en https://api.openalex.org/works?filter=author.id:A5068740411&per-page=200&select=id,title,publication_year,cited_by_count,fwci,citation_normalized_percentile,open_access,primary_location,primary_topic,authorships&cursor=*&mailto=cris-victoria@uta.cl
✗ Pamela Smith: OpenAlex 429 en https://api.openalex.org/works?filter=author.id:A5031999546&per-page=200&select=id,title,publication_year,cited_by_count,fwci,citation_normalized_percentile,open_access,primary_location,primary_topic,authorships&cursor=*&mailto=cris-victoria@uta.cl
✗ José A. Guijarro: OpenAlex 429 en https://api.openalex.org/works?filter=author.id:A5056851214&per-page=200&select=id,title,publication_year,cited_by_count,fwci,citation_normalized_percentile,open_access,primary_location,primary_topic,authorships&cursor=*&mailto=cris-victoria@uta.cl
✗ Tomás R. Bolaño-Ortiz: OpenAlex 429 en https://api.openalex.org/works?filter=author.id:A5068259030&per-page=200&select=id,title,publication_year,cited_by_count,fwci,citation_normalized_percentile,open_access,primary_location,primary_topic,authorships&cursor=*&mailto=cris-victoria@uta.cl
✗ Rodrigo Palma-­Behnke: OpenAlex 429 en https://api.openalex.org/works?filter=author.id:A5035617714&per-page=200&select=id,title,publication_year,cited_by_count,fwci,citation_normalized_percentile,open_access,primary_location,primary_topic,authorships&cursor=*&mailto=cris-victoria@uta.cl
✗ Hanan M. El-Shal: OpenAlex 429 en https://api.openalex.org/works?filter=author.id:A5054289318&per-page=200&select=id,title,publication_year,cited_by_count,fwci,citation_normalized_percentile,open_access,primary_location,primary_topic,authorships&cursor=*&mailto=cris-victoria@uta.cl
✗ W. E. Abd Allah: OpenAlex 429 en https://api.openalex.org/works?filter=author.id:A5001482348&per-page=200&select=id,title,publication_year,cited_by_count,fwci,citation_normalized_percentile,open_access,primary_location,primary_topic,authorships&cursor=*&mailto=cris-victoria@uta.cl
✗ Wei‐Hsin Chen: OpenAlex 429 en https://api.openalex.org/works?filter=author.id:A5057352058&per-page=200&select=id,title,publication_year,cited_by_count,fwci,citation_normalized_percentile,open_access,primary_location,primary_topic,authorships&cursor=*&mailto=cris-victoria@uta.cl
✗ A. Dinesh: OpenAlex 429 en https://api.openalex.org/works?filter=author.id:A5037404307&per-page=200&select=id,title,publication_year,cited_by_count,fwci,citation_normalized_percentile,open_access,primary_location,primary_topic,authorships&cursor=*&mailto=cris-victoria@uta.cl
✗ A. Manikandan: OpenAlex 429 en https://api.openalex.org/works?filter=author.id:A5066953083&per-page=200&select=id,title,publication_year,cited_by_count,fwci,citation_normalized_percentile,open_access,primary_location,primary_topic,authorships&cursor=*&mailto=cris-victoria@uta.cl
✗ Leonardo D. Secchin: OpenAlex 429 en https://api.openalex.org/works?filter=author.id:A5007017132&per-page=200&select=id,title,publication_year,cited_by_count,fwci,citation_normalized_percentile,open_access,primary_location,primary_topic,authorships&cursor=*&mailto=cris-victoria@uta.cl
✗ Richard Ponce‐Cusi: OpenAlex 429 en https://api.openalex.org/works?filter=author.id:A5077880174&per-page=200&select=id,title,publication_year,cited_by_count,fwci,citation_normalized_percentile,open_access,primary_location,primary_topic,authorships&cursor=*&mailto=cris-victoria@uta.cl
✗ Daniel Martins: OpenAlex 429 en https://api.openalex.org/works?filter=author.id:A5024828202&per-page=200&select=id,title,publication_year,cited_by_count,fwci,citation_normalized_percentile,open_access,primary_location,primary_topic,authorships&cursor=*&mailto=cris-victoria@uta.cl
✗ Leonardo Mejia: OpenAlex 429 en https://api.openalex.org/works?filter=author.id:A5042397634&per-page=200&select=id,title,publication_year,cited_by_count,fwci,citation_normalized_percentile,open_access,primary_location,primary_topic,authorships&cursor=*&mailto=cris-victoria@uta.cl
✗ L.A. Sarabia: OpenAlex 429 en https://api.openalex.org/works?filter=author.id:A5063412936&per-page=200&select=id,title,publication_year,cited_by_count,fwci,citation_normalized_percentile,open_access,primary_location,primary_topic,authorships&cursor=*&mailto=cris-victoria@uta.cl
✗ Catherine Sánchez: OpenAlex 429 en https://api.openalex.org/works?filter=author.id:A5011637606&per-page=200&select=id,title,publication_year,cited_by_count,fwci,citation_normalized_percentile,open_access,primary_location,primary_topic,authorships&cursor=*&mailto=cris-victoria@uta.cl
✗ Philippe Jouan: OpenAlex 429 en https://api.openalex.org/works?filter=author.id:A5074761436&per-page=200&select=id,title,publication_year,cited_by_count,fwci,citation_normalized_percentile,open_access,primary_location,primary_topic,authorships&cursor=*&mailto=cris-victoria@uta.cl
✗ Tommy Riojá: OpenAlex 429 en https://api.openalex.org/works?filter=author.id:A5016603650&per-page=200&select=id,title,publication_year,cited_by_count,fwci,citation_normalized_percentile,open_access,primary_location,primary_topic,authorships&cursor=*&mailto=cris-victoria@uta.cl
✗ Fabiola Carvajal: OpenAlex 429 en https://api.openalex.org/works?filter=author.id:A5063270113&per-page=200&select=id,title,publication_year,cited_by_count,fwci,citation_normalized_percentile,open_access,primary_location,primary_topic,authorships&cursor=*&mailto=cris-victoria@uta.cl
✗ Paulina Salgado-García: OpenAlex 429 en https://api.openalex.org/works?filter=author.id:A5057417404&per-page=200&select=id,title,publication_year,cited_by_count,fwci,citation_normalized_percentile,open_access,primary_location,primary_topic,authorships&cursor=*&mailto=cris-victoria@uta.cl
✗ José Cárcamo: OpenAlex 429 en https://api.openalex.org/works?filter=author.id:A5083477002&per-page=200&select=id,title,publication_year,cited_by_count,fwci,citation_normalized_percentile,open_access,primary_location,primary_topic,authorships&cursor=*&mailto=cris-victoria@uta.cl
✗ Arnoldo Vizcarra: OpenAlex 429 en https://api.openalex.org/works?filter=author.id:A5085655287&per-page=200&select=id,title,publication_year,cited_by_count,fwci,citation_normalized_percentile,open_access,primary_location,primary_topic,authorships&cursor=*&mailto=cris-victoria@uta.cl
✗ Raúl G. E. Morales: OpenAlex 429 en https://api.openalex.org/works?filter=author.id:A5109000220&per-page=200&select=id,title,publication_year,cited_by_count,fwci,citation_normalized_percentile,open_access,primary_location,primary_topic,authorships&cursor=*&mailto=cris-victoria@uta.cl
✗ M.C. Salas: OpenAlex 429 en https://api.openalex.org/works?filter=author.id:A5057478549&per-page=200&select=id,title,publication_year,cited_by_count,fwci,citation_normalized_percentile,open_access,primary_location,primary_topic,authorships&cursor=*&mailto=cris-victoria@uta.cl
✗ Juan Vega-Vargas: OpenAlex 429 en https://api.openalex.org/works?filter=author.id:A5008073881&per-page=200&select=id,title,publication_year,cited_by_count,fwci,citation_normalized_percentile,open_access,primary_location,primary_topic,authorships&cursor=*&mailto=cris-victoria@uta.cl
✗ Srividya Swaminathan: OpenAlex 429 en https://api.openalex.org/works?filter=author.id:A5049460406&per-page=200&select=id,title,publication_year,cited_by_count,fwci,citation_normalized_percentile,open_access,primary_location,primary_topic,authorships&cursor=*&mailto=cris-victoria@uta.cl
✗ Juan F. Santibáñez: OpenAlex 429 en https://api.openalex.org/works?filter=author.id:A5066883045&per-page=200&select=id,title,publication_year,cited_by_count,fwci,citation_normalized_percentile,open_access,primary_location,primary_topic,authorships&cursor=*&mailto=cris-victoria@uta.cl
✗ Ronald Herrera: OpenAlex 429 en https://api.openalex.org/works?filter=author.id:A5079064521&per-page=200&select=id,title,publication_year,cited_by_count,fwci,citation_normalized_percentile,open_access,primary_location,primary_topic,authorships&cursor=*&mailto=cris-victoria@uta.cl
✗ Ursula Berger: OpenAlex 429 en https://api.openalex.org/works?filter=author.id:A5002878080&per-page=200&select=id,title,publication_year,cited_by_count,fwci,citation_normalized_percentile,open_access,primary_location,primary_topic,authorships&cursor=*&mailto=cris-victoria@uta.cl
✗ María José Boada: OpenAlex 429 en https://api.openalex.org/works?filter=author.id:A5077712866&per-page=200&select=id,title,publication_year,cited_by_count,fwci,citation_normalized_percentile,open_access,primary_location,primary_topic,authorships&cursor=*&mailto=cris-victoria@uta.cl
✗ Luis R. Murillo‐Zamorano: OpenAlex 429 en https://api.openalex.org/works?filter=author.id:A5025683970&per-page=200&select=id,title,publication_year,cited_by_count,fwci,citation_normalized_percentile,open_access,primary_location,primary_topic,authorships&cursor=*&mailto=cris-victoria@uta.cl
✗ Samuel Durán‐Agüero: OpenAlex 429 en https://api.openalex.org/works?filter=author.id:A5035576156&per-page=200&select=id,title,publication_year,cited_by_count,fwci,citation_normalized_percentile,open_access,primary_location,primary_topic,authorships&cursor=*&mailto=cris-victoria@uta.cl
✗ Catalina Miranda: OpenAlex 429 en https://api.openalex.org/works?filter=author.id:A5027832704&per-page=200&select=id,title,publication_year,cited_by_count,fwci,citation_normalized_percentile,open_access,primary_location,primary_topic,authorships&cursor=*&mailto=cris-victoria@uta.cl
✗ José Julián Soto Lara: OpenAlex 429 en https://api.openalex.org/works?filter=author.id:A5055525152&per-page=200&select=id,title,publication_year,cited_by_count,fwci,citation_normalized_percentile,open_access,primary_location,primary_topic,authorships&cursor=*&mailto=cris-victoria@uta.cl
✗ Andrés Bernasconi: OpenAlex 429 en https://api.openalex.org/works?filter=author.id:A5005558831&per-page=200&select=id,title,publication_year,cited_by_count,fwci,citation_normalized_percentile,open_access,primary_location,primary_topic,authorships&cursor=*&mailto=cris-victoria@uta.cl
✗ Axel E. Nielsen: OpenAlex 429 en https://api.openalex.org/works?filter=author.id:A5079112030&per-page=200&select=id,title,publication_year,cited_by_count,fwci,citation_normalized_percentile,open_access,primary_location,primary_topic,authorships&cursor=*&mailto=cris-victoria@uta.cl
✗ Carlos Choque Mariño: OpenAlex 429 en https://api.openalex.org/works?filter=author.id:A5037376303&per-page=200&select=id,title,publication_year,cited_by_count,fwci,citation_normalized_percentile,open_access,primary_location,primary_topic,authorships&cursor=*&mailto=cris-victoria@uta.cl
✗ María Bull: OpenAlex 429 en https://api.openalex.org/works?filter=author.id:A5032621404&per-page=200&select=id,title,publication_year,cited_by_count,fwci,citation_normalized_percentile,open_access,primary_location,primary_topic,authorships&cursor=*&mailto=cris-victoria@uta.cl
✗ Pavlina Jordanova: OpenAlex 429 en https://api.openalex.org/works?filter=author.id:A5001967401&per-page=200&select=id,title,publication_year,cited_by_count,fwci,citation_normalized_percentile,open_access,primary_location,primary_topic,authorships&cursor=*&mailto=cris-victoria@uta.cl
✗ Cristián Pinto‐Cortez: OpenAlex 429 en https://api.openalex.org/works?filter=author.id:A5010771029&per-page=200&select=id,title,publication_year,cited_by_count,fwci,citation_normalized_percentile,open_access,primary_location,primary_topic,authorships&cursor=*&mailto=cris-victoria@uta.cl
✗ Álvaro González Sanzana: OpenAlex 429 en https://api.openalex.org/works?filter=author.id:A5049959590&per-page=200&select=id,title,publication_year,cited_by_count,fwci,citation_normalized_percentile,open_access,primary_location,primary_topic,authorships&cursor=*&mailto=cris-victoria@uta.cl
✗ Pedro Sandoval Rubilar: OpenAlex 429 en https://api.openalex.org/works?filter=author.id:A5074907335&per-page=200&select=id,title,publication_year,cited_by_count,fwci,citation_normalized_percentile,open_access,primary_location,primary_topic,authorships&cursor=*&mailto=cris-victoria@uta.cl
✗ Marco Wandercil: OpenAlex 429 en https://api.openalex.org/works?filter=author.id:A5074414004&per-page=200&select=id,title,publication_year,cited_by_count,fwci,citation_normalized_percentile,open_access,primary_location,primary_topic,authorships&cursor=*&mailto=cris-victoria@uta.cl
✗ Marcelo Hadweh Briceño: OpenAlex 429 en https://api.openalex.org/works?filter=author.id:A5025315530&per-page=200&select=id,title,publication_year,cited_by_count,fwci,citation_normalized_percentile,open_access,primary_location,primary_topic,authorships&cursor=*&mailto=cris-victoria@uta.cl
✗ H.R. Schelin: OpenAlex 429 en https://api.openalex.org/works?filter=author.id:A5009330598&per-page=200&select=id,title,publication_year,cited_by_count,fwci,citation_normalized_percentile,open_access,primary_location,primary_topic,authorships&cursor=*&mailto=cris-victoria@uta.cl
✗ Helen J. Khoury: fetch failed
✗ Marta Ferrer‐García: OpenAlex 429 en https://api.openalex.org/works?filter=author.id:A5039928923&per-page=200&select=id,title,publication_year,cited_by_count,fwci,citation_normalized_percentile,open_access,primary_location,primary_topic,authorships&cursor=*&mailto=cris-victoria@uta.cl
✗ Roxana Chiappa: OpenAlex 429 en https://api.openalex.org/works?filter=author.id:A5084440788&per-page=200&select=id,title,publication_year,cited_by_count,fwci,citation_normalized_percentile,open_access,primary_location,primary_topic,authorships&cursor=*&mailto=cris-victoria@uta.cl
✗ Paulina Pérez Mejías: OpenAlex 429 en https://api.openalex.org/works?filter=author.id:A5014951284&per-page=200&select=id,title,publication_year,cited_by_count,fwci,citation_normalized_percentile,open_access,primary_location,primary_topic,authorships&cursor=*&mailto=cris-victoria@uta.cl
✗ Dominique Bégu: OpenAlex 429 en https://api.openalex.org/works?filter=author.id:A5067019796&per-page=200&select=id,title,publication_year,cited_by_count,fwci,citation_normalized_percentile,open_access,primary_location,primary_topic,authorships&cursor=*&mailto=cris-victoria@uta.cl
✗ Loreto Holuigue: OpenAlex 429 en https://api.openalex.org/works?filter=author.id:A5011144054&per-page=200&select=id,title,publication_year,cited_by_count,fwci,citation_normalized_percentile,open_access,primary_location,primary_topic,authorships&cursor=*&mailto=cris-victoria@uta.cl
✗ Andrea Riedemann: OpenAlex 429 en https://api.openalex.org/works?filter=author.id:A5022061247&per-page=200&select=id,title,publication_year,cited_by_count,fwci,citation_normalized_percentile,open_access,primary_location,primary_topic,authorships&cursor=*&mailto=cris-victoria@uta.cl
✗ Hugo A. Benítez: OpenAlex 429 en https://api.openalex.org/works?filter=author.id:A5038978984&per-page=200&select=id,title,publication_year,cited_by_count,fwci,citation_normalized_percentile,open_access,primary_location,primary_topic,authorships&cursor=*&mailto=cris-victoria@uta.cl
✗ José Cerdeña: OpenAlex 429 en https://api.openalex.org/works?filter=author.id:A5008710995&per-page=200&select=id,title,publication_year,cited_by_count,fwci,citation_normalized_percentile,open_access,primary_location,primary_topic,authorships&cursor=*&mailto=cris-victoria@uta.cl
✗ Jackie Farfán: OpenAlex 429 en https://api.openalex.org/works?filter=author.id:A5071066964&per-page=200&select=id,title,publication_year,cited_by_count,fwci,citation_normalized_percentile,open_access,primary_location,primary_topic,authorships&cursor=*&mailto=cris-victoria@uta.cl
✗ Jörn Behrens: OpenAlex 429 en https://api.openalex.org/works?filter=author.id:A5043502670&per-page=200&select=id,title,publication_year,cited_by_count,fwci,citation_normalized_percentile,open_access,primary_location,primary_topic,authorships&cursor=*&mailto=cris-victoria@uta.cl
✗ Michelle Espinoza: OpenAlex 429 en https://api.openalex.org/works?filter=author.id:A5037760417&per-page=200&select=id,title,publication_year,cited_by_count,fwci,citation_normalized_percentile,open_access,primary_location,primary_topic,authorships&cursor=*&mailto=cris-victoria@uta.cl
✗ Marcelo Pizarro: OpenAlex 429 en https://api.openalex.org/works?filter=author.id:A5083151986&per-page=200&select=id,title,publication_year,cited_by_count,fwci,citation_normalized_percentile,open_access,primary_location,primary_topic,authorships&cursor=*&mailto=cris-victoria@uta.cl
✗ Patricio Cumsille: OpenAlex 429 en https://api.openalex.org/works?filter=author.id:A5005753352&per-page=200&select=id,title,publication_year,cited_by_count,fwci,citation_normalized_percentile,open_access,primary_location,primary_topic,authorships&cursor=*&mailto=cris-victoria@uta.cl
✗ Susana Carvajal: OpenAlex 429 en https://api.openalex.org/works?filter=author.id:A5052838816&per-page=200&select=id,title,publication_year,cited_by_count,fwci,citation_normalized_percentile,open_access,primary_location,primary_topic,authorships&cursor=*&mailto=cris-victoria@uta.cl
✗ Claudia Pérez-Salas: OpenAlex 429 en https://api.openalex.org/works?filter=author.id:A5075585230&per-page=200&select=id,title,publication_year,cited_by_count,fwci,citation_normalized_percentile,open_access,primary_location,primary_topic,authorships&cursor=*&mailto=cris-victoria@uta.cl
✗ José A. Luque: OpenAlex 429 en https://api.openalex.org/works?filter=author.id:A5036983231&per-page=200&select=id,title,publication_year,cited_by_count,fwci,citation_normalized_percentile,open_access,primary_location,primary_topic,authorships&cursor=*&mailto=cris-victoria@uta.cl
✗ J. Jorquera: OpenAlex 429 en https://api.openalex.org/works?filter=author.id:A5046456497&per-page=200&select=id,title,publication_year,cited_by_count,fwci,citation_normalized_percentile,open_access,primary_location,primary_topic,authorships&cursor=*&mailto=cris-victoria@uta.cl
✗ Harald Pleiner: OpenAlex 429 en https://api.openalex.org/works?filter=author.id:A5078086497&per-page=200&select=id,title,publication_year,cited_by_count,fwci,citation_normalized_percentile,open_access,primary_location,primary_topic,authorships&cursor=*&mailto=cris-victoria@uta.cl
✗ S. Coulibaly: OpenAlex 429 en https://api.openalex.org/works?filter=author.id:A5014165314&per-page=200&select=id,title,publication_year,cited_by_count,fwci,citation_normalized_percentile,open_access,primary_location,primary_topic,authorships&cursor=*&mailto=cris-victoria@uta.cl
✗ Rodrigo Fuster: OpenAlex 429 en https://api.openalex.org/works?filter=author.id:A5040689916&per-page=200&select=id,title,publication_year,cited_by_count,fwci,citation_normalized_percentile,open_access,primary_location,primary_topic,authorships&cursor=*&mailto=cris-victoria@uta.cl
✗ Massimo Macucci: OpenAlex 429 en https://api.openalex.org/works?filter=author.id:A5034478383&per-page=200&select=id,title,publication_year,cited_by_count,fwci,citation_normalized_percentile,open_access,primary_location,primary_topic,authorships&cursor=*&mailto=cris-victoria@uta.cl
✗ Gilberto Aranda Bustamante: OpenAlex 429 en https://api.openalex.org/works?filter=author.id:A5053218955&per-page=200&select=id,title,publication_year,cited_by_count,fwci,citation_normalized_percentile,open_access,primary_location,primary_topic,authorships&cursor=*&mailto=cris-victoria@uta.cl
✗ Jungbin Hwang: OpenAlex 429 en https://api.openalex.org/works?filter=author.id:A5015202601&per-page=200&select=id,title,publication_year,cited_by_count,fwci,citation_normalized_percentile,open_access,primary_location,primary_topic,authorships&cursor=*&mailto=cris-victoria@uta.cl
✗ Chuan Li: OpenAlex 429 en https://api.openalex.org/works?filter=author.id:A5100404427&per-page=200&select=id,title,publication_year,cited_by_count,fwci,citation_normalized_percentile,open_access,primary_location,primary_topic,authorships&cursor=*&mailto=cris-victoria@uta.cl
✗ Dante Carrasco-Olivera: OpenAlex 429 en https://api.openalex.org/works?filter=author.id:A5045861035&per-page=200&select=id,title,publication_year,cited_by_count,fwci,citation_normalized_percentile,open_access,primary_location,primary_topic,authorships&cursor=*&mailto=cris-victoria@uta.cl
✗ Ricardo L. Soto: OpenAlex 429 en https://api.openalex.org/works?filter=author.id:A5056117225&per-page=200&select=id,title,publication_year,cited_by_count,fwci,citation_normalized_percentile,open_access,primary_location,primary_topic,authorships&cursor=*&mailto=cris-victoria@uta.cl
✗ Nancy Nelly González Sanmiguel González Sanmiguel: OpenAlex 429 en https://api.openalex.org/works?filter=author.id:A5069509821&per-page=200&select=id,title,publication_year,cited_by_count,fwci,citation_normalized_percentile,open_access,primary_location,primary_topic,authorships&cursor=*&mailto=cris-victoria@uta.cl
✗ María del Carmen Rodríguez Martín-Retortillo: OpenAlex 429 en https://api.openalex.org/works?filter=author.id:A5063905191&per-page=200&select=id,title,publication_year,cited_by_count,fwci,citation_normalized_percentile,open_access,primary_location,primary_topic,authorships&cursor=*&mailto=cris-victoria@uta.cl
✗ L. Vázquez: OpenAlex 429 en https://api.openalex.org/works?filter=author.id:A5056601909&per-page=200&select=id,title,publication_year,cited_by_count,fwci,citation_normalized_percentile,open_access,primary_location,primary_topic,authorships&cursor=*&mailto=cris-victoria@uta.cl
✗ Graciela Ruocco: OpenAlex 429 en https://api.openalex.org/works?filter=author.id:A5048085248&per-page=200&select=id,title,publication_year,cited_by_count,fwci,citation_normalized_percentile,open_access,primary_location,primary_topic,authorships&cursor=*&mailto=cris-victoria@uta.cl
✗ Gloria Arratia: OpenAlex 429 en https://api.openalex.org/works?filter=author.id:A5072928827&per-page=200&select=id,title,publication_year,cited_by_count,fwci,citation_normalized_percentile,open_access,primary_location,primary_topic,authorships&cursor=*&mailto=cris-victoria@uta.cl
✗ Valery E. Lyubovitskij: OpenAlex 429 en https://api.openalex.org/works?filter=author.id:A5014559177&per-page=200&select=id,title,publication_year,cited_by_count,fwci,citation_normalized_percentile,open_access,primary_location,primary_topic,authorships&cursor=*&mailto=cris-victoria@uta.cl
✗ Mónica A. García-Ñustes: OpenAlex 429 en https://api.openalex.org/works?filter=author.id:A5049095418&per-page=200&select=id,title,publication_year,cited_by_count,fwci,citation_normalized_percentile,open_access,primary_location,primary_topic,authorships&cursor=*&mailto=cris-victoria@uta.cl
✗ Carolina Guzmán-Valenzuela: OpenAlex 429 en https://api.openalex.org/works?filter=author.id:A5071669085&per-page=200&select=id,title,publication_year,cited_by_count,fwci,citation_normalized_percentile,open_access,primary_location,primary_topic,authorships&cursor=*&mailto=cris-victoria@uta.cl
✗ Sara González: OpenAlex 429 en https://api.openalex.org/works?filter=author.id:A5048092704&per-page=200&select=id,title,publication_year,cited_by_count,fwci,citation_normalized_percentile,open_access,primary_location,primary_topic,authorships&cursor=*&mailto=cris-victoria@uta.cl
✗ Brent V. Alloway: OpenAlex 429 en https://api.openalex.org/works?filter=author.id:A5002741396&per-page=200&select=id,title,publication_year,cited_by_count,fwci,citation_normalized_percentile,open_access,primary_location,primary_topic,authorships&cursor=*&mailto=cris-victoria@uta.cl
✗ Nicolas Hadjisavvas: OpenAlex 429 en https://api.openalex.org/works?filter=author.id:A5072891344&per-page=200&select=id,title,publication_year,cited_by_count,fwci,citation_normalized_percentile,open_access,primary_location,primary_topic,authorships&cursor=*&mailto=cris-victoria@uta.cl
✗ Alireza Kabgani: OpenAlex 429 en https://api.openalex.org/works?filter=author.id:A5055183487&per-page=200&select=id,title,publication_year,cited_by_count,fwci,citation_normalized_percentile,open_access,primary_location,primary_topic,authorships&cursor=*&mailto=cris-victoria@uta.cl
✗ Catalina Amigo: OpenAlex 429 en https://api.openalex.org/works?filter=author.id:A5067982028&per-page=200&select=id,title,publication_year,cited_by_count,fwci,citation_normalized_percentile,open_access,primary_location,primary_topic,authorships&cursor=*&mailto=cris-victoria@uta.cl
✗ Mario Alarcón: OpenAlex 429 en https://api.openalex.org/works?filter=author.id:A5089318972&per-page=200&select=id,title,publication_year,cited_by_count,fwci,citation_normalized_percentile,open_access,primary_location,primary_topic,authorships&cursor=*&mailto=cris-victoria@uta.cl
✗ Paola Valero: OpenAlex 429 en https://api.openalex.org/works?filter=author.id:A5040598695&per-page=200&select=id,title,publication_year,cited_by_count,fwci,citation_normalized_percentile,open_access,primary_location,primary_topic,authorships&cursor=*&mailto=cris-victoria@uta.cl
✗ Luz Valoyes-Chávez: OpenAlex 429 en https://api.openalex.org/works?filter=author.id:A5037296149&per-page=200&select=id,title,publication_year,cited_by_count,fwci,citation_normalized_percentile,open_access,primary_location,primary_topic,authorships&cursor=*&mailto=cris-victoria@uta.cl
✗ A. V. Kotikov: OpenAlex 429 en https://api.openalex.org/works?filter=author.id:A5052568748&per-page=200&select=id,title,publication_year,cited_by_count,fwci,citation_normalized_percentile,open_access,primary_location,primary_topic,authorships&cursor=*&mailto=cris-victoria@uta.cl
✗ Eduardo Estrada‐Castillón: OpenAlex 429 en https://api.openalex.org/works?filter=author.id:A5073398392&per-page=200&select=id,title,publication_year,cited_by_count,fwci,citation_normalized_percentile,open_access,primary_location,primary_topic,authorships&cursor=*&mailto=cris-victoria@uta.cl
✗ Lee W. T. Alkureishi: OpenAlex 429 en https://api.openalex.org/works?filter=author.id:A5006971971&per-page=200&select=id,title,publication_year,cited_by_count,fwci,citation_normalized_percentile,open_access,primary_location,primary_topic,authorships&cursor=*&mailto=cris-victoria@uta.cl
✗ Adorján F. Kovács: OpenAlex 429 en https://api.openalex.org/works?filter=author.id:A5067356746&per-page=200&select=id,title,publication_year,cited_by_count,fwci,citation_normalized_percentile,open_access,primary_location,primary_topic,authorships&cursor=*&mailto=cris-victoria@uta.cl
✗ Alejandra Espinosa: OpenAlex 429 en https://api.openalex.org/works?filter=author.id:A5060525055&per-page=200&select=id,title,publication_year,cited_by_count,fwci,citation_normalized_percentile,open_access,primary_location,primary_topic,authorships&cursor=*&mailto=cris-victoria@uta.cl
✗ Sebastián Muñoz-Herrera: OpenAlex 429 en https://api.openalex.org/works?filter=author.id:A5089463026&per-page=200&select=id,title,publication_year,cited_by_count,fwci,citation_normalized_percentile,open_access,primary_location,primary_topic,authorships&cursor=*&mailto=cris-victoria@uta.cl
✗ Cristhian Pérez Villalobos: OpenAlex 429 en https://api.openalex.org/works?filter=author.id:A5068134851&per-page=200&select=id,title,publication_year,cited_by_count,fwci,citation_normalized_percentile,open_access,primary_location,primary_topic,authorships&cursor=*&mailto=cris-victoria@uta.cl
✗ I. Montoya De Los Santos: OpenAlex 429 en https://api.openalex.org/works?filter=author.id:A5035080081&per-page=200&select=id,title,publication_year,cited_by_count,fwci,citation_normalized_percentile,open_access,primary_location,primary_topic,authorships&cursor=*&mailto=cris-victoria@uta.cl
✗ Eduardo Gomes Salgado: OpenAlex 429 en https://api.openalex.org/works?filter=author.id:A5053408022&per-page=200&select=id,title,publication_year,cited_by_count,fwci,citation_normalized_percentile,open_access,primary_location,primary_topic,authorships&cursor=*&mailto=cris-victoria@uta.cl
✗ Juan L. Celis‐Diez: OpenAlex 429 en https://api.openalex.org/works?filter=author.id:A5038270153&per-page=200&select=id,title,publication_year,cited_by_count,fwci,citation_normalized_percentile,open_access,primary_location,primary_topic,authorships&cursor=*&mailto=cris-victoria@uta.cl
✗ Yu. A. Krutyakov: OpenAlex 429 en https://api.openalex.org/works?filter=author.id:A5089103108&per-page=200&select=id,title,publication_year,cited_by_count,fwci,citation_normalized_percentile,open_access,primary_location,primary_topic,authorships&cursor=*&mailto=cris-victoria@uta.cl
✗ Frédéric Villièras: OpenAlex 429 en https://api.openalex.org/works?filter=author.id:A5071735219&per-page=200&select=id,title,publication_year,cited_by_count,fwci,citation_normalized_percentile,open_access,primary_location,primary_topic,authorships&cursor=*&mailto=cris-victoria@uta.cl
✗ Arieh Singer: OpenAlex 429 en https://api.openalex.org/works?filter=author.id:A5084048949&per-page=200&select=id,title,publication_year,cited_by_count,fwci,citation_normalized_percentile,open_access,primary_location,primary_topic,authorships&cursor=*&mailto=cris-victoria@uta.cl
✗ Manuel A. Bravo: OpenAlex 429 en https://api.openalex.org/works?filter=author.id:A5017479700&per-page=200&select=id,title,publication_year,cited_by_count,fwci,citation_normalized_percentile,open_access,primary_location,primary_topic,authorships&cursor=*&mailto=cris-victoria@uta.cl
✗ Gabriel Ruiz Garzón: OpenAlex 429 en https://api.openalex.org/works?filter=author.id:A5013613351&per-page=200&select=id,title,publication_year,cited_by_count,fwci,citation_normalized_percentile,open_access,primary_location,primary_topic,authorships&cursor=*&mailto=cris-victoria@uta.cl
✗ Vivian Gavilán Vega: OpenAlex 429 en https://api.openalex.org/works?filter=author.id:A5013890297&per-page=200&select=id,title,publication_year,cited_by_count,fwci,citation_normalized_percentile,open_access,primary_location,primary_topic,authorships&cursor=*&mailto=cris-victoria@uta.cl
✗ O. J. Suarez: OpenAlex 429 en https://api.openalex.org/works?filter=author.id:A5007325155&per-page=200&select=id,title,publication_year,cited_by_count,fwci,citation_normalized_percentile,open_access,primary_location,primary_topic,authorships&cursor=*&mailto=cris-victoria@uta.cl
✗ Domingo Mery: OpenAlex 429 en https://api.openalex.org/works?filter=author.id:A5018322893&per-page=200&select=id,title,publication_year,cited_by_count,fwci,citation_normalized_percentile,open_access,primary_location,primary_topic,authorships&cursor=*&mailto=cris-victoria@uta.cl
✗ Byron Droguett: OpenAlex 429 en https://api.openalex.org/works?filter=author.id:A5000168479&per-page=200&select=id,title,publication_year,cited_by_count,fwci,citation_normalized_percentile,open_access,primary_location,primary_topic,authorships&cursor=*&mailto=cris-victoria@uta.cl
✗ Israel Quirós: OpenAlex 429 en https://api.openalex.org/works?filter=author.id:A5001182086&per-page=200&select=id,title,publication_year,cited_by_count,fwci,citation_normalized_percentile,open_access,primary_location,primary_topic,authorships&cursor=*&mailto=cris-victoria@uta.cl
✗ S. Vadivel: OpenAlex 429 en https://api.openalex.org/works?filter=author.id:A5002971428&per-page=200&select=id,title,publication_year,cited_by_count,fwci,citation_normalized_percentile,open_access,primary_location,primary_topic,authorships&cursor=*&mailto=cris-victoria@uta.cl
✗ Xinyu Zhang: OpenAlex 429 en https://api.openalex.org/works?filter=author.id:A5100390720&per-page=200&select=id,title,publication_year,cited_by_count,fwci,citation_normalized_percentile,open_access,primary_location,primary_topic,authorships&cursor=*&mailto=cris-victoria@uta.cl
✗ Karthikeyan Sekar: OpenAlex 429 en https://api.openalex.org/works?filter=author.id:A5030375562&per-page=200&select=id,title,publication_year,cited_by_count,fwci,citation_normalized_percentile,open_access,primary_location,primary_topic,authorships&cursor=*&mailto=cris-victoria@uta.cl
✗ Hesam Kamyab: OpenAlex 429 en https://api.openalex.org/works?filter=author.id:A5060927410&per-page=200&select=id,title,publication_year,cited_by_count,fwci,citation_normalized_percentile,open_access,primary_location,primary_topic,authorships&cursor=*&mailto=cris-victoria@uta.cl
✗ Aishah Abdul Jalil: OpenAlex 429 en https://api.openalex.org/works?filter=author.id:A5022181476&per-page=200&select=id,title,publication_year,cited_by_count,fwci,citation_normalized_percentile,open_access,primary_location,primary_topic,authorships&cursor=*&mailto=cris-victoria@uta.cl
✗ Emmanuel Discamps: OpenAlex 429 en https://api.openalex.org/works?filter=author.id:A5028489208&per-page=200&select=id,title,publication_year,cited_by_count,fwci,citation_normalized_percentile,open_access,primary_location,primary_topic,authorships&cursor=*&mailto=cris-victoria@uta.cl
✗ Xavier Muth: OpenAlex 429 en https://api.openalex.org/works?filter=author.id:A5064647398&per-page=200&select=id,title,publication_year,cited_by_count,fwci,citation_normalized_percentile,open_access,primary_location,primary_topic,authorships&cursor=*&mailto=cris-victoria@uta.cl
✗ Carolina Tripp-Barba: OpenAlex 429 en https://api.openalex.org/works?filter=author.id:A5005449019&per-page=200&select=id,title,publication_year,cited_by_count,fwci,citation_normalized_percentile,open_access,primary_location,primary_topic,authorships&cursor=*&mailto=cris-victoria@uta.cl
✗ Ignacio Núñez‐Hidalgo: OpenAlex 429 en https://api.openalex.org/works?filter=author.id:A5076530634&per-page=200&select=id,title,publication_year,cited_by_count,fwci,citation_normalized_percentile,open_access,primary_location,primary_topic,authorships&cursor=*&mailto=cris-victoria@uta.cl
✗ Paulina Ponce-Philimon: OpenAlex 429 en https://api.openalex.org/works?filter=author.id:A5065990702&per-page=200&select=id,title,publication_year,cited_by_count,fwci,citation_normalized_percentile,open_access,primary_location,primary_topic,authorships&cursor=*&mailto=cris-victoria@uta.cl
✗ Carlos Rodriguez‐Benites: OpenAlex 429 en https://api.openalex.org/works?filter=author.id:A5020411814&per-page=200&select=id,title,publication_year,cited_by_count,fwci,citation_normalized_percentile,open_access,primary_location,primary_topic,authorships&cursor=*&mailto=cris-victoria@uta.cl
✗ Manuel Alva-Morales: OpenAlex 429 en https://api.openalex.org/works?filter=author.id:A5093226832&per-page=200&select=id,title,publication_year,cited_by_count,fwci,citation_normalized_percentile,open_access,primary_location,primary_topic,authorships&cursor=*&mailto=cris-victoria@uta.cl
✗ E. Kasapoğlu: OpenAlex 429 en https://api.openalex.org/works?filter=author.id:A5004572947&per-page=200&select=id,title,publication_year,cited_by_count,fwci,citation_normalized_percentile,open_access,primary_location,primary_topic,authorships&cursor=*&mailto=cris-victoria@uta.cl
✗ Ivan S. Babichuk: OpenAlex 429 en https://api.openalex.org/works?filter=author.id:A5075791249&per-page=200&select=id,title,publication_year,cited_by_count,fwci,citation_normalized_percentile,open_access,primary_location,primary_topic,authorships&cursor=*&mailto=cris-victoria@uta.cl
✗ V. V. Belykh: OpenAlex 429 en https://api.openalex.org/works?filter=author.id:A5083191717&per-page=200&select=id,title,publication_year,cited_by_count,fwci,citation_normalized_percentile,open_access,primary_location,primary_topic,authorships&cursor=*&mailto=cris-victoria@uta.cl
✗ Muneesh Sethi: OpenAlex 429 en https://api.openalex.org/works?filter=author.id:A5058483036&per-page=200&select=id,title,publication_year,cited_by_count,fwci,citation_normalized_percentile,open_access,primary_location,primary_topic,authorships&cursor=*&mailto=cris-victoria@uta.cl
✗ Parul Gupta: OpenAlex 429 en https://api.openalex.org/works?filter=author.id:A5101768310&per-page=200&select=id,title,publication_year,cited_by_count,fwci,citation_normalized_percentile,open_access,primary_location,primary_topic,authorships&cursor=*&mailto=cris-victoria@uta.cl
✗ Álvaro Soliz: OpenAlex 429 en https://api.openalex.org/works?filter=author.id:A5054932109&per-page=200&select=id,title,publication_year,cited_by_count,fwci,citation_normalized_percentile,open_access,primary_location,primary_topic,authorships&cursor=*&mailto=cris-victoria@uta.cl
✗ Felipe M. Galleguillos Madrid: OpenAlex 429 en https://api.openalex.org/works?filter=author.id:A5017086532&per-page=200&select=id,title,publication_year,cited_by_count,fwci,citation_normalized_percentile,open_access,primary_location,primary_topic,authorships&cursor=*&mailto=cris-victoria@uta.cl
✗ Thanigaivel Sundaram: OpenAlex 429 en https://api.openalex.org/works?filter=author.id:A5064902136&per-page=200&select=id,title,publication_year,cited_by_count,fwci,citation_normalized_percentile,open_access,primary_location,primary_topic,authorships&cursor=*&mailto=cris-victoria@uta.cl
✗ Senthilkumar Nangan: OpenAlex 429 en https://api.openalex.org/works?filter=author.id:A5100673079&per-page=200&select=id,title,publication_year,cited_by_count,fwci,citation_normalized_percentile,open_access,primary_location,primary_topic,authorships&cursor=*&mailto=cris-victoria@uta.cl
✗ R. Suresh: OpenAlex 429 en https://api.openalex.org/works?filter=author.id:A5007178241&per-page=200&select=id,title,publication_year,cited_by_count,fwci,citation_normalized_percentile,open_access,primary_location,primary_topic,authorships&cursor=*&mailto=cris-victoria@uta.cl
✗ Paulo J. S. Silva: OpenAlex 429 en https://api.openalex.org/works?filter=author.id:A5033833921&per-page=200&select=id,title,publication_year,cited_by_count,fwci,citation_normalized_percentile,open_access,primary_location,primary_topic,authorships&cursor=*&mailto=cris-victoria@uta.cl
✗ Debasish Roy: OpenAlex 429 en https://api.openalex.org/works?filter=author.id:A5084340576&per-page=200&select=id,title,publication_year,cited_by_count,fwci,citation_normalized_percentile,open_access,primary_location,primary_topic,authorships&cursor=*&mailto=cris-victoria@uta.cl
✗ Lin Fritschi: OpenAlex 429 en https://api.openalex.org/works?filter=author.id:A5007608967&per-page=200&select=id,title,publication_year,cited_by_count,fwci,citation_normalized_percentile,open_access,primary_location,primary_topic,authorships&cursor=*&mailto=cris-victoria@uta.cl
✗ Julio Osorio: OpenAlex 429 en https://api.openalex.org/works?filter=author.id:A5063059406&per-page=200&select=id,title,publication_year,cited_by_count,fwci,citation_normalized_percentile,open_access,primary_location,primary_topic,authorships&cursor=*&mailto=cris-victoria@uta.cl
✗ Yongliang Zhao: OpenAlex 429 en https://api.openalex.org/works?filter=author.id:A5080562594&per-page=200&select=id,title,publication_year,cited_by_count,fwci,citation_normalized_percentile,open_access,primary_location,primary_topic,authorships&cursor=*&mailto=cris-victoria@uta.cl
✗ Julio C. Tapia: OpenAlex 429 en https://api.openalex.org/works?filter=author.id:A5025710517&per-page=200&select=id,title,publication_year,cited_by_count,fwci,citation_normalized_percentile,open_access,primary_location,primary_topic,authorships&cursor=*&mailto=cris-victoria@uta.cl
✗ Alejandro H. Corvalán: OpenAlex 429 en https://api.openalex.org/works?filter=author.id:A5091457383&per-page=200&select=id,title,publication_year,cited_by_count,fwci,citation_normalized_percentile,open_access,primary_location,primary_topic,authorships&cursor=*&mailto=cris-victoria@uta.cl
✗ Carla Delporte: OpenAlex 429 en https://api.openalex.org/works?filter=author.id:A5069192363&per-page=200&select=id,title,publication_year,cited_by_count,fwci,citation_normalized_percentile,open_access,primary_location,primary_topic,authorships&cursor=*&mailto=cris-victoria@uta.cl
✗ Javier Echeverría: OpenAlex 429 en https://api.openalex.org/works?filter=author.id:A5029696871&per-page=200&select=id,title,publication_year,cited_by_count,fwci,citation_normalized_percentile,open_access,primary_location,primary_topic,authorships&cursor=*&mailto=cris-victoria@uta.cl
✗ Sinan Müftü: OpenAlex 429 en https://api.openalex.org/works?filter=author.id:A5061008804&per-page=200&select=id,title,publication_year,cited_by_count,fwci,citation_normalized_percentile,open_access,primary_location,primary_topic,authorships&cursor=*&mailto=cris-victoria@uta.cl
✗ Pablo A. Lizana: OpenAlex 429 en https://api.openalex.org/works?filter=author.id:A5020036946&per-page=200&select=id,title,publication_year,cited_by_count,fwci,citation_normalized_percentile,open_access,primary_location,primary_topic,authorships&cursor=*&mailto=cris-victoria@uta.cl
✗ J. Inostroza: OpenAlex 429 en https://api.openalex.org/works?filter=author.id:A5007146197&per-page=200&select=id,title,publication_year,cited_by_count,fwci,citation_normalized_percentile,open_access,primary_location,primary_topic,authorships&cursor=*&mailto=cris-victoria@uta.cl
✗ Patricio Quiroz: OpenAlex 429 en https://api.openalex.org/works?filter=author.id:A5011800693&per-page=200&select=id,title,publication_year,cited_by_count,fwci,citation_normalized_percentile,open_access,primary_location,primary_topic,authorships&cursor=*&mailto=cris-victoria@uta.cl
✗ Héctor Rodríguez Bustos: OpenAlex 429 en https://api.openalex.org/works?filter=author.id:A5101912288&per-page=200&select=id,title,publication_year,cited_by_count,fwci,citation_normalized_percentile,open_access,primary_location,primary_topic,authorships&cursor=*&mailto=cris-victoria@uta.cl
✗ Guilherme Zsigmond: OpenAlex 429 en https://api.openalex.org/works?filter=author.id:A5062087979&per-page=200&select=id,title,publication_year,cited_by_count,fwci,citation_normalized_percentile,open_access,primary_location,primary_topic,authorships&cursor=*&mailto=cris-victoria@uta.cl
✗ Laécio Carvalho de Barros: OpenAlex 429 en https://api.openalex.org/works?filter=author.id:A5073690771&per-page=200&select=id,title,publication_year,cited_by_count,fwci,citation_normalized_percentile,open_access,primary_location,primary_topic,authorships&cursor=*&mailto=cris-victoria@uta.cl
✗ Andrés David Báez-Sánchez: OpenAlex 429 en https://api.openalex.org/works?filter=author.id:A5057713017&per-page=200&select=id,title,publication_year,cited_by_count,fwci,citation_normalized_percentile,open_access,primary_location,primary_topic,authorships&cursor=*&mailto=cris-victoria@uta.cl
✗ Mikhail S. Plyushchay: OpenAlex 429 en https://api.openalex.org/works?filter=author.id:A5011515187&per-page=200&select=id,title,publication_year,cited_by_count,fwci,citation_normalized_percentile,open_access,primary_location,primary_topic,authorships&cursor=*&mailto=cris-victoria@uta.cl
✗ J. R. Villanueva: OpenAlex 429 en https://api.openalex.org/works?filter=author.id:A5046745382&per-page=200&select=id,title,publication_year,cited_by_count,fwci,citation_normalized_percentile,open_access,primary_location,primary_topic,authorships&cursor=*&mailto=cris-victoria@uta.cl
✗ María C. Ávila‐Arcos: OpenAlex 429 en https://api.openalex.org/works?filter=author.id:A5077192024&per-page=200&select=id,title,publication_year,cited_by_count,fwci,citation_normalized_percentile,open_access,primary_location,primary_topic,authorships&cursor=*&mailto=cris-victoria@uta.cl
✗ Gino Fornaciari: OpenAlex 429 en https://api.openalex.org/works?filter=author.id:A5024407612&per-page=200&select=id,title,publication_year,cited_by_count,fwci,citation_normalized_percentile,open_access,primary_location,primary_topic,authorships&cursor=*&mailto=cris-victoria@uta.cl
✗ Nathan Wales: OpenAlex 429 en https://api.openalex.org/works?filter=author.id:A5020926476&per-page=200&select=id,title,publication_year,cited_by_count,fwci,citation_normalized_percentile,open_access,primary_location,primary_topic,authorships&cursor=*&mailto=cris-victoria@uta.cl
✗ M. Thomas P. Gilbert: OpenAlex 429 en https://api.openalex.org/works?filter=author.id:A5053180525&per-page=200&select=id,title,publication_year,cited_by_count,fwci,citation_normalized_percentile,open_access,primary_location,primary_topic,authorships&cursor=*&mailto=cris-victoria@uta.cl
✗ Charlotte L. King: OpenAlex 429 en https://api.openalex.org/works?filter=author.id:A5045850584&per-page=200&select=id,title,publication_year,cited_by_count,fwci,citation_normalized_percentile,open_access,primary_location,primary_topic,authorships&cursor=*&mailto=cris-victoria@uta.cl
✗ Andrew R. Millard: OpenAlex 429 en https://api.openalex.org/works?filter=author.id:A5008594180&per-page=200&select=id,title,publication_year,cited_by_count,fwci,citation_normalized_percentile,open_access,primary_location,primary_topic,authorships&cursor=*&mailto=cris-victoria@uta.cl
✗ Darren R. Gröcke: OpenAlex 429 en https://api.openalex.org/works?filter=author.id:A5066919488&per-page=200&select=id,title,publication_year,cited_by_count,fwci,citation_normalized_percentile,open_access,primary_location,primary_topic,authorships&cursor=*&mailto=cris-victoria@uta.cl
✗ Dulasiri Amarasiriwardena: OpenAlex 429 en https://api.openalex.org/works?filter=author.id:A5050127080&per-page=200&select=id,title,publication_year,cited_by_count,fwci,citation_normalized_percentile,open_access,primary_location,primary_topic,authorships&cursor=*&mailto=cris-victoria@uta.cl
✗ Michael Hilke: OpenAlex 429 en https://api.openalex.org/works?filter=author.id:A5040146766&per-page=200&select=id,title,publication_year,cited_by_count,fwci,citation_normalized_percentile,open_access,primary_location,primary_topic,authorships&cursor=*&mailto=cris-victoria@uta.cl
✗ Arnaud Tanguy: OpenAlex 429 en https://api.openalex.org/works?filter=author.id:A5068159381&per-page=200&select=id,title,publication_year,cited_by_count,fwci,citation_normalized_percentile,open_access,primary_location,primary_topic,authorships&cursor=*&mailto=cris-victoria@uta.cl
✗ Johan Ohlander: OpenAlex 429 en https://api.openalex.org/works?filter=author.id:A5063876829&per-page=200&select=id,title,publication_year,cited_by_count,fwci,citation_normalized_percentile,open_access,primary_location,primary_topic,authorships&cursor=*&mailto=cris-victoria@uta.cl
✗ Michael Schomaker: OpenAlex 429 en https://api.openalex.org/works?filter=author.id:A5078747466&per-page=200&select=id,title,publication_year,cited_by_count,fwci,citation_normalized_percentile,open_access,primary_location,primary_topic,authorships&cursor=*&mailto=cris-victoria@uta.cl
✗ Christian Heumann: OpenAlex 429 en https://api.openalex.org/works?filter=author.id:A5012747021&per-page=200&select=id,title,publication_year,cited_by_count,fwci,citation_normalized_percentile,open_access,primary_location,primary_topic,authorships&cursor=*&mailto=cris-victoria@uta.cl
✗ Bernhard Michalke: OpenAlex 429 en https://api.openalex.org/works?filter=author.id:A5014634459&per-page=200&select=id,title,publication_year,cited_by_count,fwci,citation_normalized_percentile,open_access,primary_location,primary_topic,authorships&cursor=*&mailto=cris-victoria@uta.cl
✗ Oskar G. Jenni: OpenAlex 429 en https://api.openalex.org/works?filter=author.id:A5000087680&per-page=200&select=id,title,publication_year,cited_by_count,fwci,citation_normalized_percentile,open_access,primary_location,primary_topic,authorships&cursor=*&mailto=cris-victoria@uta.cl
✗ Anandaram Sreekanth: OpenAlex 429 en https://api.openalex.org/works?filter=author.id:A5069455441&per-page=200&select=id,title,publication_year,cited_by_count,fwci,citation_normalized_percentile,open_access,primary_location,primary_topic,authorships&cursor=*&mailto=cris-victoria@uta.cl
✗ Yorelis Acosta: OpenAlex 429 en https://api.openalex.org/works?filter=author.id:A5018746654&per-page=200&select=id,title,publication_year,cited_by_count,fwci,citation_normalized_percentile,open_access,primary_location,primary_topic,authorships&cursor=*&mailto=cris-victoria@uta.cl
✗ Juan Valencia-Moya: OpenAlex 429 en https://api.openalex.org/works?filter=author.id:A5028915640&per-page=200&select=id,title,publication_year,cited_by_count,fwci,citation_normalized_percentile,open_access,primary_location,primary_topic,authorships&cursor=*&mailto=cris-victoria@uta.cl
✗ Yolanda González: OpenAlex 429 en https://api.openalex.org/works?filter=author.id:A5082983493&per-page=200&select=id,title,publication_year,cited_by_count,fwci,citation_normalized_percentile,open_access,primary_location,primary_topic,authorships&cursor=*&mailto=cris-victoria@uta.cl
✗ Iris Sattolo: OpenAlex 429 en https://api.openalex.org/works?filter=author.id:A5063196475&per-page=200&select=id,title,publication_year,cited_by_count,fwci,citation_normalized_percentile,open_access,primary_location,primary_topic,authorships&cursor=*&mailto=cris-victoria@uta.cl
✗ Alessandro Soares da Silva: OpenAlex 429 en https://api.openalex.org/works?filter=author.id:A5075352556&per-page=200&select=id,title,publication_year,cited_by_count,fwci,citation_normalized_percentile,open_access,primary_location,primary_topic,authorships&cursor=*&mailto=cris-victoria@uta.cl
✗ Francisco Javier Miranda González: OpenAlex 429 en https://api.openalex.org/works?filter=author.id:A5048672394&per-page=200&select=id,title,publication_year,cited_by_count,fwci,citation_normalized_percentile,open_access,primary_location,primary_topic,authorships&cursor=*&mailto=cris-victoria@uta.cl
✗ Antonio Chamorro Mera: OpenAlex 429 en https://api.openalex.org/works?filter=author.id:A5088194663&per-page=200&select=id,title,publication_year,cited_by_count,fwci,citation_normalized_percentile,open_access,primary_location,primary_topic,authorships&cursor=*&mailto=cris-victoria@uta.cl
✗ Trinidad Vera: OpenAlex 429 en https://api.openalex.org/works?filter=author.id:A5033777323&per-page=200&select=id,title,publication_year,cited_by_count,fwci,citation_normalized_percentile,open_access,primary_location,primary_topic,authorships&cursor=*&mailto=cris-victoria@uta.cl
✗ Karina Maldonado: OpenAlex 429 en https://api.openalex.org/works?filter=author.id:A5069716085&per-page=200&select=id,title,publication_year,cited_by_count,fwci,citation_normalized_percentile,open_access,primary_location,primary_topic,authorships&cursor=*&mailto=cris-victoria@uta.cl
✗ Diego Aracena Pizarro: OpenAlex 429 en https://api.openalex.org/works?filter=author.id:A5013521708&per-page=200&select=id,title,publication_year,cited_by_count,fwci,citation_normalized_percentile,open_access,primary_location,primary_topic,authorships&cursor=*&mailto=cris-victoria@uta.cl
✗ Enrique Fernández‐Cara: OpenAlex 429 en https://api.openalex.org/works?filter=author.id:A5089272022&per-page=200&select=id,title,publication_year,cited_by_count,fwci,citation_normalized_percentile,open_access,primary_location,primary_topic,authorships&cursor=*&mailto=cris-victoria@uta.cl
✗ Felipe W. Cruz: OpenAlex 429 en https://api.openalex.org/works?filter=author.id:A5010548874&per-page=200&select=id,title,publication_year,cited_by_count,fwci,citation_normalized_percentile,open_access,primary_location,primary_topic,authorships&cursor=*&mailto=cris-victoria@uta.cl
✗ María Ángeles Rodríguez‐Bellido: OpenAlex 429 en https://api.openalex.org/works?filter=author.id:A5046829965&per-page=200&select=id,title,publication_year,cited_by_count,fwci,citation_normalized_percentile,open_access,primary_location,primary_topic,authorships&cursor=*&mailto=cris-victoria@uta.cl
✗ R. C. Pereira–Carvalho: OpenAlex 429 en https://api.openalex.org/works?filter=author.id:A5032079389&per-page=200&select=id,title,publication_year,cited_by_count,fwci,citation_normalized_percentile,open_access,primary_location,primary_topic,authorships&cursor=*&mailto=cris-victoria@uta.cl
✗ José Carmine Dianese: OpenAlex 429 en https://api.openalex.org/works?filter=author.id:A5028690326&per-page=200&select=id,title,publication_year,cited_by_count,fwci,citation_normalized_percentile,open_access,primary_location,primary_topic,authorships&cursor=*&mailto=cris-victoria@uta.cl
✗ Ricardo Salvatierra‐Martínez: OpenAlex 429 en https://api.openalex.org/works?filter=author.id:A5091298009&per-page=200&select=id,title,publication_year,cited_by_count,fwci,citation_normalized_percentile,open_access,primary_location,primary_topic,authorships&cursor=*&mailto=cris-victoria@uta.cl
✗ Ignacio Redondo: OpenAlex 429 en https://api.openalex.org/works?filter=author.id:A5101436864&per-page=200&select=id,title,publication_year,cited_by_count,fwci,citation_normalized_percentile,open_access,primary_location,primary_topic,authorships&cursor=*&mailto=cris-victoria@uta.cl
✗ Jozef Kiseľák: OpenAlex 429 en https://api.openalex.org/works?filter=author.id:A5076719907&per-page=200&select=id,title,publication_year,cited_by_count,fwci,citation_normalized_percentile,open_access,primary_location,primary_topic,authorships&cursor=*&mailto=cris-victoria@uta.cl
✗ Marcela Tapia Ladino: OpenAlex 429 en https://api.openalex.org/works?filter=author.id:A5028470968&per-page=200&select=id,title,publication_year,cited_by_count,fwci,citation_normalized_percentile,open_access,primary_location,primary_topic,authorships&cursor=*&mailto=cris-victoria@uta.cl
✗ Cecilia Mayorga-Muñoz: OpenAlex 429 en https://api.openalex.org/works?filter=author.id:A5055493566&per-page=200&select=id,title,publication_year,cited_by_count,fwci,citation_normalized_percentile,open_access,primary_location,primary_topic,authorships&cursor=*&mailto=cris-victoria@uta.cl
✗ Leonor Riquelme-Segura: OpenAlex 429 en https://api.openalex.org/works?filter=author.id:A5082629058&per-page=200&select=id,title,publication_year,cited_by_count,fwci,citation_normalized_percentile,open_access,primary_location,primary_topic,authorships&cursor=*&mailto=cris-victoria@uta.cl
✗ Ana Carolina Maldonado Fuentes: OpenAlex 429 en https://api.openalex.org/works?filter=author.id:A5080394965&per-page=200&select=id,title,publication_year,cited_by_count,fwci,citation_normalized_percentile,open_access,primary_location,primary_topic,authorships&cursor=*&mailto=cris-victoria@uta.cl
✗ Luis Carlos Santander: OpenAlex 429 en https://api.openalex.org/works?filter=author.id:A5031198578&per-page=200&select=id,title,publication_year,cited_by_count,fwci,citation_normalized_percentile,open_access,primary_location,primary_topic,authorships&cursor=*&mailto=cris-victoria@uta.cl
✗ Ivette Durán-Seguel: OpenAlex 429 en https://api.openalex.org/works?filter=author.id:A5047236275&per-page=200&select=id,title,publication_year,cited_by_count,fwci,citation_normalized_percentile,open_access,primary_location,primary_topic,authorships&cursor=*&mailto=cris-victoria@uta.cl
✗ Alan César Belo Angeluci: fetch failed
✗ María del Rosario Pérez: OpenAlex 429 en https://api.openalex.org/works?filter=author.id:A5002142477&per-page=200&select=id,title,publication_year,cited_by_count,fwci,citation_normalized_percentile,open_access,primary_location,primary_topic,authorships&cursor=*&mailto=cris-victoria@uta.cl
✗ L. González: OpenAlex 429 en https://api.openalex.org/works?filter=author.id:A5101499227&per-page=200&select=id,title,publication_year,cited_by_count,fwci,citation_normalized_percentile,open_access,primary_location,primary_topic,authorships&cursor=*&mailto=cris-victoria@uta.cl
✗ Eduardo Valenzuela: OpenAlex 429 en https://api.openalex.org/works?filter=author.id:A5007542566&per-page=200&select=id,title,publication_year,cited_by_count,fwci,citation_normalized_percentile,open_access,primary_location,primary_topic,authorships&cursor=*&mailto=cris-victoria@uta.cl
✗ Ana M. Aristizábal: OpenAlex 429 en https://api.openalex.org/works?filter=author.id:A5004981904&per-page=200&select=id,title,publication_year,cited_by_count,fwci,citation_normalized_percentile,open_access,primary_location,primary_topic,authorships&cursor=*&mailto=cris-victoria@uta.cl
✗ Mar Rus‐Calafell: OpenAlex 429 en https://api.openalex.org/works?filter=author.id:A5078494431&per-page=200&select=id,title,publication_year,cited_by_count,fwci,citation_normalized_percentile,open_access,primary_location,primary_topic,authorships&cursor=*&mailto=cris-victoria@uta.cl
✗ Carolang Escobar-Soler: OpenAlex 429 en https://api.openalex.org/works?filter=author.id:A5020190098&per-page=200&select=id,title,publication_year,cited_by_count,fwci,citation_normalized_percentile,open_access,primary_location,primary_topic,authorships&cursor=*&mailto=cris-victoria@uta.cl
✗ Sergio Celis: OpenAlex 429 en https://api.openalex.org/works?filter=author.id:A5006019055&per-page=200&select=id,title,publication_year,cited_by_count,fwci,citation_normalized_percentile,open_access,primary_location,primary_topic,authorships&cursor=*&mailto=cris-victoria@uta.cl
✗ Myrian Carbajal: OpenAlex 429 en https://api.openalex.org/works?filter=author.id:A5034133684&per-page=200&select=id,title,publication_year,cited_by_count,fwci,citation_normalized_percentile,open_access,primary_location,primary_topic,authorships&cursor=*&mailto=cris-victoria@uta.cl
✗ Robin Cavagnoud: OpenAlex 429 en https://api.openalex.org/works?filter=author.id:A5064147088&per-page=200&select=id,title,publication_year,cited_by_count,fwci,citation_normalized_percentile,open_access,primary_location,primary_topic,authorships&cursor=*&mailto=cris-victoria@uta.cl
✗ Eleonora López Contreras: OpenAlex 429 en https://api.openalex.org/works?filter=author.id:A5088362045&per-page=200&select=id,title,publication_year,cited_by_count,fwci,citation_normalized_percentile,open_access,primary_location,primary_topic,authorships&cursor=*&mailto=cris-victoria@uta.cl
✗ Drew S. Coleman: OpenAlex 429 en https://api.openalex.org/works?filter=author.id:A5015685233&per-page=200&select=id,title,publication_year,cited_by_count,fwci,citation_normalized_percentile,open_access,primary_location,primary_topic,authorships&cursor=*&mailto=cris-victoria@uta.cl
✗ Magdalena García: OpenAlex 429 en https://api.openalex.org/works?filter=author.id:A5106403936&per-page=200&select=id,title,publication_year,cited_by_count,fwci,citation_normalized_percentile,open_access,primary_location,primary_topic,authorships&cursor=*&mailto=cris-victoria@uta.cl
✗ Aitor Gómez: OpenAlex 429 en https://api.openalex.org/works?filter=author.id:A5043144131&per-page=200&select=id,title,publication_year,cited_by_count,fwci,citation_normalized_percentile,open_access,primary_location,primary_topic,authorships&cursor=*&mailto=cris-victoria@uta.cl
✗ María Inés García-Ripa: OpenAlex 429 en https://api.openalex.org/works?filter=author.id:A5060185029&per-page=200&select=id,title,publication_year,cited_by_count,fwci,citation_normalized_percentile,open_access,primary_location,primary_topic,authorships&cursor=*&mailto=cris-victoria@uta.cl
✗ Ramiro O. Bustamante: OpenAlex 429 en https://api.openalex.org/works?filter=author.id:A5034468389&per-page=200&select=id,title,publication_year,cited_by_count,fwci,citation_normalized_percentile,open_access,primary_location,primary_topic,authorships&cursor=*&mailto=cris-victoria@uta.cl
✗ Rodrigo Castillo: OpenAlex 429 en https://api.openalex.org/works?filter=author.id:A5015402654&per-page=200&select=id,title,publication_year,cited_by_count,fwci,citation_normalized_percentile,open_access,primary_location,primary_topic,authorships&cursor=*&mailto=cris-victoria@uta.cl
✗ Sarah Féron: OpenAlex 429 en https://api.openalex.org/works?filter=author.id:A5053044752&per-page=200&select=id,title,publication_year,cited_by_count,fwci,citation_normalized_percentile,open_access,primary_location,primary_topic,authorships&cursor=*&mailto=cris-victoria@uta.cl
✗ Pedro Llanillo: OpenAlex 429 en https://api.openalex.org/works?filter=author.id:A5024543734&per-page=200&select=id,title,publication_year,cited_by_count,fwci,citation_normalized_percentile,open_access,primary_location,primary_topic,authorships&cursor=*&mailto=cris-victoria@uta.cl
✗ Constanza Adrian Parra: OpenAlex 429 en https://api.openalex.org/works?filter=author.id:A5089000878&per-page=200&select=id,title,publication_year,cited_by_count,fwci,citation_normalized_percentile,open_access,primary_location,primary_topic,authorships&cursor=*&mailto=cris-victoria@uta.cl
✗ Cristian Lisboa Donoso: OpenAlex 429 en https://api.openalex.org/works?filter=author.id:A5089507121&per-page=200&select=id,title,publication_year,cited_by_count,fwci,citation_normalized_percentile,open_access,primary_location,primary_topic,authorships&cursor=*&mailto=cris-victoria@uta.cl
✗ Danilo Gómez: OpenAlex 429 en https://api.openalex.org/works?filter=author.id:A5055180673&per-page=200&select=id,title,publication_year,cited_by_count,fwci,citation_normalized_percentile,open_access,primary_location,primary_topic,authorships&cursor=*&mailto=cris-victoria@uta.cl
✗ Mercedes Carrasco‐Portiño: OpenAlex 429 en https://api.openalex.org/works?filter=author.id:A5007861467&per-page=200&select=id,title,publication_year,cited_by_count,fwci,citation_normalized_percentile,open_access,primary_location,primary_topic,authorships&cursor=*&mailto=cris-victoria@uta.cl
✗ Cecilia Bustos Ibarra: OpenAlex 429 en https://api.openalex.org/works?filter=author.id:A5072096460&per-page=200&select=id,title,publication_year,cited_by_count,fwci,citation_normalized_percentile,open_access,primary_location,primary_topic,authorships&cursor=*&mailto=cris-victoria@uta.cl
✗ Jaime Barrientos: OpenAlex 429 en https://api.openalex.org/works?filter=author.id:A5068431762&per-page=200&select=id,title,publication_year,cited_by_count,fwci,citation_normalized_percentile,open_access,primary_location,primary_topic,authorships&cursor=*&mailto=cris-victoria@uta.cl
✗ Beatriz Bustos: OpenAlex 429 en https://api.openalex.org/works?filter=author.id:A5077140581&per-page=200&select=id,title,publication_year,cited_by_count,fwci,citation_normalized_percentile,open_access,primary_location,primary_topic,authorships&cursor=*&mailto=cris-victoria@uta.cl
✗ Rosa Isela Meneses: OpenAlex 429 en https://api.openalex.org/works?filter=author.id:A5066456582&per-page=200&select=id,title,publication_year,cited_by_count,fwci,citation_normalized_percentile,open_access,primary_location,primary_topic,authorships&cursor=*&mailto=cris-victoria@uta.cl
✗ Roberto O. Chávez: OpenAlex 429 en https://api.openalex.org/works?filter=author.id:A5076789050&per-page=200&select=id,title,publication_year,cited_by_count,fwci,citation_normalized_percentile,open_access,primary_location,primary_topic,authorships&cursor=*&mailto=cris-victoria@uta.cl
✗ Matías Olea: OpenAlex 429 en https://api.openalex.org/works?filter=author.id:A5082334736&per-page=200&select=id,title,publication_year,cited_by_count,fwci,citation_normalized_percentile,open_access,primary_location,primary_topic,authorships&cursor=*&mailto=cris-victoria@uta.cl
✗ James Quesada: OpenAlex 429 en https://api.openalex.org/works?filter=author.id:A5012946065&per-page=200&select=id,title,publication_year,cited_by_count,fwci,citation_normalized_percentile,open_access,primary_location,primary_topic,authorships&cursor=*&mailto=cris-victoria@uta.cl
✗ Luis Orellana Urtubia: OpenAlex 429 en https://api.openalex.org/works?filter=author.id:A5062148775&per-page=200&select=id,title,publication_year,cited_by_count,fwci,citation_normalized_percentile,open_access,primary_location,primary_topic,authorships&cursor=*&mailto=cris-victoria@uta.cl
✗ Sergio González Pizarro: OpenAlex 429 en https://api.openalex.org/works?filter=author.id:A5001017839&per-page=200&select=id,title,publication_year,cited_by_count,fwci,citation_normalized_percentile,open_access,primary_location,primary_topic,authorships&cursor=*&mailto=cris-victoria@uta.cl
✗ Jonnathan Rodríguez: OpenAlex 429 en https://api.openalex.org/works?filter=author.id:A5078942760&per-page=200&select=id,title,publication_year,cited_by_count,fwci,citation_normalized_percentile,open_access,primary_location,primary_topic,authorships&cursor=*&mailto=cris-victoria@uta.cl
✗ Rubén López: OpenAlex 429 en https://api.openalex.org/works?filter=author.id:A5084960628&per-page=200&select=id,title,publication_year,cited_by_count,fwci,citation_normalized_percentile,open_access,primary_location,primary_topic,authorships&cursor=*&mailto=cris-victoria@uta.cl
✗ Miguel-Ángel Garrido-Tamayo: OpenAlex 429 en https://api.openalex.org/works?filter=author.id:A5107102026&per-page=200&select=id,title,publication_year,cited_by_count,fwci,citation_normalized_percentile,open_access,primary_location,primary_topic,authorships&cursor=*&mailto=cris-victoria@uta.cl
✗ Patrícia Rivera: OpenAlex 429 en https://api.openalex.org/works?filter=author.id:A5074324145&per-page=200&select=id,title,publication_year,cited_by_count,fwci,citation_normalized_percentile,open_access,primary_location,primary_topic,authorships&cursor=*&mailto=cris-victoria@uta.cl
✗ César San Martín: OpenAlex 429 en https://api.openalex.org/works?filter=author.id:A5103424234&per-page=200&select=id,title,publication_year,cited_by_count,fwci,citation_normalized_percentile,open_access,primary_location,primary_topic,authorships&cursor=*&mailto=cris-victoria@uta.cl
✗ Oscar Cordero: OpenAlex 429 en https://api.openalex.org/works?filter=author.id:A5017953237&per-page=200&select=id,title,publication_year,cited_by_count,fwci,citation_normalized_percentile,open_access,primary_location,primary_topic,authorships&cursor=*&mailto=cris-victoria@uta.cl
✗ Elvis Valero: OpenAlex 429 en https://api.openalex.org/works?filter=author.id:A5061234033&per-page=200&select=id,title,publication_year,cited_by_count,fwci,citation_normalized_percentile,open_access,primary_location,primary_topic,authorships&cursor=*&mailto=cris-victoria@uta.cl
✗ Jeff Browitt: OpenAlex 429 en https://api.openalex.org/works?filter=author.id:A5035187328&per-page=200&select=id,title,publication_year,cited_by_count,fwci,citation_normalized_percentile,open_access,primary_location,primary_topic,authorships&cursor=*&mailto=cris-victoria@uta.cl
✗ Martin Nakata: OpenAlex 429 en https://api.openalex.org/works?filter=author.id:A5062514845&per-page=200&select=id,title,publication_year,cited_by_count,fwci,citation_normalized_percentile,open_access,primary_location,primary_topic,authorships&cursor=*&mailto=cris-victoria@uta.cl
✗ Jessica Vivas Roso Vivas Roso: OpenAlex 429 en https://api.openalex.org/works?filter=author.id:A5075712129&per-page=200&select=id,title,publication_year,cited_by_count,fwci,citation_normalized_percentile,open_access,primary_location,primary_topic,authorships&cursor=*&mailto=cris-victoria@uta.cl
✗ Analía Antik Antik: OpenAlex 429 en https://api.openalex.org/works?filter=author.id:A5070713372&per-page=200&select=id,title,publication_year,cited_by_count,fwci,citation_normalized_percentile,open_access,primary_location,primary_topic,authorships&cursor=*&mailto=cris-victoria@uta.cl
✗ Andrew L. Jackson: OpenAlex 429 en https://api.openalex.org/works?filter=author.id:A5018495124&per-page=200&select=id,title,publication_year,cited_by_count,fwci,citation_normalized_percentile,open_access,primary_location,primary_topic,authorships&cursor=*&mailto=cris-victoria@uta.cl
✗ Daniel Gomez‐Uchida: OpenAlex 429 en https://api.openalex.org/works?filter=author.id:A5016777263&per-page=200&select=id,title,publication_year,cited_by_count,fwci,citation_normalized_percentile,open_access,primary_location,primary_topic,authorships&cursor=*&mailto=cris-victoria@uta.cl
✗ Susana Llorens: OpenAlex 429 en https://api.openalex.org/works?filter=author.id:A5080014106&per-page=200&select=id,title,publication_year,cited_by_count,fwci,citation_normalized_percentile,open_access,primary_location,primary_topic,authorships&cursor=*&mailto=cris-victoria@uta.cl
✗ Carla Semir-González: OpenAlex 429 en https://api.openalex.org/works?filter=author.id:A5089950935&per-page=200&select=id,title,publication_year,cited_by_count,fwci,citation_normalized_percentile,open_access,primary_location,primary_topic,authorships&cursor=*&mailto=cris-victoria@uta.cl
✗ M. Nayak: OpenAlex 429 en https://api.openalex.org/works?filter=author.id:A5064144466&per-page=200&select=id,title,publication_year,cited_by_count,fwci,citation_normalized_percentile,open_access,primary_location,primary_topic,authorships&cursor=*&mailto=cris-victoria@uta.cl
✗ A. E. Cárcamo Hernández: OpenAlex 429 en https://api.openalex.org/works?filter=author.id:A5062003821&per-page=200&select=id,title,publication_year,cited_by_count,fwci,citation_normalized_percentile,open_access,primary_location,primary_topic,authorships&cursor=*&mailto=cris-victoria@uta.cl
✗ C. S. Kim: OpenAlex 429 en https://api.openalex.org/works?filter=author.id:A5078016718&per-page=200&select=id,title,publication_year,cited_by_count,fwci,citation_normalized_percentile,open_access,primary_location,primary_topic,authorships&cursor=*&mailto=cris-victoria@uta.cl
✗ M. Hirsch: OpenAlex 429 en https://api.openalex.org/works?filter=author.id:A5011481912&per-page=200&select=id,title,publication_year,cited_by_count,fwci,citation_normalized_percentile,open_access,primary_location,primary_topic,authorships&cursor=*&mailto=cris-victoria@uta.cl
✗ Shubhalaxmi Rath: OpenAlex 429 en https://api.openalex.org/works?filter=author.id:A5002323774&per-page=200&select=id,title,publication_year,cited_by_count,fwci,citation_normalized_percentile,open_access,primary_location,primary_topic,authorships&cursor=*&mailto=cris-victoria@uta.cl
✗ Emily Hannum: OpenAlex 429 en https://api.openalex.org/works?filter=author.id:A5056287705&per-page=200&select=id,title,publication_year,cited_by_count,fwci,citation_normalized_percentile,open_access,primary_location,primary_topic,authorships&cursor=*&mailto=cris-victoria@uta.cl
✗ Ran Liu: OpenAlex 429 en https://api.openalex.org/works?filter=author.id:A5068651681&per-page=200&select=id,title,publication_year,cited_by_count,fwci,citation_normalized_percentile,open_access,primary_location,primary_topic,authorships&cursor=*&mailto=cris-victoria@uta.cl
✗ José Miguel Urzúa: OpenAlex 429 en https://api.openalex.org/works?filter=author.id:A5018153488&per-page=200&select=id,title,publication_year,cited_by_count,fwci,citation_normalized_percentile,open_access,primary_location,primary_topic,authorships&cursor=*&mailto=cris-victoria@uta.cl
✗ Manuela Rodríguez: OpenAlex 429 en https://api.openalex.org/works?filter=author.id:A5103123236&per-page=200&select=id,title,publication_year,cited_by_count,fwci,citation_normalized_percentile,open_access,primary_location,primary_topic,authorships&cursor=*&mailto=cris-victoria@uta.cl
✗ Elizabeth Fujimori: OpenAlex 429 en https://api.openalex.org/works?filter=author.id:A5020310233&per-page=200&select=id,title,publication_year,cited_by_count,fwci,citation_normalized_percentile,open_access,primary_location,primary_topic,authorships&cursor=*&mailto=cris-victoria@uta.cl
✗ Yeda A. O. Duarte: OpenAlex 429 en https://api.openalex.org/works?filter=author.id:A5043115500&per-page=200&select=id,title,publication_year,cited_by_count,fwci,citation_normalized_percentile,open_access,primary_location,primary_topic,authorships&cursor=*&mailto=cris-victoria@uta.cl
✗ K. Alfaro-Bittner: OpenAlex 429 en https://api.openalex.org/works?filter=author.id:A5074543076&per-page=200&select=id,title,publication_year,cited_by_count,fwci,citation_normalized_percentile,open_access,primary_location,primary_topic,authorships&cursor=*&mailto=cris-victoria@uta.cl
✗ Alejandro O. León: OpenAlex 429 en https://api.openalex.org/works?filter=author.id:A5002799159&per-page=200&select=id,title,publication_year,cited_by_count,fwci,citation_normalized_percentile,open_access,primary_location,primary_topic,authorships&cursor=*&mailto=cris-victoria@uta.cl
✗ Matías Zamorano-Veragua: OpenAlex 429 en https://api.openalex.org/works?filter=author.id:A5092373818&per-page=200&select=id,title,publication_year,cited_by_count,fwci,citation_normalized_percentile,open_access,primary_location,primary_topic,authorships&cursor=*&mailto=cris-victoria@uta.cl
✗ Gustavo Castillo-Rozas: OpenAlex 429 en https://api.openalex.org/works?filter=author.id:A5021800183&per-page=200&select=id,title,publication_year,cited_by_count,fwci,citation_normalized_percentile,open_access,primary_location,primary_topic,authorships&cursor=*&mailto=cris-victoria@uta.cl
✗ Kyria Rebeca Finardi: OpenAlex 429 en https://api.openalex.org/works?filter=author.id:A5030208408&per-page=200&select=id,title,publication_year,cited_by_count,fwci,citation_normalized_percentile,open_access,primary_location,primary_topic,authorships&cursor=*&mailto=cris-victoria@uta.cl
✗ Carmen Rodríguez: OpenAlex 429 en https://api.openalex.org/works?filter=author.id:A5048129454&per-page=200&select=id,title,publication_year,cited_by_count,fwci,citation_normalized_percentile,open_access,primary_location,primary_topic,authorships&cursor=*&mailto=cris-victoria@uta.cl
✗ Alfonso Muriel: OpenAlex 429 en https://api.openalex.org/works?filter=author.id:A5029477250&per-page=200&select=id,title,publication_year,cited_by_count,fwci,citation_normalized_percentile,open_access,primary_location,primary_topic,authorships&cursor=*&mailto=cris-victoria@uta.cl
✗ Andrew Rees: OpenAlex 429 en https://api.openalex.org/works?filter=author.id:A5083389575&per-page=200&select=id,title,publication_year,cited_by_count,fwci,citation_normalized_percentile,open_access,primary_location,primary_topic,authorships&cursor=*&mailto=cris-victoria@uta.cl
✗ Armand Hernández: OpenAlex 429 en https://api.openalex.org/works?filter=author.id:A5022719060&per-page=200&select=id,title,publication_year,cited_by_count,fwci,citation_normalized_percentile,open_access,primary_location,primary_topic,authorships&cursor=*&mailto=cris-victoria@uta.cl
✗ María Montt Strabucchi: OpenAlex 429 en https://api.openalex.org/works?filter=author.id:A5015487269&per-page=200&select=id,title,publication_year,cited_by_count,fwci,citation_normalized_percentile,open_access,primary_location,primary_topic,authorships&cursor=*&mailto=cris-victoria@uta.cl
✗ D. d’Enterria: OpenAlex 429 en https://api.openalex.org/works?filter=author.id:A5100674196&per-page=200&select=id,title,publication_year,cited_by_count,fwci,citation_normalized_percentile,open_access,primary_location,primary_topic,authorships&cursor=*&mailto=cris-victoria@uta.cl
✗ S. Kluth: OpenAlex 429 en https://api.openalex.org/works?filter=author.id:A5107346784&per-page=200&select=id,title,publication_year,cited_by_count,fwci,citation_normalized_percentile,open_access,primary_location,primary_topic,authorships&cursor=*&mailto=cris-victoria@uta.cl
✗ С. В. Михайлов: OpenAlex 429 en https://api.openalex.org/works?filter=author.id:A5081156088&per-page=200&select=id,title,publication_year,cited_by_count,fwci,citation_normalized_percentile,open_access,primary_location,primary_topic,authorships&cursor=*&mailto=cris-victoria@uta.cl
✗ Antonio Pardo: OpenAlex 429 en https://api.openalex.org/works?filter=author.id:A5033530186&per-page=200&select=id,title,publication_year,cited_by_count,fwci,citation_normalized_percentile,open_access,primary_location,primary_topic,authorships&cursor=*&mailto=cris-victoria@uta.cl
✗ J. Francisco Santibáñez-Palma: OpenAlex 429 en https://api.openalex.org/works?filter=author.id:A5075648462&per-page=200&select=id,title,publication_year,cited_by_count,fwci,citation_normalized_percentile,open_access,primary_location,primary_topic,authorships&cursor=*&mailto=cris-victoria@uta.cl
✗ Norge Cruz Hernández: OpenAlex 429 en https://api.openalex.org/works?filter=author.id:A5029748407&per-page=200&select=id,title,publication_year,cited_by_count,fwci,citation_normalized_percentile,open_access,primary_location,primary_topic,authorships&cursor=*&mailto=cris-victoria@uta.cl
✗ Kevin Wunderle: OpenAlex 429 en https://api.openalex.org/works?filter=author.id:A5074861126&per-page=200&select=id,title,publication_year,cited_by_count,fwci,citation_normalized_percentile,open_access,primary_location,primary_topic,authorships&cursor=*&mailto=cris-victoria@uta.cl
✗ Yong Tan: OpenAlex 429 en https://api.openalex.org/works?filter=author.id:A5078637517&per-page=200&select=id,title,publication_year,cited_by_count,fwci,citation_normalized_percentile,open_access,primary_location,primary_topic,authorships&cursor=*&mailto=cris-victoria@uta.cl
✗ Camila Spormann-Romeri: OpenAlex 429 en https://api.openalex.org/works?filter=author.id:A5033420876&per-page=200&select=id,title,publication_year,cited_by_count,fwci,citation_normalized_percentile,open_access,primary_location,primary_topic,authorships&cursor=*&mailto=cris-victoria@uta.cl
✗ Catherine Jara-Reyes: OpenAlex 429 en https://api.openalex.org/works?filter=author.id:A5048096074&per-page=200&select=id,title,publication_year,cited_by_count,fwci,citation_normalized_percentile,open_access,primary_location,primary_topic,authorships&cursor=*&mailto=cris-victoria@uta.cl
✗ Ximena Paredes-Villarroel: OpenAlex 429 en https://api.openalex.org/works?filter=author.id:A5062843744&per-page=200&select=id,title,publication_year,cited_by_count,fwci,citation_normalized_percentile,open_access,primary_location,primary_topic,authorships&cursor=*&mailto=cris-victoria@uta.cl
✗ Marcos Rojas: OpenAlex 429 en https://api.openalex.org/works?filter=author.id:A5018859072&per-page=200&select=id,title,publication_year,cited_by_count,fwci,citation_normalized_percentile,open_access,primary_location,primary_topic,authorships&cursor=*&mailto=cris-victoria@uta.cl
✗ Marjorie Baquedano-Rodríguez: OpenAlex 429 en https://api.openalex.org/works?filter=author.id:A5071469596&per-page=200&select=id,title,publication_year,cited_by_count,fwci,citation_normalized_percentile,open_access,primary_location,primary_topic,authorships&cursor=*&mailto=cris-victoria@uta.cl
✗ Isidora Castillo‐Rabanal: OpenAlex 429 en https://api.openalex.org/works?filter=author.id:A5064519717&per-page=200&select=id,title,publication_year,cited_by_count,fwci,citation_normalized_percentile,open_access,primary_location,primary_topic,authorships&cursor=*&mailto=cris-victoria@uta.cl
✗ Paula Parra-Ponce: OpenAlex 429 en https://api.openalex.org/works?filter=author.id:A5086251063&per-page=200&select=id,title,publication_year,cited_by_count,fwci,citation_normalized_percentile,open_access,primary_location,primary_topic,authorships&cursor=*&mailto=cris-victoria@uta.cl
✗ Débora Alvarado-Figueroa: OpenAlex 429 en https://api.openalex.org/works?filter=author.id:A5014173258&per-page=200&select=id,title,publication_year,cited_by_count,fwci,citation_normalized_percentile,open_access,primary_location,primary_topic,authorships&cursor=*&mailto=cris-victoria@uta.cl
✗ Oronzio Manca: OpenAlex 429 en https://api.openalex.org/works?filter=author.id:A5064659392&per-page=200&select=id,title,publication_year,cited_by_count,fwci,citation_normalized_percentile,open_access,primary_location,primary_topic,authorships&cursor=*&mailto=cris-victoria@uta.cl
✗ Nidhish Kumar Mishra: OpenAlex 429 en https://api.openalex.org/works?filter=author.id:A5014369636&per-page=200&select=id,title,publication_year,cited_by_count,fwci,citation_normalized_percentile,open_access,primary_location,primary_topic,authorships&cursor=*&mailto=cris-victoria@uta.cl
✗ Karina G. Rodriguez-Osorio: OpenAlex 429 en https://api.openalex.org/works?filter=author.id:A5092463662&per-page=200&select=id,title,publication_year,cited_by_count,fwci,citation_normalized_percentile,open_access,primary_location,primary_topic,authorships&cursor=*&mailto=cris-victoria@uta.cl
✗ Kawtar Feddi: OpenAlex 429 en https://api.openalex.org/works?filter=author.id:A5013425727&per-page=200&select=id,title,publication_year,cited_by_count,fwci,citation_normalized_percentile,open_access,primary_location,primary_topic,authorships&cursor=*&mailto=cris-victoria@uta.cl
✗ Elliot Burnham: OpenAlex 429 en https://api.openalex.org/works?filter=author.id:A5017929143&per-page=200&select=id,title,publication_year,cited_by_count,fwci,citation_normalized_percentile,open_access,primary_location,primary_topic,authorships&cursor=*&mailto=cris-victoria@uta.cl
✗ Alexey A. Novoselov: OpenAlex 429 en https://api.openalex.org/works?filter=author.id:A5091712412&per-page=200&select=id,title,publication_year,cited_by_count,fwci,citation_normalized_percentile,open_access,primary_location,primary_topic,authorships&cursor=*&mailto=cris-victoria@uta.cl
✗ Tamé González: OpenAlex 429 en https://api.openalex.org/works?filter=author.id:A5084462565&per-page=200&select=id,title,publication_year,cited_by_count,fwci,citation_normalized_percentile,open_access,primary_location,primary_topic,authorships&cursor=*&mailto=cris-victoria@uta.cl
✗ Yunierkis Pérez‐Castillo: OpenAlex 429 en https://api.openalex.org/works?filter=author.id:A5040406602&per-page=200&select=id,title,publication_year,cited_by_count,fwci,citation_normalized_percentile,open_access,primary_location,primary_topic,authorships&cursor=*&mailto=cris-victoria@uta.cl
✗ Yovani Marrero‐Ponce: OpenAlex 429 en https://api.openalex.org/works?filter=author.id:A5015398632&per-page=200&select=id,title,publication_year,cited_by_count,fwci,citation_normalized_percentile,open_access,primary_location,primary_topic,authorships&cursor=*&mailto=cris-victoria@uta.cl
✗ Helen Moore: OpenAlex 429 en https://api.openalex.org/works?filter=author.id:A5033191283&per-page=200&select=id,title,publication_year,cited_by_count,fwci,citation_normalized_percentile,open_access,primary_location,primary_topic,authorships&cursor=*&mailto=cris-victoria@uta.cl
✗ Juan P. Jiménez: OpenAlex 429 en https://api.openalex.org/works?filter=author.id:A5016777390&per-page=200&select=id,title,publication_year,cited_by_count,fwci,citation_normalized_percentile,open_access,primary_location,primary_topic,authorships&cursor=*&mailto=cris-victoria@uta.cl
✗ Bappi Paul: OpenAlex 429 en https://api.openalex.org/works?filter=author.id:A5026335227&per-page=200&select=id,title,publication_year,cited_by_count,fwci,citation_normalized_percentile,open_access,primary_location,primary_topic,authorships&cursor=*&mailto=cris-victoria@uta.cl
✗ Anne Delagnes: OpenAlex 429 en https://api.openalex.org/works?filter=author.id:A5011942628&per-page=200&select=id,title,publication_year,cited_by_count,fwci,citation_normalized_percentile,open_access,primary_location,primary_topic,authorships&cursor=*&mailto=cris-victoria@uta.cl
✗ Rémy Crassard: OpenAlex 429 en https://api.openalex.org/works?filter=author.id:A5082214470&per-page=200&select=id,title,publication_year,cited_by_count,fwci,citation_normalized_percentile,open_access,primary_location,primary_topic,authorships&cursor=*&mailto=cris-victoria@uta.cl
✗ Morgane Liard: OpenAlex 429 en https://api.openalex.org/works?filter=author.id:A5078090357&per-page=200&select=id,title,publication_year,cited_by_count,fwci,citation_normalized_percentile,open_access,primary_location,primary_topic,authorships&cursor=*&mailto=cris-victoria@uta.cl
✗ Mark D. Bateman: OpenAlex 429 en https://api.openalex.org/works?filter=author.id:A5042893914&per-page=200&select=id,title,publication_year,cited_by_count,fwci,citation_normalized_percentile,open_access,primary_location,primary_topic,authorships&cursor=*&mailto=cris-victoria@uta.cl
✗ Sebastián Yrarrázaval: OpenAlex 429 en https://api.openalex.org/works?filter=author.id:A5052716868&per-page=200&select=id,title,publication_year,cited_by_count,fwci,citation_normalized_percentile,open_access,primary_location,primary_topic,authorships&cursor=*&mailto=cris-victoria@uta.cl
✗ François Bachellerie: OpenAlex 429 en https://api.openalex.org/works?filter=author.id:A5070774135&per-page=200&select=id,title,publication_year,cited_by_count,fwci,citation_normalized_percentile,open_access,primary_location,primary_topic,authorships&cursor=*&mailto=cris-victoria@uta.cl
✗ Mathieu Bosq: OpenAlex 429 en https://api.openalex.org/works?filter=author.id:A5025843538&per-page=200&select=id,title,publication_year,cited_by_count,fwci,citation_normalized_percentile,open_access,primary_location,primary_topic,authorships&cursor=*&mailto=cris-victoria@uta.cl
✗ Greg White: OpenAlex 429 en https://api.openalex.org/works?filter=author.id:A5030894377&per-page=200&select=id,title,publication_year,cited_by_count,fwci,citation_normalized_percentile,open_access,primary_location,primary_topic,authorships&cursor=*&mailto=cris-victoria@uta.cl
✗ Martín de Luis: OpenAlex 429 en https://api.openalex.org/works?filter=author.id:A5067897324&per-page=200&select=id,title,publication_year,cited_by_count,fwci,citation_normalized_percentile,open_access,primary_location,primary_topic,authorships&cursor=*&mailto=cris-victoria@uta.cl
✗ Ernesto Tejedor: OpenAlex 429 en https://api.openalex.org/works?filter=author.id:A5074733688&per-page=200&select=id,title,publication_year,cited_by_count,fwci,citation_normalized_percentile,open_access,primary_location,primary_topic,authorships&cursor=*&mailto=cris-victoria@uta.cl
✗ Hugo Romero Aravena: OpenAlex 429 en https://api.openalex.org/works?filter=author.id:A5028872041&per-page=200&select=id,title,publication_year,cited_by_count,fwci,citation_normalized_percentile,open_access,primary_location,primary_topic,authorships&cursor=*&mailto=cris-victoria@uta.cl
✗ Francisco S. N. Lobo: OpenAlex 429 en https://api.openalex.org/works?filter=author.id:A5073068411&per-page=200&select=id,title,publication_year,cited_by_count,fwci,citation_normalized_percentile,open_access,primary_location,primary_topic,authorships&cursor=*&mailto=cris-victoria@uta.cl
✗ Lucila Kraiselburd: OpenAlex 429 en https://api.openalex.org/works?filter=author.id:A5027385690&per-page=200&select=id,title,publication_year,cited_by_count,fwci,citation_normalized_percentile,open_access,primary_location,primary_topic,authorships&cursor=*&mailto=cris-victoria@uta.cl
✗ Susana J. Landau: OpenAlex 429 en https://api.openalex.org/works?filter=author.id:A5019666029&per-page=200&select=id,title,publication_year,cited_by_count,fwci,citation_normalized_percentile,open_access,primary_location,primary_topic,authorships&cursor=*&mailto=cris-victoria@uta.cl
✗ Daniel Domínguez Figaredo: OpenAlex 429 en https://api.openalex.org/works?filter=author.id:A5012340713&per-page=200&select=id,title,publication_year,cited_by_count,fwci,citation_normalized_percentile,open_access,primary_location,primary_topic,authorships&cursor=*&mailto=cris-victoria@uta.cl
✗ Carlos Kölbl: OpenAlex 429 en https://api.openalex.org/works?filter=author.id:A5006300948&per-page=200&select=id,title,publication_year,cited_by_count,fwci,citation_normalized_percentile,open_access,primary_location,primary_topic,authorships&cursor=*&mailto=cris-victoria@uta.cl
✗ Martin J. Packer: OpenAlex 429 en https://api.openalex.org/works?filter=author.id:A5058181236&per-page=200&select=id,title,publication_year,cited_by_count,fwci,citation_normalized_percentile,open_access,primary_location,primary_topic,authorships&cursor=*&mailto=cris-victoria@uta.cl
✗ J.C. Martı́nez-Orozco: OpenAlex 429 en https://api.openalex.org/works?filter=author.id:A5064444988&per-page=200&select=id,title,publication_year,cited_by_count,fwci,citation_normalized_percentile,open_access,primary_location,primary_topic,authorships&cursor=*&mailto=cris-victoria@uta.cl
✗ J.D. Correa: OpenAlex 429 en https://api.openalex.org/works?filter=author.id:A5025834879&per-page=200&select=id,title,publication_year,cited_by_count,fwci,citation_normalized_percentile,open_access,primary_location,primary_topic,authorships&cursor=*&mailto=cris-victoria@uta.cl
✗ María Isabel Santos Quintero: OpenAlex 429 en https://api.openalex.org/works?filter=author.id:A5098914175&per-page=200&select=id,title,publication_year,cited_by_count,fwci,citation_normalized_percentile,open_access,primary_location,primary_topic,authorships&cursor=*&mailto=cris-victoria@uta.cl
✗ Víctor Hugo González Torres: OpenAlex 429 en https://api.openalex.org/works?filter=author.id:A5111354883&per-page=200&select=id,title,publication_year,cited_by_count,fwci,citation_normalized_percentile,open_access,primary_location,primary_topic,authorships&cursor=*&mailto=cris-victoria@uta.cl
✗ Claudia Patricia Caballero de Lamarque: OpenAlex 429 en https://api.openalex.org/works?filter=author.id:A5014312108&per-page=200&select=id,title,publication_year,cited_by_count,fwci,citation_normalized_percentile,open_access,primary_location,primary_topic,authorships&cursor=*&mailto=cris-victoria@uta.cl
✗ Nicolás Del Solar-Duarte: OpenAlex 429 en https://api.openalex.org/works?filter=author.id:A5104987686&per-page=200&select=id,title,publication_year,cited_by_count,fwci,citation_normalized_percentile,open_access,primary_location,primary_topic,authorships&cursor=*&mailto=cris-victoria@uta.cl
✗ Josep M. Llovet: OpenAlex 429 en https://api.openalex.org/works?filter=author.id:A5052975894&per-page=200&select=id,title,publication_year,cited_by_count,fwci,citation_normalized_percentile,open_access,primary_location,primary_topic,authorships&cursor=*&mailto=cris-victoria@uta.cl
✗ Emma Markey: OpenAlex 429 en https://api.openalex.org/works?filter=author.id:A5028633821&per-page=200&select=id,title,publication_year,cited_by_count,fwci,citation_normalized_percentile,open_access,primary_location,primary_topic,authorships&cursor=*&mailto=cris-victoria@uta.cl
✗ Jerry Hourihane Clancy: OpenAlex 429 en https://api.openalex.org/works?filter=author.id:A5022348693&per-page=200&select=id,title,publication_year,cited_by_count,fwci,citation_normalized_percentile,open_access,primary_location,primary_topic,authorships&cursor=*&mailto=cris-victoria@uta.cl
✗ David J. O’Connor: OpenAlex 429 en https://api.openalex.org/works?filter=author.id:A5044237330&per-page=200&select=id,title,publication_year,cited_by_count,fwci,citation_normalized_percentile,open_access,primary_location,primary_topic,authorships&cursor=*&mailto=cris-victoria@uta.cl
✗ Avnish Kumar: OpenAlex 429 en https://api.openalex.org/works?filter=author.id:A5101475402&per-page=200&select=id,title,publication_year,cited_by_count,fwci,citation_normalized_percentile,open_access,primary_location,primary_topic,authorships&cursor=*&mailto=cris-victoria@uta.cl
✗ Varun Goel: OpenAlex 429 en https://api.openalex.org/works?filter=author.id:A5082257836&per-page=200&select=id,title,publication_year,cited_by_count,fwci,citation_normalized_percentile,open_access,primary_location,primary_topic,authorships&cursor=*&mailto=cris-victoria@uta.cl
✗ Sanjeev Kumar Joshi: OpenAlex 429 en https://api.openalex.org/works?filter=author.id:A5088734355&per-page=200&select=id,title,publication_year,cited_by_count,fwci,citation_normalized_percentile,open_access,primary_location,primary_topic,authorships&cursor=*&mailto=cris-victoria@uta.cl
✗ Mu. Naushad: OpenAlex 429 en https://api.openalex.org/works?filter=author.id:A5110152999&per-page=200&select=id,title,publication_year,cited_by_count,fwci,citation_normalized_percentile,open_access,primary_location,primary_topic,authorships&cursor=*&mailto=cris-victoria@uta.cl
✗ Paramasivam Shanmugam: OpenAlex 429 en https://api.openalex.org/works?filter=author.id:A5101512158&per-page=200&select=id,title,publication_year,cited_by_count,fwci,citation_normalized_percentile,open_access,primary_location,primary_topic,authorships&cursor=*&mailto=cris-victoria@uta.cl
✗ Laxmi Kant Bhardwaj: OpenAlex 429 en https://api.openalex.org/works?filter=author.id:A5044904378&per-page=200&select=id,title,publication_year,cited_by_count,fwci,citation_normalized_percentile,open_access,primary_location,primary_topic,authorships&cursor=*&mailto=cris-victoria@uta.cl
✗ Pankaj Kanti Jodder: OpenAlex 429 en https://api.openalex.org/works?filter=author.id:A5080998027&per-page=200&select=id,title,publication_year,cited_by_count,fwci,citation_normalized_percentile,open_access,primary_location,primary_topic,authorships&cursor=*&mailto=cris-victoria@uta.cl
✗ Okan Duman: OpenAlex 429 en https://api.openalex.org/works?filter=author.id:A5068594070&per-page=200&select=id,title,publication_year,cited_by_count,fwci,citation_normalized_percentile,open_access,primary_location,primary_topic,authorships&cursor=*&mailto=cris-victoria@uta.cl
✗ J. M. Martı́nez: OpenAlex 429 en https://api.openalex.org/works?filter=author.id:A5066019994&per-page=200&select=id,title,publication_year,cited_by_count,fwci,citation_normalized_percentile,open_access,primary_location,primary_topic,authorships&cursor=*&mailto=cris-victoria@uta.cl
✗ Leonardo M. Mito: OpenAlex 429 en https://api.openalex.org/works?filter=author.id:A5022592293&per-page=200&select=id,title,publication_year,cited_by_count,fwci,citation_normalized_percentile,open_access,primary_location,primary_topic,authorships&cursor=*&mailto=cris-victoria@uta.cl
✗ Roger Behling: OpenAlex 429 en https://api.openalex.org/works?filter=author.id:A5045506488&per-page=200&select=id,title,publication_year,cited_by_count,fwci,citation_normalized_percentile,open_access,primary_location,primary_topic,authorships&cursor=*&mailto=cris-victoria@uta.cl
✗ David O. Carpenter: OpenAlex 429 en https://api.openalex.org/works?filter=author.id:A5074232978&per-page=200&select=id,title,publication_year,cited_by_count,fwci,citation_normalized_percentile,open_access,primary_location,primary_topic,authorships&cursor=*&mailto=cris-victoria@uta.cl
✗ Amedeo Amedei: OpenAlex 429 en https://api.openalex.org/works?filter=author.id:A5082342925&per-page=200&select=id,title,publication_year,cited_by_count,fwci,citation_normalized_percentile,open_access,primary_location,primary_topic,authorships&cursor=*&mailto=cris-victoria@uta.cl
✗ Liliana Cardemil: OpenAlex 429 en https://api.openalex.org/works?filter=author.id:A5012828395&per-page=200&select=id,title,publication_year,cited_by_count,fwci,citation_normalized_percentile,open_access,primary_location,primary_topic,authorships&cursor=*&mailto=cris-victoria@uta.cl
✗ Mary T. K. Arroyo: OpenAlex 429 en https://api.openalex.org/works?filter=author.id:A5007239805&per-page=200&select=id,title,publication_year,cited_by_count,fwci,citation_normalized_percentile,open_access,primary_location,primary_topic,authorships&cursor=*&mailto=cris-victoria@uta.cl
✗ Gloria Montenegro: OpenAlex 429 en https://api.openalex.org/works?filter=author.id:A5089404856&per-page=200&select=id,title,publication_year,cited_by_count,fwci,citation_normalized_percentile,open_access,primary_location,primary_topic,authorships&cursor=*&mailto=cris-victoria@uta.cl
✗ Max Andresen: OpenAlex 429 en https://api.openalex.org/works?filter=author.id:A5052662762&per-page=200&select=id,title,publication_year,cited_by_count,fwci,citation_normalized_percentile,open_access,primary_location,primary_topic,authorships&cursor=*&mailto=cris-victoria@uta.cl
✗ Carlos Rodrigo de Mello Roesler: OpenAlex 429 en https://api.openalex.org/works?filter=author.id:A5050920902&per-page=200&select=id,title,publication_year,cited_by_count,fwci,citation_normalized_percentile,open_access,primary_location,primary_topic,authorships&cursor=*&mailto=cris-victoria@uta.cl
✗ Claudio Ponce: OpenAlex 429 en https://api.openalex.org/works?filter=author.id:A5057014259&per-page=200&select=id,title,publication_year,cited_by_count,fwci,citation_normalized_percentile,open_access,primary_location,primary_topic,authorships&cursor=*&mailto=cris-victoria@uta.cl
✗ Daniel Alejandro Ponce Saldías: OpenAlex 429 en https://api.openalex.org/works?filter=author.id:A5082842101&per-page=200&select=id,title,publication_year,cited_by_count,fwci,citation_normalized_percentile,open_access,primary_location,primary_topic,authorships&cursor=*&mailto=cris-victoria@uta.cl
✗ Francisco Aguayo: OpenAlex 429 en https://api.openalex.org/works?filter=author.id:A5102926909&per-page=200&select=id,title,publication_year,cited_by_count,fwci,citation_normalized_percentile,open_access,primary_location,primary_topic,authorships&cursor=*&mailto=cris-victoria@uta.cl
✗ Sandra Cortés: OpenAlex 429 en https://api.openalex.org/works?filter=author.id:A5045344296&per-page=200&select=id,title,publication_year,cited_by_count,fwci,citation_normalized_percentile,open_access,primary_location,primary_topic,authorships&cursor=*&mailto=cris-victoria@uta.cl
✗ Catterina Ferreccio: OpenAlex 429 en https://api.openalex.org/works?filter=author.id:A5085328315&per-page=200&select=id,title,publication_year,cited_by_count,fwci,citation_normalized_percentile,open_access,primary_location,primary_topic,authorships&cursor=*&mailto=cris-victoria@uta.cl
✗ C Tamayo: OpenAlex 429 en https://api.openalex.org/works?filter=author.id:A5007763399&per-page=200&select=id,title,publication_year,cited_by_count,fwci,citation_normalized_percentile,open_access,primary_location,primary_topic,authorships&cursor=*&mailto=cris-victoria@uta.cl
✗ Bastien Llamas: OpenAlex 429 en https://api.openalex.org/works?filter=author.id:A5082962342&per-page=200&select=id,title,publication_year,cited_by_count,fwci,citation_normalized_percentile,open_access,primary_location,primary_topic,authorships&cursor=*&mailto=cris-victoria@uta.cl
✗ Lars Fehren‐Schmitz: OpenAlex 429 en https://api.openalex.org/works?filter=author.id:A5001815861&per-page=200&select=id,title,publication_year,cited_by_count,fwci,citation_normalized_percentile,open_access,primary_location,primary_topic,authorships&cursor=*&mailto=cris-victoria@uta.cl
✗ Guido Valverde: OpenAlex 429 en https://api.openalex.org/works?filter=author.id:A5035035666&per-page=200&select=id,title,publication_year,cited_by_count,fwci,citation_normalized_percentile,open_access,primary_location,primary_topic,authorships&cursor=*&mailto=cris-victoria@uta.cl
✗ Fritz Colonius: OpenAlex 429 en https://api.openalex.org/works?filter=author.id:A5003282971&per-page=200&select=id,title,publication_year,cited_by_count,fwci,citation_normalized_percentile,open_access,primary_location,primary_topic,authorships&cursor=*&mailto=cris-victoria@uta.cl
✗ Michael Färber: OpenAlex 429 en https://api.openalex.org/works?filter=author.id:A5031600582&per-page=200&select=id,title,publication_year,cited_by_count,fwci,citation_normalized_percentile,open_access,primary_location,primary_topic,authorships&cursor=*&mailto=cris-victoria@uta.cl
✗ William Eduardo Valdivia Hanco: OpenAlex 429 en https://api.openalex.org/works?filter=author.id:A5050471860&per-page=200&select=id,title,publication_year,cited_by_count,fwci,citation_normalized_percentile,open_access,primary_location,primary_topic,authorships&cursor=*&mailto=cris-victoria@uta.cl
✗ Julio César Rodríguez: OpenAlex 429 en https://api.openalex.org/works?filter=author.id:A5060714835&per-page=200&select=id,title,publication_year,cited_by_count,fwci,citation_normalized_percentile,open_access,primary_location,primary_topic,authorships&cursor=*&mailto=cris-victoria@uta.cl
✗ Hermán Silva: OpenAlex 429 en https://api.openalex.org/works?filter=author.id:A5029290549&per-page=200&select=id,title,publication_year,cited_by_count,fwci,citation_normalized_percentile,open_access,primary_location,primary_topic,authorships&cursor=*&mailto=cris-victoria@uta.cl
✗ Rocío Abello Correa: OpenAlex 429 en https://api.openalex.org/works?filter=author.id:A5024820240&per-page=200&select=id,title,publication_year,cited_by_count,fwci,citation_normalized_percentile,open_access,primary_location,primary_topic,authorships&cursor=*&mailto=cris-victoria@uta.cl
✗ Jorge Castaño García: OpenAlex 429 en https://api.openalex.org/works?filter=author.id:A5060686929&per-page=200&select=id,title,publication_year,cited_by_count,fwci,citation_normalized_percentile,open_access,primary_location,primary_topic,authorships&cursor=*&mailto=cris-victoria@uta.cl
✗ Marina Tuyako Mizukoshi: OpenAlex 429 en https://api.openalex.org/works?filter=author.id:A5040433255&per-page=200&select=id,title,publication_year,cited_by_count,fwci,citation_normalized_percentile,open_access,primary_location,primary_topic,authorships&cursor=*&mailto=cris-victoria@uta.cl
✗ Juan Carlos Romero: OpenAlex 429 en https://api.openalex.org/works?filter=author.id:A5065215626&per-page=200&select=id,title,publication_year,cited_by_count,fwci,citation_normalized_percentile,open_access,primary_location,primary_topic,authorships&cursor=*&mailto=cris-victoria@uta.cl
✗ Francisco Gil Rodríguez: OpenAlex 429 en https://api.openalex.org/works?filter=author.id:A5039103290&per-page=200&select=id,title,publication_year,cited_by_count,fwci,citation_normalized_percentile,open_access,primary_location,primary_topic,authorships&cursor=*&mailto=cris-victoria@uta.cl
✗ Daniel Rojas Pachas: OpenAlex 429 en https://api.openalex.org/works?filter=author.id:A5064633950&per-page=200&select=id,title,publication_year,cited_by_count,fwci,citation_normalized_percentile,open_access,primary_location,primary_topic,authorships&cursor=*&mailto=cris-victoria@uta.cl
✗ Ramón Herrera: OpenAlex 429 en https://api.openalex.org/works?filter=author.id:A5068302866&per-page=200&select=id,title,publication_year,cited_by_count,fwci,citation_normalized_percentile,open_access,primary_location,primary_topic,authorships&cursor=*&mailto=cris-victoria@uta.cl
✗ Miguel Rivas: OpenAlex 429 en https://api.openalex.org/works?filter=author.id:A5110660953&per-page=200&select=id,title,publication_year,cited_by_count,fwci,citation_normalized_percentile,open_access,primary_location,primary_topic,authorships&cursor=*&mailto=cris-victoria@uta.cl
✗ Pedro Campos: OpenAlex 429 en https://api.openalex.org/works?filter=author.id:A5005139610&per-page=200&select=id,title,publication_year,cited_by_count,fwci,citation_normalized_percentile,open_access,primary_location,primary_topic,authorships&cursor=*&mailto=cris-victoria@uta.cl
✗ Anders Albrechtsen: OpenAlex 429 en https://api.openalex.org/works?filter=author.id:A5003488251&per-page=200&select=id,title,publication_year,cited_by_count,fwci,citation_normalized_percentile,open_access,primary_location,primary_topic,authorships&cursor=*&mailto=cris-victoria@uta.cl
✗ Thorfinn Sand Korneliussen: OpenAlex 429 en https://api.openalex.org/works?filter=author.id:A5090964821&per-page=200&select=id,title,publication_year,cited_by_count,fwci,citation_normalized_percentile,open_access,primary_location,primary_topic,authorships&cursor=*&mailto=cris-victoria@uta.cl
✗ Morten Rasmussen: OpenAlex 429 en https://api.openalex.org/works?filter=author.id:A5049654534&per-page=200&select=id,title,publication_year,cited_by_count,fwci,citation_normalized_percentile,open_access,primary_location,primary_topic,authorships&cursor=*&mailto=cris-victoria@uta.cl
✗ Richard Toro A.: OpenAlex 429 en https://api.openalex.org/works?filter=author.id:A5011186233&per-page=200&select=id,title,publication_year,cited_by_count,fwci,citation_normalized_percentile,open_access,primary_location,primary_topic,authorships&cursor=*&mailto=cris-victoria@uta.cl
✗ Manuel A. Leiva G.: OpenAlex 429 en https://api.openalex.org/works?filter=author.id:A5000986727&per-page=200&select=id,title,publication_year,cited_by_count,fwci,citation_normalized_percentile,open_access,primary_location,primary_topic,authorships&cursor=*&mailto=cris-victoria@uta.cl
✗ R. Morales: OpenAlex 429 en https://api.openalex.org/works?filter=author.id:A5045159504&per-page=200&select=id,title,publication_year,cited_by_count,fwci,citation_normalized_percentile,open_access,primary_location,primary_topic,authorships&cursor=*&mailto=cris-victoria@uta.cl
✗ Araceli Peña-Fernández: OpenAlex 429 en https://api.openalex.org/works?filter=author.id:A5044291322&per-page=200&select=id,title,publication_year,cited_by_count,fwci,citation_normalized_percentile,open_access,primary_location,primary_topic,authorships&cursor=*&mailto=cris-victoria@uta.cl
✗ Diego Luis Valera Martínez: OpenAlex 429 en https://api.openalex.org/works?filter=author.id:A5018355175&per-page=200&select=id,title,publication_year,cited_by_count,fwci,citation_normalized_percentile,open_access,primary_location,primary_topic,authorships&cursor=*&mailto=cris-victoria@uta.cl
✗ Juan E. Álvaro: OpenAlex 429 en https://api.openalex.org/works?filter=author.id:A5041669669&per-page=200&select=id,title,publication_year,cited_by_count,fwci,citation_normalized_percentile,open_access,primary_location,primary_topic,authorships&cursor=*&mailto=cris-victoria@uta.cl
✗ Alexander Neaman: OpenAlex 429 en https://api.openalex.org/works?filter=author.id:A5047279719&per-page=200&select=id,title,publication_year,cited_by_count,fwci,citation_normalized_percentile,open_access,primary_location,primary_topic,authorships&cursor=*&mailto=cris-victoria@uta.cl
✗ J.A. Sánchez-Molina: OpenAlex 429 en https://api.openalex.org/works?filter=author.id:A5003096181&per-page=200&select=id,title,publication_year,cited_by_count,fwci,citation_normalized_percentile,open_access,primary_location,primary_topic,authorships&cursor=*&mailto=cris-victoria@uta.cl
✗ Daniela Navarrete: OpenAlex 429 en https://api.openalex.org/works?filter=author.id:A5031076560&per-page=200&select=id,title,publication_year,cited_by_count,fwci,citation_normalized_percentile,open_access,primary_location,primary_topic,authorships&cursor=*&mailto=cris-victoria@uta.cl
✗ J. Marttini Abarca: OpenAlex 429 en https://api.openalex.org/works?filter=author.id:A5028786215&per-page=200&select=id,title,publication_year,cited_by_count,fwci,citation_normalized_percentile,open_access,primary_location,primary_topic,authorships&cursor=*&mailto=cris-victoria@uta.cl
✗ Gloria M. Calaf: OpenAlex 429 en https://api.openalex.org/works?filter=author.id:A5016723784&per-page=200&select=id,title,publication_year,cited_by_count,fwci,citation_normalized_percentile,open_access,primary_location,primary_topic,authorships&cursor=*&mailto=cris-victoria@uta.cl
✗ Juan A. Lazzús: OpenAlex 429 en https://api.openalex.org/works?filter=author.id:A5055681903&per-page=200&select=id,title,publication_year,cited_by_count,fwci,citation_normalized_percentile,open_access,primary_location,primary_topic,authorships&cursor=*&mailto=cris-victoria@uta.cl
✗ Mehdi Shakibaei: OpenAlex 429 en https://api.openalex.org/works?filter=author.id:A5038295064&per-page=200&select=id,title,publication_year,cited_by_count,fwci,citation_normalized_percentile,open_access,primary_location,primary_topic,authorships&cursor=*&mailto=cris-victoria@uta.cl
✗ Francisco Osorio: OpenAlex 429 en https://api.openalex.org/works?filter=author.id:A5021763356&per-page=200&select=id,title,publication_year,cited_by_count,fwci,citation_normalized_percentile,open_access,primary_location,primary_topic,authorships&cursor=*&mailto=cris-victoria@uta.cl
✗ Víctor Jiménez‐Benítez: OpenAlex 429 en https://api.openalex.org/works?filter=author.id:A5010225733&per-page=200&select=id,title,publication_year,cited_by_count,fwci,citation_normalized_percentile,open_access,primary_location,primary_topic,authorships&cursor=*&mailto=cris-victoria@uta.cl
✗ Salvador Antonio Mireles Sandoval: OpenAlex 429 en https://api.openalex.org/works?filter=author.id:A5087147450&per-page=200&select=id,title,publication_year,cited_by_count,fwci,citation_normalized_percentile,open_access,primary_location,primary_topic,authorships&cursor=*&mailto=cris-victoria@uta.cl
✗ Ángela Vera Ruíz: OpenAlex 429 en https://api.openalex.org/works?filter=author.id:A5012340411&per-page=200&select=id,title,publication_year,cited_by_count,fwci,citation_normalized_percentile,open_access,primary_location,primary_topic,authorships&cursor=*&mailto=cris-victoria@uta.cl
✗ Marcos Zumárraga-Espinosa: OpenAlex 429 en https://api.openalex.org/works?filter=author.id:A5031732480&per-page=200&select=id,title,publication_year,cited_by_count,fwci,citation_normalized_percentile,open_access,primary_location,primary_topic,authorships&cursor=*&mailto=cris-victoria@uta.cl
✗ Celia Bórquez B.: OpenAlex 429 en https://api.openalex.org/works?filter=author.id:A5053839411&per-page=200&select=id,title,publication_year,cited_by_count,fwci,citation_normalized_percentile,open_access,primary_location,primary_topic,authorships&cursor=*&mailto=cris-victoria@uta.cl
✗ Rubén Alejandro Castillo-España: OpenAlex 429 en https://api.openalex.org/works?filter=author.id:A5093051160&per-page=200&select=id,title,publication_year,cited_by_count,fwci,citation_normalized_percentile,open_access,primary_location,primary_topic,authorships&cursor=*&mailto=cris-victoria@uta.cl
✗ Giuliani Coluccio: OpenAlex 429 en https://api.openalex.org/works?filter=author.id:A5051034826&per-page=200&select=id,title,publication_year,cited_by_count,fwci,citation_normalized_percentile,open_access,primary_location,primary_topic,authorships&cursor=*&mailto=cris-victoria@uta.cl
✗ Elkin Argiro Muñoz Arroyave: OpenAlex 429 en https://api.openalex.org/works?filter=author.id:A5028182818&per-page=200&select=id,title,publication_year,cited_by_count,fwci,citation_normalized_percentile,open_access,primary_location,primary_topic,authorships&cursor=*&mailto=cris-victoria@uta.cl
✗ Elsa María Vásquez Trespalacios: OpenAlex 429 en https://api.openalex.org/works?filter=author.id:A5082937761&per-page=200&select=id,title,publication_year,cited_by_count,fwci,citation_normalized_percentile,open_access,primary_location,primary_topic,authorships&cursor=*&mailto=cris-victoria@uta.cl
✗ Charl C. Wolhuter: OpenAlex 429 en https://api.openalex.org/works?filter=author.id:A5003736017&per-page=200&select=id,title,publication_year,cited_by_count,fwci,citation_normalized_percentile,open_access,primary_location,primary_topic,authorships&cursor=*&mailto=cris-victoria@uta.cl
✗ Yasna Tapia: OpenAlex 429 en https://api.openalex.org/works?filter=author.id:A5048073545&per-page=200&select=id,title,publication_year,cited_by_count,fwci,citation_normalized_percentile,open_access,primary_location,primary_topic,authorships&cursor=*&mailto=cris-victoria@uta.cl
✗ Dinoraz Vélez: OpenAlex 429 en https://api.openalex.org/works?filter=author.id:A5083118590&per-page=200&select=id,title,publication_year,cited_by_count,fwci,citation_normalized_percentile,open_access,primary_location,primary_topic,authorships&cursor=*&mailto=cris-victoria@uta.cl
✗ Rubén Pastene: OpenAlex 429 en https://api.openalex.org/works?filter=author.id:A5071900494&per-page=200&select=id,title,publication_year,cited_by_count,fwci,citation_normalized_percentile,open_access,primary_location,primary_topic,authorships&cursor=*&mailto=cris-victoria@uta.cl
✗ Daniel López: OpenAlex 429 en https://api.openalex.org/works?filter=author.id:A5078375944&per-page=200&select=id,title,publication_year,cited_by_count,fwci,citation_normalized_percentile,open_access,primary_location,primary_topic,authorships&cursor=*&mailto=cris-victoria@uta.cl
✗ María J. Rojas: OpenAlex 429 en https://api.openalex.org/works?filter=author.id:A5111452750&per-page=200&select=id,title,publication_year,cited_by_count,fwci,citation_normalized_percentile,open_access,primary_location,primary_topic,authorships&cursor=*&mailto=cris-victoria@uta.cl
✗ Fernando González: OpenAlex 429 en https://api.openalex.org/works?filter=author.id:A5036934525&per-page=200&select=id,title,publication_year,cited_by_count,fwci,citation_normalized_percentile,open_access,primary_location,primary_topic,authorships&cursor=*&mailto=cris-victoria@uta.cl
✗ M. Espinoza: OpenAlex 429 en https://api.openalex.org/works?filter=author.id:A5108561036&per-page=200&select=id,title,publication_year,cited_by_count,fwci,citation_normalized_percentile,open_access,primary_location,primary_topic,authorships&cursor=*&mailto=cris-victoria@uta.cl
✗ Sabina Herrera: OpenAlex 429 en https://api.openalex.org/works?filter=author.id:A5088119944&per-page=200&select=id,title,publication_year,cited_by_count,fwci,citation_normalized_percentile,open_access,primary_location,primary_topic,authorships&cursor=*&mailto=cris-victoria@uta.cl
✗ Bernardino Barrientos: OpenAlex 429 en https://api.openalex.org/works?filter=author.id:A5063390265&per-page=200&select=id,title,publication_year,cited_by_count,fwci,citation_normalized_percentile,open_access,primary_location,primary_topic,authorships&cursor=*&mailto=cris-victoria@uta.cl
✗ Leopoldo Bertossi: OpenAlex 429 en https://api.openalex.org/works?filter=author.id:A5015753842&per-page=200&select=id,title,publication_year,cited_by_count,fwci,citation_normalized_percentile,open_access,primary_location,primary_topic,authorships&cursor=*&mailto=cris-victoria@uta.cl
✗ Pablo Braz e Silva: OpenAlex 429 en https://api.openalex.org/works?filter=author.id:A5059501832&per-page=200&select=id,title,publication_year,cited_by_count,fwci,citation_normalized_percentile,open_access,primary_location,primary_topic,authorships&cursor=*&mailto=cris-victoria@uta.cl
✗ Miguel Loayza: OpenAlex 429 en https://api.openalex.org/works?filter=author.id:A5055600807&per-page=200&select=id,title,publication_year,cited_by_count,fwci,citation_normalized_percentile,open_access,primary_location,primary_topic,authorships&cursor=*&mailto=cris-victoria@uta.cl
✗ Élder J. Villamizar‐Roa: OpenAlex 429 en https://api.openalex.org/works?filter=author.id:A5051173782&per-page=200&select=id,title,publication_year,cited_by_count,fwci,citation_normalized_percentile,open_access,primary_location,primary_topic,authorships&cursor=*&mailto=cris-victoria@uta.cl
✗ Luis Friz: OpenAlex 429 en https://api.openalex.org/works?filter=author.id:A5055254491&per-page=200&select=id,title,publication_year,cited_by_count,fwci,citation_normalized_percentile,open_access,primary_location,primary_topic,authorships&cursor=*&mailto=cris-victoria@uta.cl
✗ C. A. Inácio: OpenAlex 429 en https://api.openalex.org/works?filter=author.id:A5018425103&per-page=200&select=id,title,publication_year,cited_by_count,fwci,citation_normalized_percentile,open_access,primary_location,primary_topic,authorships&cursor=*&mailto=cris-victoria@uta.cl
✗ Tamara Schmey: OpenAlex 429 en https://api.openalex.org/works?filter=author.id:A5048252130&per-page=200&select=id,title,publication_year,cited_by_count,fwci,citation_normalized_percentile,open_access,primary_location,primary_topic,authorships&cursor=*&mailto=cris-victoria@uta.cl
✗ Corinn Small: OpenAlex 429 en https://api.openalex.org/works?filter=author.id:A5005946945&per-page=200&select=id,title,publication_year,cited_by_count,fwci,citation_normalized_percentile,open_access,primary_location,primary_topic,authorships&cursor=*&mailto=cris-victoria@uta.cl
✗ Tahir Ali: OpenAlex 429 en https://api.openalex.org/works?filter=author.id:A5016393458&per-page=200&select=id,title,publication_year,cited_by_count,fwci,citation_normalized_percentile,open_access,primary_location,primary_topic,authorships&cursor=*&mailto=cris-victoria@uta.cl
✗ Soledad Gamboa: OpenAlex 429 en https://api.openalex.org/works?filter=author.id:A5036306122&per-page=200&select=id,title,publication_year,cited_by_count,fwci,citation_normalized_percentile,open_access,primary_location,primary_topic,authorships&cursor=*&mailto=cris-victoria@uta.cl
✗ Marco Thines: OpenAlex 429 en https://api.openalex.org/works?filter=author.id:A5023789648&per-page=200&select=id,title,publication_year,cited_by_count,fwci,citation_normalized_percentile,open_access,primary_location,primary_topic,authorships&cursor=*&mailto=cris-victoria@uta.cl
✗ Remco Stam: OpenAlex 429 en https://api.openalex.org/works?filter=author.id:A5037993228&per-page=200&select=id,title,publication_year,cited_by_count,fwci,citation_normalized_percentile,open_access,primary_location,primary_topic,authorships&cursor=*&mailto=cris-victoria@uta.cl
✗ Frances Hayashida: OpenAlex 429 en https://api.openalex.org/works?filter=author.id:A5017313320&per-page=200&select=id,title,publication_year,cited_by_count,fwci,citation_normalized_percentile,open_access,primary_location,primary_topic,authorships&cursor=*&mailto=cris-victoria@uta.cl
✗ Jacqueline Correa‐Lau: OpenAlex 429 en https://api.openalex.org/works?filter=author.id:A5004651569&per-page=200&select=id,title,publication_year,cited_by_count,fwci,citation_normalized_percentile,open_access,primary_location,primary_topic,authorships&cursor=*&mailto=cris-victoria@uta.cl
✗ Ivan Veas-González: OpenAlex 429 en https://api.openalex.org/works?filter=author.id:A5058578072&per-page=200&select=id,title,publication_year,cited_by_count,fwci,citation_normalized_percentile,open_access,primary_location,primary_topic,authorships&cursor=*&mailto=cris-victoria@uta.cl
✗ Nelson Carrión-Bósquez: OpenAlex 429 en https://api.openalex.org/works?filter=author.id:A5046495779&per-page=200&select=id,title,publication_year,cited_by_count,fwci,citation_normalized_percentile,open_access,primary_location,primary_topic,authorships&cursor=*&mailto=cris-victoria@uta.cl
✗ J. C. García-Melgarejo: OpenAlex 429 en https://api.openalex.org/works?filter=author.id:A5075890740&per-page=200&select=id,title,publication_year,cited_by_count,fwci,citation_normalized_percentile,open_access,primary_location,primary_topic,authorships&cursor=*&mailto=cris-victoria@uta.cl
✗ Juan A. Cañas: OpenAlex 429 en https://api.openalex.org/works?filter=author.id:A5051803036&per-page=200&select=id,title,publication_year,cited_by_count,fwci,citation_normalized_percentile,open_access,primary_location,primary_topic,authorships&cursor=*&mailto=cris-victoria@uta.cl
✗ Ernesto Leo Rossi: OpenAlex 429 en https://api.openalex.org/works?filter=author.id:A5075151592&per-page=200&select=id,title,publication_year,cited_by_count,fwci,citation_normalized_percentile,open_access,primary_location,primary_topic,authorships&cursor=*&mailto=cris-victoria@uta.cl
✗ Luis Enrique Quiñones Baraybar: OpenAlex 429 en https://api.openalex.org/works?filter=author.id:A5001351015&per-page=200&select=id,title,publication_year,cited_by_count,fwci,citation_normalized_percentile,open_access,primary_location,primary_topic,authorships&cursor=*&mailto=cris-victoria@uta.cl
✗ Mario Rodríguez-Camacho: OpenAlex 429 en https://api.openalex.org/works?filter=author.id:A5078119398&per-page=200&select=id,title,publication_year,cited_by_count,fwci,citation_normalized_percentile,open_access,primary_location,primary_topic,authorships&cursor=*&mailto=cris-victoria@uta.cl
✗ Belén Prieto‐Corona: OpenAlex 429 en https://api.openalex.org/works?filter=author.id:A5039177340&per-page=200&select=id,title,publication_year,cited_by_count,fwci,citation_normalized_percentile,open_access,primary_location,primary_topic,authorships&cursor=*&mailto=cris-victoria@uta.cl
✗ Margarita Cabrera‐Bravo: OpenAlex 429 en https://api.openalex.org/works?filter=author.id:A5060191674&per-page=200&select=id,title,publication_year,cited_by_count,fwci,citation_normalized_percentile,open_access,primary_location,primary_topic,authorships&cursor=*&mailto=cris-victoria@uta.cl
✗ Daniela Alves Silva: OpenAlex 429 en https://api.openalex.org/works?filter=author.id:A5100684745&per-page=200&select=id,title,publication_year,cited_by_count,fwci,citation_normalized_percentile,open_access,primary_location,primary_topic,authorships&cursor=*&mailto=cris-victoria@uta.cl
✗ Luboš Střelec: OpenAlex 429 en https://api.openalex.org/works?filter=author.id:A5053795844&per-page=200&select=id,title,publication_year,cited_by_count,fwci,citation_normalized_percentile,open_access,primary_location,primary_topic,authorships&cursor=*&mailto=cris-victoria@uta.cl
✗ Li‐Chun Zhang: OpenAlex 429 en https://api.openalex.org/works?filter=author.id:A5100720313&per-page=200&select=id,title,publication_year,cited_by_count,fwci,citation_normalized_percentile,open_access,primary_location,primary_topic,authorships&cursor=*&mailto=cris-victoria@uta.cl
✗ Paul Allin: OpenAlex 429 en https://api.openalex.org/works?filter=author.id:A5005656338&per-page=200&select=id,title,publication_year,cited_by_count,fwci,citation_normalized_percentile,open_access,primary_location,primary_topic,authorships&cursor=*&mailto=cris-victoria@uta.cl
✗ Fionn Murtagh: OpenAlex 429 en https://api.openalex.org/works?filter=author.id:A5000885553&per-page=200&select=id,title,publication_year,cited_by_count,fwci,citation_normalized_percentile,open_access,primary_location,primary_topic,authorships&cursor=*&mailto=cris-victoria@uta.cl
✗ Peter Smith: OpenAlex 429 en https://api.openalex.org/works?filter=author.id:A5072971841&per-page=200&select=id,title,publication_year,cited_by_count,fwci,citation_normalized_percentile,open_access,primary_location,primary_topic,authorships&cursor=*&mailto=cris-victoria@uta.cl
✗ Guy P. Nason: OpenAlex 429 en https://api.openalex.org/works?filter=author.id:A5083214421&per-page=200&select=id,title,publication_year,cited_by_count,fwci,citation_normalized_percentile,open_access,primary_location,primary_topic,authorships&cursor=*&mailto=cris-victoria@uta.cl
✗ Jamie Moore: OpenAlex 429 en https://api.openalex.org/works?filter=author.id:A5089228070&per-page=200&select=id,title,publication_year,cited_by_count,fwci,citation_normalized_percentile,open_access,primary_location,primary_topic,authorships&cursor=*&mailto=cris-victoria@uta.cl
✗ Gabriele B. Durrant: OpenAlex 429 en https://api.openalex.org/works?filter=author.id:A5054519906&per-page=200&select=id,title,publication_year,cited_by_count,fwci,citation_normalized_percentile,open_access,primary_location,primary_topic,authorships&cursor=*&mailto=cris-victoria@uta.cl
✗ Paul A. Smith: OpenAlex 429 en https://api.openalex.org/works?filter=author.id:A5058135314&per-page=200&select=id,title,publication_year,cited_by_count,fwci,citation_normalized_percentile,open_access,primary_location,primary_topic,authorships&cursor=*&mailto=cris-victoria@uta.cl
✗ Cristian O. Salas: OpenAlex 429 en https://api.openalex.org/works?filter=author.id:A5077567118&per-page=200&select=id,title,publication_year,cited_by_count,fwci,citation_normalized_percentile,open_access,primary_location,primary_topic,authorships&cursor=*&mailto=cris-victoria@uta.cl
✗ César Soto: OpenAlex 429 en https://api.openalex.org/works?filter=author.id:A5101806770&per-page=200&select=id,title,publication_year,cited_by_count,fwci,citation_normalized_percentile,open_access,primary_location,primary_topic,authorships&cursor=*&mailto=cris-victoria@uta.cl
✗ Eduardo Ruiz‐Hitzky: OpenAlex 429 en https://api.openalex.org/works?filter=author.id:A5000434088&per-page=200&select=id,title,publication_year,cited_by_count,fwci,citation_normalized_percentile,open_access,primary_location,primary_topic,authorships&cursor=*&mailto=cris-victoria@uta.cl
✗ J. Alonso: OpenAlex 429 en https://api.openalex.org/works?filter=author.id:A5014039552&per-page=200&select=id,title,publication_year,cited_by_count,fwci,citation_normalized_percentile,open_access,primary_location,primary_topic,authorships&cursor=*&mailto=cris-victoria@uta.cl
✗ David Martínez: OpenAlex 429 en https://api.openalex.org/works?filter=author.id:A5113873939&per-page=200&select=id,title,publication_year,cited_by_count,fwci,citation_normalized_percentile,open_access,primary_location,primary_topic,authorships&cursor=*&mailto=cris-victoria@uta.cl
✗ Trevor Driscoll: OpenAlex 429 en https://api.openalex.org/works?filter=author.id:A5087060867&per-page=200&select=id,title,publication_year,cited_by_count,fwci,citation_normalized_percentile,open_access,primary_location,primary_topic,authorships&cursor=*&mailto=cris-victoria@uta.cl
✗ Mario Moya: OpenAlex 429 en https://api.openalex.org/works?filter=author.id:A5025492682&per-page=200&select=id,title,publication_year,cited_by_count,fwci,citation_normalized_percentile,open_access,primary_location,primary_topic,authorships&cursor=*&mailto=cris-victoria@uta.cl
✗ Ximena Cea: OpenAlex 429 en https://api.openalex.org/works?filter=author.id:A5017847755&per-page=200&select=id,title,publication_year,cited_by_count,fwci,citation_normalized_percentile,open_access,primary_location,primary_topic,authorships&cursor=*&mailto=cris-victoria@uta.cl
✗ Juan Carlos Mamani Morales: OpenAlex 429 en https://api.openalex.org/works?filter=author.id:A5045617083&per-page=200&select=id,title,publication_year,cited_by_count,fwci,citation_normalized_percentile,open_access,primary_location,primary_topic,authorships&cursor=*&mailto=cris-victoria@uta.cl
✗ Elizabeth del Carmen Sánchez Gonzalez: OpenAlex 429 en https://api.openalex.org/works?filter=author.id:A5003675648&per-page=200&select=id,title,publication_year,cited_by_count,fwci,citation_normalized_percentile,open_access,primary_location,primary_topic,authorships&cursor=*&mailto=cris-victoria@uta.cl
✗ Julio Tereucán-Angulo: OpenAlex 429 en https://api.openalex.org/works?filter=author.id:A5080186327&per-page=200&select=id,title,publication_year,cited_by_count,fwci,citation_normalized_percentile,open_access,primary_location,primary_topic,authorships&cursor=*&mailto=cris-victoria@uta.cl
✗ Claudia Miranda‐Castillo: OpenAlex 429 en https://api.openalex.org/works?filter=author.id:A5021575770&per-page=200&select=id,title,publication_year,cited_by_count,fwci,citation_normalized_percentile,open_access,primary_location,primary_topic,authorships&cursor=*&mailto=cris-victoria@uta.cl
✗ Serafín Lemos Giráldez: OpenAlex 429 en https://api.openalex.org/works?filter=author.id:A5083388655&per-page=200&select=id,title,publication_year,cited_by_count,fwci,citation_normalized_percentile,open_access,primary_location,primary_topic,authorships&cursor=*&mailto=cris-victoria@uta.cl
✗ Stephen Morrell: OpenAlex 429 en https://api.openalex.org/works?filter=author.id:A5115007289&per-page=200&select=id,title,publication_year,cited_by_count,fwci,citation_normalized_percentile,open_access,primary_location,primary_topic,authorships&cursor=*&mailto=cris-victoria@uta.cl
✗ Michael Hütel: OpenAlex 429 en https://api.openalex.org/works?filter=author.id:A5041728550&per-page=200&select=id,title,publication_year,cited_by_count,fwci,citation_normalized_percentile,open_access,primary_location,primary_topic,authorships&cursor=*&mailto=cris-victoria@uta.cl
✗ Oeslle Lucena: OpenAlex 429 en https://api.openalex.org/works?filter=author.id:A5035088462&per-page=200&select=id,title,publication_year,cited_by_count,fwci,citation_normalized_percentile,open_access,primary_location,primary_topic,authorships&cursor=*&mailto=cris-victoria@uta.cl
✗ Georgiana Zamfir: OpenAlex 429 en https://api.openalex.org/works?filter=author.id:A5064182641&per-page=200&select=id,title,publication_year,cited_by_count,fwci,citation_normalized_percentile,open_access,primary_location,primary_topic,authorships&cursor=*&mailto=cris-victoria@uta.cl
✗ Sophia R. O’Brien: OpenAlex 429 en https://api.openalex.org/works?filter=author.id:A5005875563&per-page=200&select=id,title,publication_year,cited_by_count,fwci,citation_normalized_percentile,open_access,primary_location,primary_topic,authorships&cursor=*&mailto=cris-victoria@uta.cl
✗ Elizabeth S. McDonald: OpenAlex 429 en https://api.openalex.org/works?filter=author.id:A5058222130&per-page=200&select=id,title,publication_year,cited_by_count,fwci,citation_normalized_percentile,open_access,primary_location,primary_topic,authorships&cursor=*&mailto=cris-victoria@uta.cl
✗ Samantha P. Zuckerman: OpenAlex 429 en https://api.openalex.org/works?filter=author.id:A5088774798&per-page=200&select=id,title,publication_year,cited_by_count,fwci,citation_normalized_percentile,open_access,primary_location,primary_topic,authorships&cursor=*&mailto=cris-victoria@uta.cl
✗ John R. Scheel: OpenAlex 429 en https://api.openalex.org/works?filter=author.id:A5036326492&per-page=200&select=id,title,publication_year,cited_by_count,fwci,citation_normalized_percentile,open_access,primary_location,primary_topic,authorships&cursor=*&mailto=cris-victoria@uta.cl
✗ Anna Metafa: OpenAlex 429 en https://api.openalex.org/works?filter=author.id:A5061530436&per-page=200&select=id,title,publication_year,cited_by_count,fwci,citation_normalized_percentile,open_access,primary_location,primary_topic,authorships&cursor=*&mailto=cris-victoria@uta.cl
✗ Nisha Sharma: OpenAlex 429 en https://api.openalex.org/works?filter=author.id:A5100725551&per-page=200&select=id,title,publication_year,cited_by_count,fwci,citation_normalized_percentile,open_access,primary_location,primary_topic,authorships&cursor=*&mailto=cris-victoria@uta.cl
✗ Sébastien Ourselin: OpenAlex 429 en https://api.openalex.org/works?filter=author.id:A5082106258&per-page=200&select=id,title,publication_year,cited_by_count,fwci,citation_normalized_percentile,open_access,primary_location,primary_topic,authorships&cursor=*&mailto=cris-victoria@uta.cl
✗ Jorge Cardoso: OpenAlex 429 en https://api.openalex.org/works?filter=author.id:A5104015721&per-page=200&select=id,title,publication_year,cited_by_count,fwci,citation_normalized_percentile,open_access,primary_location,primary_topic,authorships&cursor=*&mailto=cris-victoria@uta.cl
✗ Keshthra Satchithananda: OpenAlex 429 en https://api.openalex.org/works?filter=author.id:A5001262275&per-page=200&select=id,title,publication_year,cited_by_count,fwci,citation_normalized_percentile,open_access,primary_location,primary_topic,authorships&cursor=*&mailto=cris-victoria@uta.cl
✗ Emily F. Conant: OpenAlex 429 en https://api.openalex.org/works?filter=author.id:A5066912051&per-page=200&select=id,title,publication_year,cited_by_count,fwci,citation_normalized_percentile,open_access,primary_location,primary_topic,authorships&cursor=*&mailto=cris-victoria@uta.cl
✗ Eduardo Alejandro Velásquez Parraguez: OpenAlex 429 en https://api.openalex.org/works?filter=author.id:A5020398166&per-page=200&select=id,title,publication_year,cited_by_count,fwci,citation_normalized_percentile,open_access,primary_location,primary_topic,authorships&cursor=*&mailto=cris-victoria@uta.cl
✗ Mar Duran-Bellonch: OpenAlex 429 en https://api.openalex.org/works?filter=author.id:A5100749634&per-page=200&select=id,title,publication_year,cited_by_count,fwci,citation_normalized_percentile,open_access,primary_location,primary_topic,authorships&cursor=*&mailto=cris-victoria@uta.cl
✗ Sara Joiko: OpenAlex 429 en https://api.openalex.org/works?filter=author.id:A5056103748&per-page=200&select=id,title,publication_year,cited_by_count,fwci,citation_normalized_percentile,open_access,primary_location,primary_topic,authorships&cursor=*&mailto=cris-victoria@uta.cl
✗ Marjorie Tovar-Correal: OpenAlex 429 en https://api.openalex.org/works?filter=author.id:A5075400490&per-page=200&select=id,title,publication_year,cited_by_count,fwci,citation_normalized_percentile,open_access,primary_location,primary_topic,authorships&cursor=*&mailto=cris-victoria@uta.cl
✗ Marcos Sepúlveda: OpenAlex 429 en https://api.openalex.org/works?filter=author.id:A5032619409&per-page=200&select=id,title,publication_year,cited_by_count,fwci,citation_normalized_percentile,open_access,primary_location,primary_topic,authorships&cursor=*&mailto=cris-victoria@uta.cl
✗ Jorge Muñoz-Gama: OpenAlex 429 en https://api.openalex.org/works?filter=author.id:A5013269574&per-page=200&select=id,title,publication_year,cited_by_count,fwci,citation_normalized_percentile,open_access,primary_location,primary_topic,authorships&cursor=*&mailto=cris-victoria@uta.cl
✗ Joos C. A. M. Buijs: OpenAlex 429 en https://api.openalex.org/works?filter=author.id:A5052557901&per-page=200&select=id,title,publication_year,cited_by_count,fwci,citation_normalized_percentile,open_access,primary_location,primary_topic,authorships&cursor=*&mailto=cris-victoria@uta.cl
✗ Álvaro T. Palma: OpenAlex 429 en https://api.openalex.org/works?filter=author.id:A5101696228&per-page=200&select=id,title,publication_year,cited_by_count,fwci,citation_normalized_percentile,open_access,primary_location,primary_topic,authorships&cursor=*&mailto=cris-victoria@uta.cl
✗ Aleksandar Poleksić: OpenAlex 429 en https://api.openalex.org/works?filter=author.id:A5046539917&per-page=200&select=id,title,publication_year,cited_by_count,fwci,citation_normalized_percentile,open_access,primary_location,primary_topic,authorships&cursor=*&mailto=cris-victoria@uta.cl
✗ Héctor Valdés-González: OpenAlex 429 en https://api.openalex.org/works?filter=author.id:A5017960190&per-page=200&select=id,title,publication_year,cited_by_count,fwci,citation_normalized_percentile,open_access,primary_location,primary_topic,authorships&cursor=*&mailto=cris-victoria@uta.cl
✗ Ana M. Cabanas: OpenAlex 429 en https://api.openalex.org/works?filter=author.id:A5057237233&per-page=200&select=id,title,publication_year,cited_by_count,fwci,citation_normalized_percentile,open_access,primary_location,primary_topic,authorships&cursor=*&mailto=cris-victoria@uta.cl
✗ Luís Araya-Castillo: OpenAlex 429 en https://api.openalex.org/works?filter=author.id:A5071441854&per-page=200&select=id,title,publication_year,cited_by_count,fwci,citation_normalized_percentile,open_access,primary_location,primary_topic,authorships&cursor=*&mailto=cris-victoria@uta.cl
✗ Katherine Restrepo Quintero: OpenAlex 429 en https://api.openalex.org/works?filter=author.id:A5101672335&per-page=200&select=id,title,publication_year,cited_by_count,fwci,citation_normalized_percentile,open_access,primary_location,primary_topic,authorships&cursor=*&mailto=cris-victoria@uta.cl
✗ José Ricardo Vera Garnica: OpenAlex 429 en https://api.openalex.org/works?filter=author.id:A5077337106&per-page=200&select=id,title,publication_year,cited_by_count,fwci,citation_normalized_percentile,open_access,primary_location,primary_topic,authorships&cursor=*&mailto=cris-victoria@uta.cl
✗ Juan Castillo: OpenAlex 429 en https://api.openalex.org/works?filter=author.id:A5101935093&per-page=200&select=id,title,publication_year,cited_by_count,fwci,citation_normalized_percentile,open_access,primary_location,primary_topic,authorships&cursor=*&mailto=cris-victoria@uta.cl
✗ Diego Aragón‐Caqueo: OpenAlex 429 en https://api.openalex.org/works?filter=author.id:A5045527825&per-page=200&select=id,title,publication_year,cited_by_count,fwci,citation_normalized_percentile,open_access,primary_location,primary_topic,authorships&cursor=*&mailto=cris-victoria@uta.cl
✗ Javier Fernández‐Salinas: OpenAlex 429 en https://api.openalex.org/works?filter=author.id:A5001555015&per-page=200&select=id,title,publication_year,cited_by_count,fwci,citation_normalized_percentile,open_access,primary_location,primary_topic,authorships&cursor=*&mailto=cris-victoria@uta.cl
✗ Elizabeth Flores Ferro: OpenAlex 429 en https://api.openalex.org/works?filter=author.id:A5012872102&per-page=200&select=id,title,publication_year,cited_by_count,fwci,citation_normalized_percentile,open_access,primary_location,primary_topic,authorships&cursor=*&mailto=cris-victoria@uta.cl
✗ Fernando Maureira Cid: OpenAlex 429 en https://api.openalex.org/works?filter=author.id:A5067931683&per-page=200&select=id,title,publication_year,cited_by_count,fwci,citation_normalized_percentile,open_access,primary_location,primary_topic,authorships&cursor=*&mailto=cris-victoria@uta.cl
✗ Ángela Silva-Salse: OpenAlex 429 en https://api.openalex.org/works?filter=author.id:A5091048859&per-page=200&select=id,title,publication_year,cited_by_count,fwci,citation_normalized_percentile,open_access,primary_location,primary_topic,authorships&cursor=*&mailto=cris-victoria@uta.cl
✗ Alexis Matheu Pérez: OpenAlex 429 en https://api.openalex.org/works?filter=author.id:A5060574705&per-page=200&select=id,title,publication_year,cited_by_count,fwci,citation_normalized_percentile,open_access,primary_location,primary_topic,authorships&cursor=*&mailto=cris-victoria@uta.cl
✗ Braulio Navarro‒Aburto: OpenAlex 429 en https://api.openalex.org/works?filter=author.id:A5062905503&per-page=200&select=id,title,publication_year,cited_by_count,fwci,citation_normalized_percentile,open_access,primary_location,primary_topic,authorships&cursor=*&mailto=cris-victoria@uta.cl
✗ Esteban Aedo–Muñoz: OpenAlex 429 en https://api.openalex.org/works?filter=author.id:A5047630886&per-page=200&select=id,title,publication_year,cited_by_count,fwci,citation_normalized_percentile,open_access,primary_location,primary_topic,authorships&cursor=*&mailto=cris-victoria@uta.cl
✗ Sebastián Peña-Troncoso: OpenAlex 429 en https://api.openalex.org/works?filter=author.id:A5058302191&per-page=200&select=id,title,publication_year,cited_by_count,fwci,citation_normalized_percentile,open_access,primary_location,primary_topic,authorships&cursor=*&mailto=cris-victoria@uta.cl
✗ Daniel Serey Araneda: OpenAlex 429 en https://api.openalex.org/works?filter=author.id:A5072764028&per-page=200&select=id,title,publication_year,cited_by_count,fwci,citation_normalized_percentile,open_access,primary_location,primary_topic,authorships&cursor=*&mailto=cris-victoria@uta.cl
✗ Pablo Vera-Villarroel: OpenAlex 429 en https://api.openalex.org/works?filter=author.id:A5062363319&per-page=200&select=id,title,publication_year,cited_by_count,fwci,citation_normalized_percentile,open_access,primary_location,primary_topic,authorships&cursor=*&mailto=cris-victoria@uta.cl
✗ Ester Villalonga-Olives: OpenAlex 429 en https://api.openalex.org/works?filter=author.id:A5061971829&per-page=200&select=id,title,publication_year,cited_by_count,fwci,citation_normalized_percentile,open_access,primary_location,primary_topic,authorships&cursor=*&mailto=cris-victoria@uta.cl
✗ Diego Atencio‐Quevedo: OpenAlex 429 en https://api.openalex.org/works?filter=author.id:A5016127040&per-page=200&select=id,title,publication_year,cited_by_count,fwci,citation_normalized_percentile,open_access,primary_location,primary_topic,authorships&cursor=*&mailto=cris-victoria@uta.cl
✗ Cristián Ramírez: OpenAlex 429 en https://api.openalex.org/works?filter=author.id:A5009486892&per-page=200&select=id,title,publication_year,cited_by_count,fwci,citation_normalized_percentile,open_access,primary_location,primary_topic,authorships&cursor=*&mailto=cris-victoria@uta.cl
✗ Marigen Narea: OpenAlex 429 en https://api.openalex.org/works?filter=author.id:A5058940314&per-page=200&select=id,title,publication_year,cited_by_count,fwci,citation_normalized_percentile,open_access,primary_location,primary_topic,authorships&cursor=*&mailto=cris-victoria@uta.cl
✗ Raúl Berríos: OpenAlex 429 en https://api.openalex.org/works?filter=author.id:A5075170717&per-page=200&select=id,title,publication_year,cited_by_count,fwci,citation_normalized_percentile,open_access,primary_location,primary_topic,authorships&cursor=*&mailto=cris-victoria@uta.cl
✗ Lorena Ortega: OpenAlex 429 en https://api.openalex.org/works?filter=author.id:A5066417990&per-page=200&select=id,title,publication_year,cited_by_count,fwci,citation_normalized_percentile,open_access,primary_location,primary_topic,authorships&cursor=*&mailto=cris-victoria@uta.cl
✗ Matías Montero: OpenAlex 429 en https://api.openalex.org/works?filter=author.id:A5081462905&per-page=200&select=id,title,publication_year,cited_by_count,fwci,citation_normalized_percentile,open_access,primary_location,primary_topic,authorships&cursor=*&mailto=cris-victoria@uta.cl
✗ Diego Palacios: OpenAlex 429 en https://api.openalex.org/works?filter=author.id:A5101679318&per-page=200&select=id,title,publication_year,cited_by_count,fwci,citation_normalized_percentile,open_access,primary_location,primary_topic,authorships&cursor=*&mailto=cris-victoria@uta.cl
✗ Benoît Castandet: OpenAlex 429 en https://api.openalex.org/works?filter=author.id:A5086854336&per-page=200&select=id,title,publication_year,cited_by_count,fwci,citation_normalized_percentile,open_access,primary_location,primary_topic,authorships&cursor=*&mailto=cris-victoria@uta.cl
✗ Michel Hernould: OpenAlex 429 en https://api.openalex.org/works?filter=author.id:A5047354897&per-page=200&select=id,title,publication_year,cited_by_count,fwci,citation_normalized_percentile,open_access,primary_location,primary_topic,authorships&cursor=*&mailto=cris-victoria@uta.cl
✗ Suharsono Suharsono: OpenAlex 429 en https://api.openalex.org/works?filter=author.id:A5110968981&per-page=200&select=id,title,publication_year,cited_by_count,fwci,citation_normalized_percentile,open_access,primary_location,primary_topic,authorships&cursor=*&mailto=cris-victoria@uta.cl
✗ Jean Franco Daponte: OpenAlex 429 en https://api.openalex.org/works?filter=author.id:A5007562666&per-page=200&select=id,title,publication_year,cited_by_count,fwci,citation_normalized_percentile,open_access,primary_location,primary_topic,authorships&cursor=*&mailto=cris-victoria@uta.cl
✗ Germán Morong Reyes: OpenAlex 429 en https://api.openalex.org/works?filter=author.id:A5081612327&per-page=200&select=id,title,publication_year,cited_by_count,fwci,citation_normalized_percentile,open_access,primary_location,primary_topic,authorships&cursor=*&mailto=cris-victoria@uta.cl
✗ Dáilet Fredes Collarte: OpenAlex 429 en https://api.openalex.org/works?filter=author.id:A5032100657&per-page=200&select=id,title,publication_year,cited_by_count,fwci,citation_normalized_percentile,open_access,primary_location,primary_topic,authorships&cursor=*&mailto=cris-victoria@uta.cl
✗ Macarena Bonhomme: OpenAlex 429 en https://api.openalex.org/works?filter=author.id:A5006966594&per-page=200&select=id,title,publication_year,cited_by_count,fwci,citation_normalized_percentile,open_access,primary_location,primary_topic,authorships&cursor=*&mailto=cris-victoria@uta.cl
✗ Aline Bravo: OpenAlex 429 en https://api.openalex.org/works?filter=author.id:A5020374941&per-page=200&select=id,title,publication_year,cited_by_count,fwci,citation_normalized_percentile,open_access,primary_location,primary_topic,authorships&cursor=*&mailto=cris-victoria@uta.cl
✗ Gustavo Macaya-Aguirre: OpenAlex 429 en https://api.openalex.org/works?filter=author.id:A5041463363&per-page=200&select=id,title,publication_year,cited_by_count,fwci,citation_normalized_percentile,open_access,primary_location,primary_topic,authorships&cursor=*&mailto=cris-victoria@uta.cl
✗ Báltica Cabieses: OpenAlex 429 en https://api.openalex.org/works?filter=author.id:A5073897584&per-page=200&select=id,title,publication_year,cited_by_count,fwci,citation_normalized_percentile,open_access,primary_location,primary_topic,authorships&cursor=*&mailto=cris-victoria@uta.cl
✗ Alice Blukacz: OpenAlex 429 en https://api.openalex.org/works?filter=author.id:A5060770884&per-page=200&select=id,title,publication_year,cited_by_count,fwci,citation_normalized_percentile,open_access,primary_location,primary_topic,authorships&cursor=*&mailto=cris-victoria@uta.cl
✗ Pablo Mardones: OpenAlex 429 en https://api.openalex.org/works?filter=author.id:A5043392602&per-page=200&select=id,title,publication_year,cited_by_count,fwci,citation_normalized_percentile,open_access,primary_location,primary_topic,authorships&cursor=*&mailto=cris-victoria@uta.cl
✗ Esteban Nazal: OpenAlex 429 en https://api.openalex.org/works?filter=author.id:A5044253570&per-page=200&select=id,title,publication_year,cited_by_count,fwci,citation_normalized_percentile,open_access,primary_location,primary_topic,authorships&cursor=*&mailto=cris-victoria@uta.cl
✗ Lina Magalhães: OpenAlex 429 en https://api.openalex.org/works?filter=author.id:A5074036131&per-page=200&select=id,title,publication_year,cited_by_count,fwci,citation_normalized_percentile,open_access,primary_location,primary_topic,authorships&cursor=*&mailto=cris-victoria@uta.cl
✗ Axel Hausmann: OpenAlex 429 en https://api.openalex.org/works?filter=author.id:A5046932440&per-page=200&select=id,title,publication_year,cited_by_count,fwci,citation_normalized_percentile,open_access,primary_location,primary_topic,authorships&cursor=*&mailto=cris-victoria@uta.cl
✗ Carlos O. Esquivel: OpenAlex 429 en https://api.openalex.org/works?filter=author.id:A5009118263&per-page=200&select=id,title,publication_year,cited_by_count,fwci,citation_normalized_percentile,open_access,primary_location,primary_topic,authorships&cursor=*&mailto=cris-victoria@uta.cl
✗ K.E. Giller: OpenAlex 429 en https://api.openalex.org/works?filter=author.id:A5077023973&per-page=200&select=id,title,publication_year,cited_by_count,fwci,citation_normalized_percentile,open_access,primary_location,primary_topic,authorships&cursor=*&mailto=cris-victoria@uta.cl
✗ Donald R. Davis: OpenAlex 429 en https://api.openalex.org/works?filter=author.id:A5047027778&per-page=200&select=id,title,publication_year,cited_by_count,fwci,citation_normalized_percentile,open_access,primary_location,primary_topic,authorships&cursor=*&mailto=cris-victoria@uta.cl
✗ Bernard Landry: OpenAlex 429 en https://api.openalex.org/works?filter=author.id:A5070997255&per-page=200&select=id,title,publication_year,cited_by_count,fwci,citation_normalized_percentile,open_access,primary_location,primary_topic,authorships&cursor=*&mailto=cris-victoria@uta.cl
✗ Pietro Pollo: OpenAlex 429 en https://api.openalex.org/works?filter=author.id:A5042690840&per-page=200&select=id,title,publication_year,cited_by_count,fwci,citation_normalized_percentile,open_access,primary_location,primary_topic,authorships&cursor=*&mailto=cris-victoria@uta.cl
✗ Galder Kortaberría: OpenAlex 429 en https://api.openalex.org/works?filter=author.id:A5071491074&per-page=200&select=id,title,publication_year,cited_by_count,fwci,citation_normalized_percentile,open_access,primary_location,primary_topic,authorships&cursor=*&mailto=cris-victoria@uta.cl
✗ Arantxa Eceiza: OpenAlex 429 en https://api.openalex.org/works?filter=author.id:A5016205715&per-page=200&select=id,title,publication_year,cited_by_count,fwci,citation_normalized_percentile,open_access,primary_location,primary_topic,authorships&cursor=*&mailto=cris-victoria@uta.cl
✗ Gino I. Montecinos: OpenAlex 429 en https://api.openalex.org/works?filter=author.id:A5048689317&per-page=200&select=id,title,publication_year,cited_by_count,fwci,citation_normalized_percentile,open_access,primary_location,primary_topic,authorships&cursor=*&mailto=cris-victoria@uta.cl
✗ Bok Jik Lee: OpenAlex 429 en https://api.openalex.org/works?filter=author.id:A5015944112&per-page=200&select=id,title,publication_year,cited_by_count,fwci,citation_normalized_percentile,open_access,primary_location,primary_topic,authorships&cursor=*&mailto=cris-victoria@uta.cl
✗ Walter Boscheri: OpenAlex 429 en https://api.openalex.org/works?filter=author.id:A5062552716&per-page=200&select=id,title,publication_year,cited_by_count,fwci,citation_normalized_percentile,open_access,primary_location,primary_topic,authorships&cursor=*&mailto=cris-victoria@uta.cl
✗ Maurizio Tavelli: OpenAlex 429 en https://api.openalex.org/works?filter=author.id:A5050274590&per-page=200&select=id,title,publication_year,cited_by_count,fwci,citation_normalized_percentile,open_access,primary_location,primary_topic,authorships&cursor=*&mailto=cris-victoria@uta.cl
✗ Nicole Beisiegel: OpenAlex 429 en https://api.openalex.org/works?filter=author.id:A5043096089&per-page=200&select=id,title,publication_year,cited_by_count,fwci,citation_normalized_percentile,open_access,primary_location,primary_topic,authorships&cursor=*&mailto=cris-victoria@uta.cl
✗ Angela Flores: OpenAlex 429 en https://api.openalex.org/works?filter=author.id:A5113557565&per-page=200&select=id,title,publication_year,cited_by_count,fwci,citation_normalized_percentile,open_access,primary_location,primary_topic,authorships&cursor=*&mailto=cris-victoria@uta.cl
✗ Soledad Burgos: OpenAlex 429 en https://api.openalex.org/works?filter=author.id:A5035181414&per-page=200&select=id,title,publication_year,cited_by_count,fwci,citation_normalized_percentile,open_access,primary_location,primary_topic,authorships&cursor=*&mailto=cris-victoria@uta.cl
✗ Dante Cáceres: OpenAlex 429 en https://api.openalex.org/works?filter=author.id:A5074917201&per-page=200&select=id,title,publication_year,cited_by_count,fwci,citation_normalized_percentile,open_access,primary_location,primary_topic,authorships&cursor=*&mailto=cris-victoria@uta.cl
✗ Verónica Iglesias: OpenAlex 429 en https://api.openalex.org/works?filter=author.id:A5088601256&per-page=200&select=id,title,publication_year,cited_by_count,fwci,citation_normalized_percentile,open_access,primary_location,primary_topic,authorships&cursor=*&mailto=cris-victoria@uta.cl
✗ Natalie Figueredo-Borda: OpenAlex 429 en https://api.openalex.org/works?filter=author.id:A5010574521&per-page=200&select=id,title,publication_year,cited_by_count,fwci,citation_normalized_percentile,open_access,primary_location,primary_topic,authorships&cursor=*&mailto=cris-victoria@uta.cl
✗ Mauricio Marín-Gutiérrez: OpenAlex 429 en https://api.openalex.org/works?filter=author.id:A5040191971&per-page=200&select=id,title,publication_year,cited_by_count,fwci,citation_normalized_percentile,open_access,primary_location,primary_topic,authorships&cursor=*&mailto=cris-victoria@uta.cl
✗ Cláudia Moura de Melo: OpenAlex 429 en https://api.openalex.org/works?filter=author.id:A5058732727&per-page=200&select=id,title,publication_year,cited_by_count,fwci,citation_normalized_percentile,open_access,primary_location,primary_topic,authorships&cursor=*&mailto=cris-victoria@uta.cl
✗ Maribel Vega-Arce: OpenAlex 429 en https://api.openalex.org/works?filter=author.id:A5079227450&per-page=200&select=id,title,publication_year,cited_by_count,fwci,citation_normalized_percentile,open_access,primary_location,primary_topic,authorships&cursor=*&mailto=cris-victoria@uta.cl
✗ Gonzalo Salas: OpenAlex 429 en https://api.openalex.org/works?filter=author.id:A5012377964&per-page=200&select=id,title,publication_year,cited_by_count,fwci,citation_normalized_percentile,open_access,primary_location,primary_topic,authorships&cursor=*&mailto=cris-victoria@uta.cl
✗ Gastón Núñez-Ulloa: OpenAlex 429 en https://api.openalex.org/works?filter=author.id:A5003995902&per-page=200&select=id,title,publication_year,cited_by_count,fwci,citation_normalized_percentile,open_access,primary_location,primary_topic,authorships&cursor=*&mailto=cris-victoria@uta.cl
✗ Manuel Serra: OpenAlex 429 en https://api.openalex.org/works?filter=author.id:A5021276516&per-page=200&select=id,title,publication_year,cited_by_count,fwci,citation_normalized_percentile,open_access,primary_location,primary_topic,authorships&cursor=*&mailto=cris-victoria@uta.cl
✗ Volker Wennrich: OpenAlex 429 en https://api.openalex.org/works?filter=author.id:A5086711128&per-page=200&select=id,title,publication_year,cited_by_count,fwci,citation_normalized_percentile,open_access,primary_location,primary_topic,authorships&cursor=*&mailto=cris-victoria@uta.cl
✗ Camila López‐Allendes: OpenAlex 429 en https://api.openalex.org/works?filter=author.id:A5037484759&per-page=200&select=id,title,publication_year,cited_by_count,fwci,citation_normalized_percentile,open_access,primary_location,primary_topic,authorships&cursor=*&mailto=cris-victoria@uta.cl
✗ Ignacio García: OpenAlex 429 en https://api.openalex.org/works?filter=author.id:A5101657055&per-page=200&select=id,title,publication_year,cited_by_count,fwci,citation_normalized_percentile,open_access,primary_location,primary_topic,authorships&cursor=*&mailto=cris-victoria@uta.cl
✗ Abraham Flores-Varas: OpenAlex 429 en https://api.openalex.org/works?filter=author.id:A5009374447&per-page=200&select=id,title,publication_year,cited_by_count,fwci,citation_normalized_percentile,open_access,primary_location,primary_topic,authorships&cursor=*&mailto=cris-victoria@uta.cl
✗ Joseline Tapia: OpenAlex 429 en https://api.openalex.org/works?filter=author.id:A5032168497&per-page=200&select=id,title,publication_year,cited_by_count,fwci,citation_normalized_percentile,open_access,primary_location,primary_topic,authorships&cursor=*&mailto=cris-victoria@uta.cl
✗ Coral Pardo-Esté: OpenAlex 429 en https://api.openalex.org/works?filter=author.id:A5061344799&per-page=200&select=id,title,publication_year,cited_by_count,fwci,citation_normalized_percentile,open_access,primary_location,primary_topic,authorships&cursor=*&mailto=cris-victoria@uta.cl
✗ Juan Castro‐Severyn: OpenAlex 429 en https://api.openalex.org/works?filter=author.id:A5001130803&per-page=200&select=id,title,publication_year,cited_by_count,fwci,citation_normalized_percentile,open_access,primary_location,primary_topic,authorships&cursor=*&mailto=cris-victoria@uta.cl
✗ Francisco Remonsellez: OpenAlex 429 en https://api.openalex.org/works?filter=author.id:A5088420682&per-page=200&select=id,title,publication_year,cited_by_count,fwci,citation_normalized_percentile,open_access,primary_location,primary_topic,authorships&cursor=*&mailto=cris-victoria@uta.cl
✗ Natalí Fernández: OpenAlex 429 en https://api.openalex.org/works?filter=author.id:A5026124276&per-page=200&select=id,title,publication_year,cited_by_count,fwci,citation_normalized_percentile,open_access,primary_location,primary_topic,authorships&cursor=*&mailto=cris-victoria@uta.cl
✗ Màrius Domínguez Amorós: OpenAlex 429 en https://api.openalex.org/works?filter=author.id:A5076951112&per-page=200&select=id,title,publication_year,cited_by_count,fwci,citation_normalized_percentile,open_access,primary_location,primary_topic,authorships&cursor=*&mailto=cris-victoria@uta.cl
✗ Sònia Parella Rubio: OpenAlex 429 en https://api.openalex.org/works?filter=author.id:A5049624681&per-page=200&select=id,title,publication_year,cited_by_count,fwci,citation_normalized_percentile,open_access,primary_location,primary_topic,authorships&cursor=*&mailto=cris-victoria@uta.cl
✗ Carolina Hernández: OpenAlex 429 en https://api.openalex.org/works?filter=author.id:A5061373671&per-page=200&select=id,title,publication_year,cited_by_count,fwci,citation_normalized_percentile,open_access,primary_location,primary_topic,authorships&cursor=*&mailto=cris-victoria@uta.cl
✗ Víctor Hidalgo: OpenAlex 429 en https://api.openalex.org/works?filter=author.id:A5010255564&per-page=200&select=id,title,publication_year,cited_by_count,fwci,citation_normalized_percentile,open_access,primary_location,primary_topic,authorships&cursor=*&mailto=cris-victoria@uta.cl
✗ Julieta Belmar Prieto: OpenAlex 429 en https://api.openalex.org/works?filter=author.id:A5017538163&per-page=200&select=id,title,publication_year,cited_by_count,fwci,citation_normalized_percentile,open_access,primary_location,primary_topic,authorships&cursor=*&mailto=cris-victoria@uta.cl
✗ Manuel Méndez: OpenAlex 429 en https://api.openalex.org/works?filter=author.id:A5010057185&per-page=200&select=id,title,publication_year,cited_by_count,fwci,citation_normalized_percentile,open_access,primary_location,primary_topic,authorships&cursor=*&mailto=cris-victoria@uta.cl
✗ Xurxo M. Ayán Vila: OpenAlex 429 en https://api.openalex.org/works?filter=author.id:A5086249634&per-page=200&select=id,title,publication_year,cited_by_count,fwci,citation_normalized_percentile,open_access,primary_location,primary_topic,authorships&cursor=*&mailto=cris-victoria@uta.cl
✗ Adriana Aránguiz‐Acuña: OpenAlex 429 en https://api.openalex.org/works?filter=author.id:A5059508486&per-page=200&select=id,title,publication_year,cited_by_count,fwci,citation_normalized_percentile,open_access,primary_location,primary_topic,authorships&cursor=*&mailto=cris-victoria@uta.cl
✗ Rodrigo Loyola: OpenAlex 429 en https://api.openalex.org/works?filter=author.id:A5055891086&per-page=200&select=id,title,publication_year,cited_by_count,fwci,citation_normalized_percentile,open_access,primary_location,primary_topic,authorships&cursor=*&mailto=cris-victoria@uta.cl
✗ Valentina Figueroa: OpenAlex 429 en https://api.openalex.org/works?filter=author.id:A5018299940&per-page=200&select=id,title,publication_year,cited_by_count,fwci,citation_normalized_percentile,open_access,primary_location,primary_topic,authorships&cursor=*&mailto=cris-victoria@uta.cl
✗ Yasna Contreras: OpenAlex 429 en https://api.openalex.org/works?filter=author.id:A5076182606&per-page=200&select=id,title,publication_year,cited_by_count,fwci,citation_normalized_percentile,open_access,primary_location,primary_topic,authorships&cursor=*&mailto=cris-victoria@uta.cl
✗ Mileska Romero: OpenAlex 429 en https://api.openalex.org/works?filter=author.id:A5086660329&per-page=200&select=id,title,publication_year,cited_by_count,fwci,citation_normalized_percentile,open_access,primary_location,primary_topic,authorships&cursor=*&mailto=cris-victoria@uta.cl
✗ Sius-geng Salinas: OpenAlex 429 en https://api.openalex.org/works?filter=author.id:A5023788260&per-page=200&select=id,title,publication_year,cited_by_count,fwci,citation_normalized_percentile,open_access,primary_location,primary_topic,authorships&cursor=*&mailto=cris-victoria@uta.cl
✗ Karen Veloso: OpenAlex 429 en https://api.openalex.org/works?filter=author.id:A5083058507&per-page=200&select=id,title,publication_year,cited_by_count,fwci,citation_normalized_percentile,open_access,primary_location,primary_topic,authorships&cursor=*&mailto=cris-victoria@uta.cl
✗ Marioly Corona Ramírez: OpenAlex 429 en https://api.openalex.org/works?filter=author.id:A5009151059&per-page=200&select=id,title,publication_year,cited_by_count,fwci,citation_normalized_percentile,open_access,primary_location,primary_topic,authorships&cursor=*&mailto=cris-victoria@uta.cl
✗ Camila Álvarez Torres: OpenAlex 429 en https://api.openalex.org/works?filter=author.id:A5036320581&per-page=200&select=id,title,publication_year,cited_by_count,fwci,citation_normalized_percentile,open_access,primary_location,primary_topic,authorships&cursor=*&mailto=cris-victoria@uta.cl
✗ Lauren Carruth: OpenAlex 429 en https://api.openalex.org/works?filter=author.id:A5091741908&per-page=200&select=id,title,publication_year,cited_by_count,fwci,citation_normalized_percentile,open_access,primary_location,primary_topic,authorships&cursor=*&mailto=cris-victoria@uta.cl
✗ Carlos Ruiz Martínez: OpenAlex 429 en https://api.openalex.org/works?filter=author.id:A5080319387&per-page=200&select=id,title,publication_year,cited_by_count,fwci,citation_normalized_percentile,open_access,primary_location,primary_topic,authorships&cursor=*&mailto=cris-victoria@uta.cl
✗ Lahra Smith: OpenAlex 429 en https://api.openalex.org/works?filter=author.id:A5028678979&per-page=200&select=id,title,publication_year,cited_by_count,fwci,citation_normalized_percentile,open_access,primary_location,primary_topic,authorships&cursor=*&mailto=cris-victoria@uta.cl
✗ Katharine M. Donato: OpenAlex 429 en https://api.openalex.org/works?filter=author.id:A5065491498&per-page=200&select=id,title,publication_year,cited_by_count,fwci,citation_normalized_percentile,open_access,primary_location,primary_topic,authorships&cursor=*&mailto=cris-victoria@uta.cl
✗ Michael Harvey: OpenAlex 429 en https://api.openalex.org/works?filter=author.id:A5059760091&per-page=200&select=id,title,publication_year,cited_by_count,fwci,citation_normalized_percentile,open_access,primary_location,primary_topic,authorships&cursor=*&mailto=cris-victoria@uta.cl
✗ Michelle Morse: OpenAlex 429 en https://api.openalex.org/works?filter=author.id:A5088209504&per-page=200&select=id,title,publication_year,cited_by_count,fwci,citation_normalized_percentile,open_access,primary_location,primary_topic,authorships&cursor=*&mailto=cris-victoria@uta.cl
✗ Joel Ferrall: OpenAlex 429 en https://api.openalex.org/works?filter=author.id:A5089797255&per-page=200&select=id,title,publication_year,cited_by_count,fwci,citation_normalized_percentile,open_access,primary_location,primary_topic,authorships&cursor=*&mailto=cris-victoria@uta.cl
✗ Kavya Nambiar: OpenAlex 429 en https://api.openalex.org/works?filter=author.id:A5064735320&per-page=200&select=id,title,publication_year,cited_by_count,fwci,citation_normalized_percentile,open_access,primary_location,primary_topic,authorships&cursor=*&mailto=cris-victoria@uta.cl
✗ Ángel Martínez Hernáez: OpenAlex 429 en https://api.openalex.org/works?filter=author.id:A5090222708&per-page=200&select=id,title,publication_year,cited_by_count,fwci,citation_normalized_percentile,open_access,primary_location,primary_topic,authorships&cursor=*&mailto=cris-victoria@uta.cl
✗ Alan Rodríguez Valdivia: OpenAlex 429 en https://api.openalex.org/works?filter=author.id:A5017975493&per-page=200&select=id,title,publication_year,cited_by_count,fwci,citation_normalized_percentile,open_access,primary_location,primary_topic,authorships&cursor=*&mailto=cris-victoria@uta.cl
✗ Stella Juste: OpenAlex 429 en https://api.openalex.org/works?filter=author.id:A5044119060&per-page=200&select=id,title,publication_year,cited_by_count,fwci,citation_normalized_percentile,open_access,primary_location,primary_topic,authorships&cursor=*&mailto=cris-victoria@uta.cl
✗ Sergio González Miranda: OpenAlex 429 en https://api.openalex.org/works?filter=author.id:A5029309979&per-page=200&select=id,title,publication_year,cited_by_count,fwci,citation_normalized_percentile,open_access,primary_location,primary_topic,authorships&cursor=*&mailto=cris-victoria@uta.cl
✗ Mariano Álvarez: OpenAlex 429 en https://api.openalex.org/works?filter=author.id:A5086999976&per-page=200&select=id,title,publication_year,cited_by_count,fwci,citation_normalized_percentile,open_access,primary_location,primary_topic,authorships&cursor=*&mailto=cris-victoria@uta.cl
✗ José Luis Gálvez-Nieto: OpenAlex 429 en https://api.openalex.org/works?filter=author.id:A5043262349&per-page=200&select=id,title,publication_year,cited_by_count,fwci,citation_normalized_percentile,open_access,primary_location,primary_topic,authorships&cursor=*&mailto=cris-victoria@uta.cl
✗ Héctor Mora Nawrath: OpenAlex 429 en https://api.openalex.org/works?filter=author.id:A5088773680&per-page=200&select=id,title,publication_year,cited_by_count,fwci,citation_normalized_percentile,open_access,primary_location,primary_topic,authorships&cursor=*&mailto=cris-victoria@uta.cl
✗ Pedro R. Gil‐Monte: OpenAlex 429 en https://api.openalex.org/works?filter=author.id:A5043886790&per-page=200&select=id,title,publication_year,cited_by_count,fwci,citation_normalized_percentile,open_access,primary_location,primary_topic,authorships&cursor=*&mailto=cris-victoria@uta.cl
✗ Hugo Figueiredo‐Ferraz: OpenAlex 429 en https://api.openalex.org/works?filter=author.id:A5058063488&per-page=200&select=id,title,publication_year,cited_by_count,fwci,citation_normalized_percentile,open_access,primary_location,primary_topic,authorships&cursor=*&mailto=cris-victoria@uta.cl
✗ Jenniffer Peralta Montecinos: OpenAlex 429 en https://api.openalex.org/works?filter=author.id:A5091033645&per-page=200&select=id,title,publication_year,cited_by_count,fwci,citation_normalized_percentile,open_access,primary_location,primary_topic,authorships&cursor=*&mailto=cris-victoria@uta.cl
✗ Exequiel Mallea-Zepeda: OpenAlex 429 en https://api.openalex.org/works?filter=author.id:A5071792510&per-page=200&select=id,title,publication_year,cited_by_count,fwci,citation_normalized_percentile,open_access,primary_location,primary_topic,authorships&cursor=*&mailto=cris-victoria@uta.cl
✗ Álvaro Cortínez Pontoni: OpenAlex 429 en https://api.openalex.org/works?filter=author.id:A5055807750&per-page=200&select=id,title,publication_year,cited_by_count,fwci,citation_normalized_percentile,open_access,primary_location,primary_topic,authorships&cursor=*&mailto=cris-victoria@uta.cl
✗ Ximena Badilla-Torrico: OpenAlex 429 en https://api.openalex.org/works?filter=author.id:A5072382484&per-page=200&select=id,title,publication_year,cited_by_count,fwci,citation_normalized_percentile,open_access,primary_location,primary_topic,authorships&cursor=*&mailto=cris-victoria@uta.cl
✗ Roberto Jimenez Ramirez: OpenAlex 429 en https://api.openalex.org/works?filter=author.id:A5056502303&per-page=200&select=id,title,publication_year,cited_by_count,fwci,citation_normalized_percentile,open_access,primary_location,primary_topic,authorships&cursor=*&mailto=cris-victoria@uta.cl
✗ Andrés Araujo de la Mata: OpenAlex 429 en https://api.openalex.org/works?filter=author.id:A5101577246&per-page=200&select=id,title,publication_year,cited_by_count,fwci,citation_normalized_percentile,open_access,primary_location,primary_topic,authorships&cursor=*&mailto=cris-victoria@uta.cl
✗ Bernardo Lara: OpenAlex 429 en https://api.openalex.org/works?filter=author.id:A5012553736&per-page=200&select=id,title,publication_year,cited_by_count,fwci,citation_normalized_percentile,open_access,primary_location,primary_topic,authorships&cursor=*&mailto=cris-victoria@uta.cl
✗ Gabriel Peñaloza-Díaz: OpenAlex 429 en https://api.openalex.org/works?filter=author.id:A5093363170&per-page=200&select=id,title,publication_year,cited_by_count,fwci,citation_normalized_percentile,open_access,primary_location,primary_topic,authorships&cursor=*&mailto=cris-victoria@uta.cl
✗ Juan Miguel Díaz Rodríguez: OpenAlex 429 en https://api.openalex.org/works?filter=author.id:A5102976502&per-page=200&select=id,title,publication_year,cited_by_count,fwci,citation_normalized_percentile,open_access,primary_location,primary_topic,authorships&cursor=*&mailto=cris-victoria@uta.cl
✗ Danay Ahumada: OpenAlex 429 en https://api.openalex.org/works?filter=author.id:A5071241629&per-page=200&select=id,title,publication_year,cited_by_count,fwci,citation_normalized_percentile,open_access,primary_location,primary_topic,authorships&cursor=*&mailto=cris-victoria@uta.cl
✗ Astrid Caichac H: OpenAlex 429 en https://api.openalex.org/works?filter=author.id:A5073580309&per-page=200&select=id,title,publication_year,cited_by_count,fwci,citation_normalized_percentile,open_access,primary_location,primary_topic,authorships&cursor=*&mailto=cris-victoria@uta.cl
✗ Pía Villarroel: OpenAlex 429 en https://api.openalex.org/works?filter=author.id:A5009133201&per-page=200&select=id,title,publication_year,cited_by_count,fwci,citation_normalized_percentile,open_access,primary_location,primary_topic,authorships&cursor=*&mailto=cris-victoria@uta.cl
✗ Viviana Pacheco: OpenAlex 429 en https://api.openalex.org/works?filter=author.id:A5054512584&per-page=200&select=id,title,publication_year,cited_by_count,fwci,citation_normalized_percentile,open_access,primary_location,primary_topic,authorships&cursor=*&mailto=cris-victoria@uta.cl
✗ Paola Aravena: OpenAlex 429 en https://api.openalex.org/works?filter=author.id:A5062217531&per-page=200&select=id,title,publication_year,cited_by_count,fwci,citation_normalized_percentile,open_access,primary_location,primary_topic,authorships&cursor=*&mailto=cris-victoria@uta.cl
✗ Claudia Encina Vega: OpenAlex 429 en https://api.openalex.org/works?filter=author.id:A5036239924&per-page=200&select=id,title,publication_year,cited_by_count,fwci,citation_normalized_percentile,open_access,primary_location,primary_topic,authorships&cursor=*&mailto=cris-victoria@uta.cl
✗ Patricio Oliva Mella: OpenAlex 429 en https://api.openalex.org/works?filter=author.id:A5071077809&per-page=200&select=id,title,publication_year,cited_by_count,fwci,citation_normalized_percentile,open_access,primary_location,primary_topic,authorships&cursor=*&mailto=cris-victoria@uta.cl
✗ Paola Muzatto-Negrón: OpenAlex 429 en https://api.openalex.org/works?filter=author.id:A5021919886&per-page=200&select=id,title,publication_year,cited_by_count,fwci,citation_normalized_percentile,open_access,primary_location,primary_topic,authorships&cursor=*&mailto=cris-victoria@uta.cl
✗ Patricia Huerta Riveros: OpenAlex 429 en https://api.openalex.org/works?filter=author.id:A5010226290&per-page=200&select=id,title,publication_year,cited_by_count,fwci,citation_normalized_percentile,open_access,primary_location,primary_topic,authorships&cursor=*&mailto=cris-victoria@uta.cl
✗ Wengang Ao: OpenAlex 429 en https://api.openalex.org/works?filter=author.id:A5026198314&per-page=200&select=id,title,publication_year,cited_by_count,fwci,citation_normalized_percentile,open_access,primary_location,primary_topic,authorships&cursor=*&mailto=cris-victoria@uta.cl
✗ Rafael E. Vásquez: OpenAlex 429 en https://api.openalex.org/works?filter=author.id:A5008755275&per-page=200&select=id,title,publication_year,cited_by_count,fwci,citation_normalized_percentile,open_access,primary_location,primary_topic,authorships&cursor=*&mailto=cris-victoria@uta.cl
✗ Daniel San Martín: OpenAlex 429 en https://api.openalex.org/works?filter=author.id:A5030334763&per-page=200&select=id,title,publication_year,cited_by_count,fwci,citation_normalized_percentile,open_access,primary_location,primary_topic,authorships&cursor=*&mailto=cris-victoria@uta.cl
✗ Germain Pastén: OpenAlex 429 en https://api.openalex.org/works?filter=author.id:A5009885323&per-page=200&select=id,title,publication_year,cited_by_count,fwci,citation_normalized_percentile,open_access,primary_location,primary_topic,authorships&cursor=*&mailto=cris-victoria@uta.cl
✗ Jésica Pantáz: OpenAlex 429 en https://api.openalex.org/works?filter=author.id:A5091054152&per-page=200&select=id,title,publication_year,cited_by_count,fwci,citation_normalized_percentile,open_access,primary_location,primary_topic,authorships&cursor=*&mailto=cris-victoria@uta.cl
✗ Cristina Manzaneda: OpenAlex 429 en https://api.openalex.org/works?filter=author.id:A5046756513&per-page=200&select=id,title,publication_year,cited_by_count,fwci,citation_normalized_percentile,open_access,primary_location,primary_topic,authorships&cursor=*&mailto=cris-victoria@uta.cl
✗ César A. Cisneros Puebla: OpenAlex 429 en https://api.openalex.org/works?filter=author.id:A5014835250&per-page=200&select=id,title,publication_year,cited_by_count,fwci,citation_normalized_percentile,open_access,primary_location,primary_topic,authorships&cursor=*&mailto=cris-victoria@uta.cl
✗ Juan P. Muñoz: OpenAlex 429 en https://api.openalex.org/works?filter=author.id:A5101754856&per-page=200&select=id,title,publication_year,cited_by_count,fwci,citation_normalized_percentile,open_access,primary_location,primary_topic,authorships&cursor=*&mailto=cris-victoria@uta.cl
✗ Jorge Cortés‐Miranda: OpenAlex 429 en https://api.openalex.org/works?filter=author.id:A5061919935&per-page=200&select=id,title,publication_year,cited_by_count,fwci,citation_normalized_percentile,open_access,primary_location,primary_topic,authorships&cursor=*&mailto=cris-victoria@uta.cl
✗ Caren Vega‐Retter: OpenAlex 429 en https://api.openalex.org/works?filter=author.id:A5019078905&per-page=200&select=id,title,publication_year,cited_by_count,fwci,citation_normalized_percentile,open_access,primary_location,primary_topic,authorships&cursor=*&mailto=cris-victoria@uta.cl
✗ Marcial Quiroga‐Carmona: OpenAlex 429 en https://api.openalex.org/works?filter=author.id:A5018377646&per-page=200&select=id,title,publication_year,cited_by_count,fwci,citation_normalized_percentile,open_access,primary_location,primary_topic,authorships&cursor=*&mailto=cris-victoria@uta.cl
✗ Guillermo D’Elía: OpenAlex 429 en https://api.openalex.org/works?filter=author.id:A5069259511&per-page=200&select=id,title,publication_year,cited_by_count,fwci,citation_normalized_percentile,open_access,primary_location,primary_topic,authorships&cursor=*&mailto=cris-victoria@uta.cl
✗ Jay F. Storz: OpenAlex 429 en https://api.openalex.org/works?filter=author.id:A5026872382&per-page=200&select=id,title,publication_year,cited_by_count,fwci,citation_normalized_percentile,open_access,primary_location,primary_topic,authorships&cursor=*&mailto=cris-victoria@uta.cl
✗ Isabella Meneghel: OpenAlex 429 en https://api.openalex.org/works?filter=author.id:A5026694134&per-page=200&select=id,title,publication_year,cited_by_count,fwci,citation_normalized_percentile,open_access,primary_location,primary_topic,authorships&cursor=*&mailto=cris-victoria@uta.cl
✗ Carolyn M. Youssef‐Morgan: OpenAlex 429 en https://api.openalex.org/works?filter=author.id:A5000331319&per-page=200&select=id,title,publication_year,cited_by_count,fwci,citation_normalized_percentile,open_access,primary_location,primary_topic,authorships&cursor=*&mailto=cris-victoria@uta.cl
✗ Alfonso R. Zerwekh: OpenAlex 429 en https://api.openalex.org/works?filter=author.id:A5009557970&per-page=200&select=id,title,publication_year,cited_by_count,fwci,citation_normalized_percentile,open_access,primary_location,primary_topic,authorships&cursor=*&mailto=cris-victoria@uta.cl
✗ Carolina Arbeláez: OpenAlex 429 en https://api.openalex.org/works?filter=author.id:A5089712827&per-page=200&select=id,title,publication_year,cited_by_count,fwci,citation_normalized_percentile,open_access,primary_location,primary_topic,authorships&cursor=*&mailto=cris-victoria@uta.cl
✗ Diego Restrepo: OpenAlex 429 en https://api.openalex.org/works?filter=author.id:A5049648126&per-page=200&select=id,title,publication_year,cited_by_count,fwci,citation_normalized_percentile,open_access,primary_location,primary_topic,authorships&cursor=*&mailto=cris-victoria@uta.cl
✗ E. Bertholet: OpenAlex 429 en https://api.openalex.org/works?filter=author.id:A5101572655&per-page=200&select=id,title,publication_year,cited_by_count,fwci,citation_normalized_percentile,open_access,primary_location,primary_topic,authorships&cursor=*&mailto=cris-victoria@uta.cl
✗ Camila Jara Ibarra: OpenAlex 429 en https://api.openalex.org/works?filter=author.id:A5044537124&per-page=200&select=id,title,publication_year,cited_by_count,fwci,citation_normalized_percentile,open_access,primary_location,primary_topic,authorships&cursor=*&mailto=cris-victoria@uta.cl
✗ Sebastián Márquez: OpenAlex 429 en https://api.openalex.org/works?filter=author.id:A5007044155&per-page=200&select=id,title,publication_year,cited_by_count,fwci,citation_normalized_percentile,open_access,primary_location,primary_topic,authorships&cursor=*&mailto=cris-victoria@uta.cl
✗ Patricio A. Flores: OpenAlex 429 en https://api.openalex.org/works?filter=author.id:A5061131869&per-page=200&select=id,title,publication_year,cited_by_count,fwci,citation_normalized_percentile,open_access,primary_location,primary_topic,authorships&cursor=*&mailto=cris-victoria@uta.cl
✗ Luis Bustos: OpenAlex 429 en https://api.openalex.org/works?filter=author.id:A5028763120&per-page=200&select=id,title,publication_year,cited_by_count,fwci,citation_normalized_percentile,open_access,primary_location,primary_topic,authorships&cursor=*&mailto=cris-victoria@uta.cl
✗ Maximiliano Martínez‐Cifuentes: OpenAlex 429 en https://api.openalex.org/works?filter=author.id:A5073105723&per-page=200&select=id,title,publication_year,cited_by_count,fwci,citation_normalized_percentile,open_access,primary_location,primary_topic,authorships&cursor=*&mailto=cris-victoria@uta.cl
✗ Germán Sepúlveda-Chavera: OpenAlex 429 en https://api.openalex.org/works?filter=author.id:A5088985596&per-page=200&select=id,title,publication_year,cited_by_count,fwci,citation_normalized_percentile,open_access,primary_location,primary_topic,authorships&cursor=*&mailto=cris-victoria@uta.cl
✗ German Zapata‐Hernández: OpenAlex 429 en https://api.openalex.org/works?filter=author.id:A5058023492&per-page=200&select=id,title,publication_year,cited_by_count,fwci,citation_normalized_percentile,open_access,primary_location,primary_topic,authorships&cursor=*&mailto=cris-victoria@uta.cl
✗ Martina Gajardo‐Rojas: OpenAlex 429 en https://api.openalex.org/works?filter=author.id:A5045351913&per-page=200&select=id,title,publication_year,cited_by_count,fwci,citation_normalized_percentile,open_access,primary_location,primary_topic,authorships&cursor=*&mailto=cris-victoria@uta.cl
✗ Ariel A. Muñoz: OpenAlex 429 en https://api.openalex.org/works?filter=author.id:A5036297008&per-page=200&select=id,title,publication_year,cited_by_count,fwci,citation_normalized_percentile,open_access,primary_location,primary_topic,authorships&cursor=*&mailto=cris-victoria@uta.cl
✗ Karen Yáñez: OpenAlex 429 en https://api.openalex.org/works?filter=author.id:A5088519441&per-page=200&select=id,title,publication_year,cited_by_count,fwci,citation_normalized_percentile,open_access,primary_location,primary_topic,authorships&cursor=*&mailto=cris-victoria@uta.cl
✗ Md Rishad Ahmed: OpenAlex 429 en https://api.openalex.org/works?filter=author.id:A5025842378&per-page=200&select=id,title,publication_year,cited_by_count,fwci,citation_normalized_percentile,open_access,primary_location,primary_topic,authorships&cursor=*&mailto=cris-victoria@uta.cl
✗ Patrick Wheeler: OpenAlex 429 en https://api.openalex.org/works?filter=author.id:A5008269852&per-page=200&select=id,title,publication_year,cited_by_count,fwci,citation_normalized_percentile,open_access,primary_location,primary_topic,authorships&cursor=*&mailto=cris-victoria@uta.cl
✗ Marcel Reis Queiroz: OpenAlex 429 en https://api.openalex.org/works?filter=author.id:A5066979041&per-page=200&select=id,title,publication_year,cited_by_count,fwci,citation_normalized_percentile,open_access,primary_location,primary_topic,authorships&cursor=*&mailto=cris-victoria@uta.cl
✗ Maria Elizângela Ramos Junqueira: OpenAlex 429 en https://api.openalex.org/works?filter=author.id:A5068116489&per-page=200&select=id,title,publication_year,cited_by_count,fwci,citation_normalized_percentile,open_access,primary_location,primary_topic,authorships&cursor=*&mailto=cris-victoria@uta.cl
✗ Carmen Simone Grilo Diniz: OpenAlex 429 en https://api.openalex.org/works?filter=author.id:A5000249559&per-page=200&select=id,title,publication_year,cited_by_count,fwci,citation_normalized_percentile,open_access,primary_location,primary_topic,authorships&cursor=*&mailto=cris-victoria@uta.cl
✗ Yair Zárate: OpenAlex 429 en https://api.openalex.org/works?filter=author.id:A5056011520&per-page=200&select=id,title,publication_year,cited_by_count,fwci,citation_normalized_percentile,open_access,primary_location,primary_topic,authorships&cursor=*&mailto=cris-victoria@uta.cl
✗ Yogesh N. Joglekar: OpenAlex 429 en https://api.openalex.org/works?filter=author.id:A5089580200&per-page=200&select=id,title,publication_year,cited_by_count,fwci,citation_normalized_percentile,open_access,primary_location,primary_topic,authorships&cursor=*&mailto=cris-victoria@uta.cl
✗ René G. Rojas: OpenAlex 429 en https://api.openalex.org/works?filter=author.id:A5108003648&per-page=200&select=id,title,publication_year,cited_by_count,fwci,citation_normalized_percentile,open_access,primary_location,primary_topic,authorships&cursor=*&mailto=cris-victoria@uta.cl
✗ Celia Galve-González: OpenAlex 429 en https://api.openalex.org/works?filter=author.id:A5011396283&per-page=200&select=id,title,publication_year,cited_by_count,fwci,citation_normalized_percentile,open_access,primary_location,primary_topic,authorships&cursor=*&mailto=cris-victoria@uta.cl
✗ Gabriela Flores-Oyarzo: OpenAlex 429 en https://api.openalex.org/works?filter=author.id:A5080409266&per-page=200&select=id,title,publication_year,cited_by_count,fwci,citation_normalized_percentile,open_access,primary_location,primary_topic,authorships&cursor=*&mailto=cris-victoria@uta.cl
✗ Raquel Gómez-Frías: OpenAlex 429 en https://api.openalex.org/works?filter=author.id:A5065335372&per-page=200&select=id,title,publication_year,cited_by_count,fwci,citation_normalized_percentile,open_access,primary_location,primary_topic,authorships&cursor=*&mailto=cris-victoria@uta.cl
✗ Leynin Caamaño-Rocha: OpenAlex 429 en https://api.openalex.org/works?filter=author.id:A5026500794&per-page=200&select=id,title,publication_year,cited_by_count,fwci,citation_normalized_percentile,open_access,primary_location,primary_topic,authorships&cursor=*&mailto=cris-victoria@uta.cl
✗ Laura Badenes‐Ribera: OpenAlex 429 en https://api.openalex.org/works?filter=author.id:A5028642113&per-page=200&select=id,title,publication_year,cited_by_count,fwci,citation_normalized_percentile,open_access,primary_location,primary_topic,authorships&cursor=*&mailto=cris-victoria@uta.cl
✗ Daniela Bolívar: OpenAlex 429 en https://api.openalex.org/works?filter=author.id:A5088788443&per-page=200&select=id,title,publication_year,cited_by_count,fwci,citation_normalized_percentile,open_access,primary_location,primary_topic,authorships&cursor=*&mailto=cris-victoria@uta.cl
✗ José Ventura‐León: OpenAlex 429 en https://api.openalex.org/works?filter=author.id:A5019027988&per-page=200&select=id,title,publication_year,cited_by_count,fwci,citation_normalized_percentile,open_access,primary_location,primary_topic,authorships&cursor=*&mailto=cris-victoria@uta.cl
✗ Miguel Barboza-Palomino: OpenAlex 429 en https://api.openalex.org/works?filter=author.id:A5018226571&per-page=200&select=id,title,publication_year,cited_by_count,fwci,citation_normalized_percentile,open_access,primary_location,primary_topic,authorships&cursor=*&mailto=cris-victoria@uta.cl
✗ Carla Vidal Figueroa: OpenAlex 429 en https://api.openalex.org/works?filter=author.id:A5009040719&per-page=200&select=id,title,publication_year,cited_by_count,fwci,citation_normalized_percentile,open_access,primary_location,primary_topic,authorships&cursor=*&mailto=cris-victoria@uta.cl
✗ María Olaya Grau Rengifo: OpenAlex 429 en https://api.openalex.org/works?filter=author.id:A5001286231&per-page=200&select=id,title,publication_year,cited_by_count,fwci,citation_normalized_percentile,open_access,primary_location,primary_topic,authorships&cursor=*&mailto=cris-victoria@uta.cl
✗ Ana Luisa Muñoz‐García: OpenAlex 429 en https://api.openalex.org/works?filter=author.id:A5027079633&per-page=200&select=id,title,publication_year,cited_by_count,fwci,citation_normalized_percentile,open_access,primary_location,primary_topic,authorships&cursor=*&mailto=cris-victoria@uta.cl
✗ Jhuliane Evelyn da Silva: OpenAlex 429 en https://api.openalex.org/works?filter=author.id:A5074857297&per-page=200&select=id,title,publication_year,cited_by_count,fwci,citation_normalized_percentile,open_access,primary_location,primary_topic,authorships&cursor=*&mailto=cris-victoria@uta.cl
✗ Juliana Zeggio Martinez: OpenAlex 429 en https://api.openalex.org/works?filter=author.id:A5088341028&per-page=200&select=id,title,publication_year,cited_by_count,fwci,citation_normalized_percentile,open_access,primary_location,primary_topic,authorships&cursor=*&mailto=cris-victoria@uta.cl
✗ Le Hai Yen: OpenAlex 429 en https://api.openalex.org/works?filter=author.id:A5034553228&per-page=200&select=id,title,publication_year,cited_by_count,fwci,citation_normalized_percentile,open_access,primary_location,primary_topic,authorships&cursor=*&mailto=cris-victoria@uta.cl
✗ Fabián Flores-Bazán: OpenAlex 429 en https://api.openalex.org/works?filter=author.id:A5073555271&per-page=200&select=id,title,publication_year,cited_by_count,fwci,citation_normalized_percentile,open_access,primary_location,primary_topic,authorships&cursor=*&mailto=cris-victoria@uta.cl
✗ Phan Tu Vuong: OpenAlex 429 en https://api.openalex.org/works?filter=author.id:A5056072889&per-page=200&select=id,title,publication_year,cited_by_count,fwci,citation_normalized_percentile,open_access,primary_location,primary_topic,authorships&cursor=*&mailto=cris-victoria@uta.cl
✗ Tran Van Nghi: OpenAlex 429 en https://api.openalex.org/works?filter=author.id:A5048386712&per-page=200&select=id,title,publication_year,cited_by_count,fwci,citation_normalized_percentile,open_access,primary_location,primary_topic,authorships&cursor=*&mailto=cris-victoria@uta.cl
✗ Robert F. Houser: OpenAlex 429 en https://api.openalex.org/works?filter=author.id:A5039218820&per-page=200&select=id,title,publication_year,cited_by_count,fwci,citation_normalized_percentile,open_access,primary_location,primary_topic,authorships&cursor=*&mailto=cris-victoria@uta.cl
✗ Nashely Yuvitza Lizarme Villcas: OpenAlex 429 en https://api.openalex.org/works?filter=author.id:A5040128313&per-page=200&select=id,title,publication_year,cited_by_count,fwci,citation_normalized_percentile,open_access,primary_location,primary_topic,authorships&cursor=*&mailto=cris-victoria@uta.cl
✗ José Manuel Carrasco: OpenAlex 429 en https://api.openalex.org/works?filter=author.id:A5020919039&per-page=200&select=id,title,publication_year,cited_by_count,fwci,citation_normalized_percentile,open_access,primary_location,primary_topic,authorships&cursor=*&mailto=cris-victoria@uta.cl
✗ Melissa Fuster: OpenAlex 429 en https://api.openalex.org/works?filter=author.id:A5025585836&per-page=200&select=id,title,publication_year,cited_by_count,fwci,citation_normalized_percentile,open_access,primary_location,primary_topic,authorships&cursor=*&mailto=cris-victoria@uta.cl
✗ María Gómez: OpenAlex 429 en https://api.openalex.org/works?filter=author.id:A5069814812&per-page=200&select=id,title,publication_year,cited_by_count,fwci,citation_normalized_percentile,open_access,primary_location,primary_topic,authorships&cursor=*&mailto=cris-victoria@uta.cl
✗ Camilo Wee: OpenAlex 429 en https://api.openalex.org/works?filter=author.id:A5002013253&per-page=200&select=id,title,publication_year,cited_by_count,fwci,citation_normalized_percentile,open_access,primary_location,primary_topic,authorships&cursor=*&mailto=cris-victoria@uta.cl
✗ Raf Vanderstraeten: OpenAlex 429 en https://api.openalex.org/works?filter=author.id:A5008545994&per-page=200&select=id,title,publication_year,cited_by_count,fwci,citation_normalized_percentile,open_access,primary_location,primary_topic,authorships&cursor=*&mailto=cris-victoria@uta.cl
✗ Julián Cortés: OpenAlex 429 en https://api.openalex.org/works?filter=author.id:A5101732163&per-page=200&select=id,title,publication_year,cited_by_count,fwci,citation_normalized_percentile,open_access,primary_location,primary_topic,authorships&cursor=*&mailto=cris-victoria@uta.cl
✗ Elizabeth H. Arredondo: OpenAlex 429 en https://api.openalex.org/works?filter=author.id:A5002801839&per-page=200&select=id,title,publication_year,cited_by_count,fwci,citation_normalized_percentile,open_access,primary_location,primary_topic,authorships&cursor=*&mailto=cris-victoria@uta.cl
✗ Miguel A. Benitez-Rathgeb: OpenAlex 429 en https://api.openalex.org/works?filter=author.id:A5069256729&per-page=200&select=id,title,publication_year,cited_by_count,fwci,citation_normalized_percentile,open_access,primary_location,primary_topic,authorships&cursor=*&mailto=cris-victoria@uta.cl
✗ Diogo Boito: OpenAlex 429 en https://api.openalex.org/works?filter=author.id:A5032205509&per-page=200&select=id,title,publication_year,cited_by_count,fwci,citation_normalized_percentile,open_access,primary_location,primary_topic,authorships&cursor=*&mailto=cris-victoria@uta.cl
✗ D. Britzger: OpenAlex 429 en https://api.openalex.org/works?filter=author.id:A5000091677&per-page=200&select=id,title,publication_year,cited_by_count,fwci,citation_normalized_percentile,open_access,primary_location,primary_topic,authorships&cursor=*&mailto=cris-victoria@uta.cl
✗ Daniela Ramírez-Carrasco: OpenAlex 429 en https://api.openalex.org/works?filter=author.id:A5090662985&per-page=200&select=id,title,publication_year,cited_by_count,fwci,citation_normalized_percentile,open_access,primary_location,primary_topic,authorships&cursor=*&mailto=cris-victoria@uta.cl
✗ Javier Escudero‐Pastén: OpenAlex 429 en https://api.openalex.org/works?filter=author.id:A5090797928&per-page=200&select=id,title,publication_year,cited_by_count,fwci,citation_normalized_percentile,open_access,primary_location,primary_topic,authorships&cursor=*&mailto=cris-victoria@uta.cl
✗ Juan A. Monsoriu: OpenAlex 429 en https://api.openalex.org/works?filter=author.id:A5077387454&per-page=200&select=id,title,publication_year,cited_by_count,fwci,citation_normalized_percentile,open_access,primary_location,primary_topic,authorships&cursor=*&mailto=cris-victoria@uta.cl
✗ José Luis Bucarey: OpenAlex 429 en https://api.openalex.org/works?filter=author.id:A5087371215&per-page=200&select=id,title,publication_year,cited_by_count,fwci,citation_normalized_percentile,open_access,primary_location,primary_topic,authorships&cursor=*&mailto=cris-victoria@uta.cl
✗ Peter Wänke: OpenAlex 429 en https://api.openalex.org/works?filter=author.id:A5047648051&per-page=200&select=id,title,publication_year,cited_by_count,fwci,citation_normalized_percentile,open_access,primary_location,primary_topic,authorships&cursor=*&mailto=cris-victoria@uta.cl
✗ Elisa Adriasola: OpenAlex 429 en https://api.openalex.org/works?filter=author.id:A5087936385&per-page=200&select=id,title,publication_year,cited_by_count,fwci,citation_normalized_percentile,open_access,primary_location,primary_topic,authorships&cursor=*&mailto=cris-victoria@uta.cl
✗ Hossein Komasi: OpenAlex 429 en https://api.openalex.org/works?filter=author.id:A5076742635&per-page=200&select=id,title,publication_year,cited_by_count,fwci,citation_normalized_percentile,open_access,primary_location,primary_topic,authorships&cursor=*&mailto=cris-victoria@uta.cl
✗ Cristián Candia: OpenAlex 429 en https://api.openalex.org/works?filter=author.id:A5075717967&per-page=200&select=id,title,publication_year,cited_by_count,fwci,citation_normalized_percentile,open_access,primary_location,primary_topic,authorships&cursor=*&mailto=cris-victoria@uta.cl
✗ Roberto Melipillán: OpenAlex 429 en https://api.openalex.org/works?filter=author.id:A5022541062&per-page=200&select=id,title,publication_year,cited_by_count,fwci,citation_normalized_percentile,open_access,primary_location,primary_topic,authorships&cursor=*&mailto=cris-victoria@uta.cl
✗ Garland Culbreth: OpenAlex 429 en https://api.openalex.org/works?filter=author.id:A5052826065&per-page=200&select=id,title,publication_year,cited_by_count,fwci,citation_normalized_percentile,open_access,primary_location,primary_topic,authorships&cursor=*&mailto=cris-victoria@uta.cl
✗ Paolo Allegrini: OpenAlex 429 en https://api.openalex.org/works?filter=author.id:A5088306376&per-page=200&select=id,title,publication_year,cited_by_count,fwci,citation_normalized_percentile,open_access,primary_location,primary_topic,authorships&cursor=*&mailto=cris-victoria@uta.cl
✗ Rohisha Tuladhar: OpenAlex 429 en https://api.openalex.org/works?filter=author.id:A5082931760&per-page=200&select=id,title,publication_year,cited_by_count,fwci,citation_normalized_percentile,open_access,primary_location,primary_topic,authorships&cursor=*&mailto=cris-victoria@uta.cl
✗ Gianluca Ascolani: OpenAlex 429 en https://api.openalex.org/works?filter=author.id:A5050211211&per-page=200&select=id,title,publication_year,cited_by_count,fwci,citation_normalized_percentile,open_access,primary_location,primary_topic,authorships&cursor=*&mailto=cris-victoria@uta.cl
✗ Alexandre Marcondes Quaglio: OpenAlex 429 en https://api.openalex.org/works?filter=author.id:A5061581812&per-page=200&select=id,title,publication_year,cited_by_count,fwci,citation_normalized_percentile,open_access,primary_location,primary_topic,authorships&cursor=*&mailto=cris-victoria@uta.cl
✗ Carolina Gois Falandes: OpenAlex 429 en https://api.openalex.org/works?filter=author.id:A5070298227&per-page=200&select=id,title,publication_year,cited_by_count,fwci,citation_normalized_percentile,open_access,primary_location,primary_topic,authorships&cursor=*&mailto=cris-victoria@uta.cl
✗ Pablo Concha: OpenAlex 429 en https://api.openalex.org/works?filter=author.id:A5102958342&per-page=200&select=id,title,publication_year,cited_by_count,fwci,citation_normalized_percentile,open_access,primary_location,primary_topic,authorships&cursor=*&mailto=cris-victoria@uta.cl
✗ Kelly M. Britt: OpenAlex 429 en https://api.openalex.org/works?filter=author.id:A5072219031&per-page=200&select=id,title,publication_year,cited_by_count,fwci,citation_normalized_percentile,open_access,primary_location,primary_topic,authorships&cursor=*&mailto=cris-victoria@uta.cl
✗ Margaret L. Brown: OpenAlex 429 en https://api.openalex.org/works?filter=author.id:A5056069754&per-page=200&select=id,title,publication_year,cited_by_count,fwci,citation_normalized_percentile,open_access,primary_location,primary_topic,authorships&cursor=*&mailto=cris-victoria@uta.cl
✗ Stacey Lynn Camp: OpenAlex 429 en https://api.openalex.org/works?filter=author.id:A5048703449&per-page=200&select=id,title,publication_year,cited_by_count,fwci,citation_normalized_percentile,open_access,primary_location,primary_topic,authorships&cursor=*&mailto=cris-victoria@uta.cl
✗ Manuel Fuentes: OpenAlex 429 en https://api.openalex.org/works?filter=author.id:A5079382067&per-page=200&select=id,title,publication_year,cited_by_count,fwci,citation_normalized_percentile,open_access,primary_location,primary_topic,authorships&cursor=*&mailto=cris-victoria@uta.cl
✗ H. Mancini: OpenAlex 429 en https://api.openalex.org/works?filter=author.id:A5073781544&per-page=200&select=id,title,publication_year,cited_by_count,fwci,citation_normalized_percentile,open_access,primary_location,primary_topic,authorships&cursor=*&mailto=cris-victoria@uta.cl
✗ Nicolas Valderrama Saez: OpenAlex 429 en https://api.openalex.org/works?filter=author.id:A5093747162&per-page=200&select=id,title,publication_year,cited_by_count,fwci,citation_normalized_percentile,open_access,primary_location,primary_topic,authorships&cursor=*&mailto=cris-victoria@uta.cl
✗ Giuseppe Gaetano Luciano: OpenAlex 429 en https://api.openalex.org/works?filter=author.id:A5079269998&per-page=200&select=id,title,publication_year,cited_by_count,fwci,citation_normalized_percentile,open_access,primary_location,primary_topic,authorships&cursor=*&mailto=cris-victoria@uta.cl
✗ Amare Abebe: OpenAlex 429 en https://api.openalex.org/works?filter=author.id:A5089304161&per-page=200&select=id,title,publication_year,cited_by_count,fwci,citation_normalized_percentile,open_access,primary_location,primary_topic,authorships&cursor=*&mailto=cris-victoria@uta.cl
✗ J. Socorro: OpenAlex 429 en https://api.openalex.org/works?filter=author.id:A5108121822&per-page=200&select=id,title,publication_year,cited_by_count,fwci,citation_normalized_percentile,open_access,primary_location,primary_topic,authorships&cursor=*&mailto=cris-victoria@uta.cl
✗ Bayron Micolta-Riascos: OpenAlex 429 en https://api.openalex.org/works?filter=author.id:A5066290888&per-page=200&select=id,title,publication_year,cited_by_count,fwci,citation_normalized_percentile,open_access,primary_location,primary_topic,authorships&cursor=*&mailto=cris-victoria@uta.cl
✗ Luis del Campo: OpenAlex 429 en https://api.openalex.org/works?filter=author.id:A5049029244&per-page=200&select=id,title,publication_year,cited_by_count,fwci,citation_normalized_percentile,open_access,primary_location,primary_topic,authorships&cursor=*&mailto=cris-victoria@uta.cl
✗ Judith S. Lederman: OpenAlex 429 en https://api.openalex.org/works?filter=author.id:A5027652028&per-page=200&select=id,title,publication_year,cited_by_count,fwci,citation_normalized_percentile,open_access,primary_location,primary_topic,authorships&cursor=*&mailto=cris-victoria@uta.cl
✗ Norman G. Lederman: OpenAlex 429 en https://api.openalex.org/works?filter=author.id:A5077800138&per-page=200&select=id,title,publication_year,cited_by_count,fwci,citation_normalized_percentile,open_access,primary_location,primary_topic,authorships&cursor=*&mailto=cris-victoria@uta.cl
✗ Mariana Aparecida Bologna Soares de Andrade: OpenAlex 429 en https://api.openalex.org/works?filter=author.id:A5087164452&per-page=200&select=id,title,publication_year,cited_by_count,fwci,citation_normalized_percentile,open_access,primary_location,primary_topic,authorships&cursor=*&mailto=cris-victoria@uta.cl
✗ Rosa Cardoso: OpenAlex 429 en https://api.openalex.org/works?filter=author.id:A5086610350&per-page=200&select=id,title,publication_year,cited_by_count,fwci,citation_normalized_percentile,open_access,primary_location,primary_topic,authorships&cursor=*&mailto=cris-victoria@uta.cl
✗ Pawat Chaipidech: OpenAlex 429 en https://api.openalex.org/works?filter=author.id:A5040810069&per-page=200&select=id,title,publication_year,cited_by_count,fwci,citation_normalized_percentile,open_access,primary_location,primary_topic,authorships&cursor=*&mailto=cris-victoria@uta.cl
✗ Özgür Kıvılcan Doğan: OpenAlex 429 en https://api.openalex.org/works?filter=author.id:A5017102790&per-page=200&select=id,title,publication_year,cited_by_count,fwci,citation_normalized_percentile,open_access,primary_location,primary_topic,authorships&cursor=*&mailto=cris-victoria@uta.cl
✗ Çiğdem Han-Tosunoğlu: OpenAlex 429 en https://api.openalex.org/works?filter=author.id:A5001839334&per-page=200&select=id,title,publication_year,cited_by_count,fwci,citation_normalized_percentile,open_access,primary_location,primary_topic,authorships&cursor=*&mailto=cris-victoria@uta.cl
✗ Gary M. Holliday: OpenAlex 429 en https://api.openalex.org/works?filter=author.id:A5017369713&per-page=200&select=id,title,publication_year,cited_by_count,fwci,citation_normalized_percentile,open_access,primary_location,primary_topic,authorships&cursor=*&mailto=cris-victoria@uta.cl
✗ Άννα Κουμαρά: OpenAlex 429 en https://api.openalex.org/works?filter=author.id:A5060756433&per-page=200&select=id,title,publication_year,cited_by_count,fwci,citation_normalized_percentile,open_access,primary_location,primary_topic,authorships&cursor=*&mailto=cris-victoria@uta.cl
✗ Jari Lavonen: OpenAlex 429 en https://api.openalex.org/works?filter=author.id:A5068084853&per-page=200&select=id,title,publication_year,cited_by_count,fwci,citation_normalized_percentile,open_access,primary_location,primary_topic,authorships&cursor=*&mailto=cris-victoria@uta.cl
✗ Mila Rosa Librea‐Carden: OpenAlex 429 en https://api.openalex.org/works?filter=author.id:A5033054884&per-page=200&select=id,title,publication_year,cited_by_count,fwci,citation_normalized_percentile,open_access,primary_location,primary_topic,authorships&cursor=*&mailto=cris-victoria@uta.cl
✗ Irene Neumann: OpenAlex 429 en https://api.openalex.org/works?filter=author.id:A5050557264&per-page=200&select=id,title,publication_year,cited_by_count,fwci,citation_normalized_percentile,open_access,primary_location,primary_topic,authorships&cursor=*&mailto=cris-victoria@uta.cl
✗ Mafor Penn: OpenAlex 429 en https://api.openalex.org/works?filter=author.id:A5004792664&per-page=200&select=id,title,publication_year,cited_by_count,fwci,citation_normalized_percentile,open_access,primary_location,primary_topic,authorships&cursor=*&mailto=cris-victoria@uta.cl
✗ Irene Garrigós: OpenAlex 429 en https://api.openalex.org/works?filter=author.id:A5024254761&per-page=200&select=id,title,publication_year,cited_by_count,fwci,citation_normalized_percentile,open_access,primary_location,primary_topic,authorships&cursor=*&mailto=cris-victoria@uta.cl
✗ Jorge Hochstetter: OpenAlex 429 en https://api.openalex.org/works?filter=author.id:A5057746158&per-page=200&select=id,title,publication_year,cited_by_count,fwci,citation_normalized_percentile,open_access,primary_location,primary_topic,authorships&cursor=*&mailto=cris-victoria@uta.cl
✗ Jaime Díaz: OpenAlex 429 en https://api.openalex.org/works?filter=author.id:A5005030880&per-page=200&select=id,title,publication_year,cited_by_count,fwci,citation_normalized_percentile,open_access,primary_location,primary_topic,authorships&cursor=*&mailto=cris-victoria@uta.cl
✗ Ania Cravero: OpenAlex 429 en https://api.openalex.org/works?filter=author.id:A5033455573&per-page=200&select=id,title,publication_year,cited_by_count,fwci,citation_normalized_percentile,open_access,primary_location,primary_topic,authorships&cursor=*&mailto=cris-victoria@uta.cl
✗ Marina Hernández-Mora: OpenAlex 429 en https://api.openalex.org/works?filter=author.id:A5051544445&per-page=200&select=id,title,publication_year,cited_by_count,fwci,citation_normalized_percentile,open_access,primary_location,primary_topic,authorships&cursor=*&mailto=cris-victoria@uta.cl
✗ Juan Javier Miró: OpenAlex 429 en https://api.openalex.org/works?filter=author.id:A5016334837&per-page=200&select=id,title,publication_year,cited_by_count,fwci,citation_normalized_percentile,open_access,primary_location,primary_topic,authorships&cursor=*&mailto=cris-victoria@uta.cl
✗ Óscar Corvacho-Ganahín: OpenAlex 429 en https://api.openalex.org/works?filter=author.id:A5022468591&per-page=200&select=id,title,publication_year,cited_by_count,fwci,citation_normalized_percentile,open_access,primary_location,primary_topic,authorships&cursor=*&mailto=cris-victoria@uta.cl
✗ Tiberiu Harko: OpenAlex 429 en https://api.openalex.org/works?filter=author.id:A5048821708&per-page=200&select=id,title,publication_year,cited_by_count,fwci,citation_normalized_percentile,open_access,primary_location,primary_topic,authorships&cursor=*&mailto=cris-victoria@uta.cl
✗ Grigoris Panotopoulos: OpenAlex 429 en https://api.openalex.org/works?filter=author.id:A5029920258&per-page=200&select=id,title,publication_year,cited_by_count,fwci,citation_normalized_percentile,open_access,primary_location,primary_topic,authorships&cursor=*&mailto=cris-victoria@uta.cl
✗ Ángel Rincón: OpenAlex 429 en https://api.openalex.org/works?filter=author.id:A5067487631&per-page=200&select=id,title,publication_year,cited_by_count,fwci,citation_normalized_percentile,open_access,primary_location,primary_topic,authorships&cursor=*&mailto=cris-victoria@uta.cl
✗ Nelson Videla: OpenAlex 429 en https://api.openalex.org/works?filter=author.id:A5045660535&per-page=200&select=id,title,publication_year,cited_by_count,fwci,citation_normalized_percentile,open_access,primary_location,primary_topic,authorships&cursor=*&mailto=cris-victoria@uta.cl
✗ A. Burton-Villalobos: OpenAlex 429 en https://api.openalex.org/works?filter=author.id:A5099670467&per-page=200&select=id,title,publication_year,cited_by_count,fwci,citation_normalized_percentile,open_access,primary_location,primary_topic,authorships&cursor=*&mailto=cris-victoria@uta.cl
✗ Carlos Leiva: OpenAlex 429 en https://api.openalex.org/works?filter=author.id:A5032309311&per-page=200&select=id,title,publication_year,cited_by_count,fwci,citation_normalized_percentile,open_access,primary_location,primary_topic,authorships&cursor=*&mailto=cris-victoria@uta.cl
✗ L. K. Duchaniya: OpenAlex 429 en https://api.openalex.org/works?filter=author.id:A5001415577&per-page=200&select=id,title,publication_year,cited_by_count,fwci,citation_normalized_percentile,open_access,primary_location,primary_topic,authorships&cursor=*&mailto=cris-victoria@uta.cl
✗ Vanessa Jara-Labarthé: OpenAlex 429 en https://api.openalex.org/works?filter=author.id:A5073894860&per-page=200&select=id,title,publication_year,cited_by_count,fwci,citation_normalized_percentile,open_access,primary_location,primary_topic,authorships&cursor=*&mailto=cris-victoria@uta.cl
✗ Svend Brinkmann: OpenAlex 429 en https://api.openalex.org/works?filter=author.id:A5088127190&per-page=200&select=id,title,publication_year,cited_by_count,fwci,citation_normalized_percentile,open_access,primary_location,primary_topic,authorships&cursor=*&mailto=cris-victoria@uta.cl
✗ Mitchell Allen: OpenAlex 429 en https://api.openalex.org/works?filter=author.id:A5054064282&per-page=200&select=id,title,publication_year,cited_by_count,fwci,citation_normalized_percentile,open_access,primary_location,primary_topic,authorships&cursor=*&mailto=cris-victoria@uta.cl
✗ Wolff‐Michael Roth: OpenAlex 429 en https://api.openalex.org/works?filter=author.id:A5028201055&per-page=200&select=id,title,publication_year,cited_by_count,fwci,citation_normalized_percentile,open_access,primary_location,primary_topic,authorships&cursor=*&mailto=cris-victoria@uta.cl
✗ Maria Guisasola-Rabes: OpenAlex 429 en https://api.openalex.org/works?filter=author.id:A5052983598&per-page=200&select=id,title,publication_year,cited_by_count,fwci,citation_normalized_percentile,open_access,primary_location,primary_topic,authorships&cursor=*&mailto=cris-victoria@uta.cl
✗ Miriam de Nadal: OpenAlex 429 en https://api.openalex.org/works?filter=author.id:A5107517539&per-page=200&select=id,title,publication_year,cited_by_count,fwci,citation_normalized_percentile,open_access,primary_location,primary_topic,authorships&cursor=*&mailto=cris-victoria@uta.cl
✗ Zoë L. Fleming: OpenAlex 429 en https://api.openalex.org/works?filter=author.id:A5079112906&per-page=200&select=id,title,publication_year,cited_by_count,fwci,citation_normalized_percentile,open_access,primary_location,primary_topic,authorships&cursor=*&mailto=cris-victoria@uta.cl
✗ Moisés Martínez‐Bracero: OpenAlex 429 en https://api.openalex.org/works?filter=author.id:A5082368422&per-page=200&select=id,title,publication_year,cited_by_count,fwci,citation_normalized_percentile,open_access,primary_location,primary_topic,authorships&cursor=*&mailto=cris-victoria@uta.cl
✗ Roland Sarda‐Estève: OpenAlex 429 en https://api.openalex.org/works?filter=author.id:A5083034861&per-page=200&select=id,title,publication_year,cited_by_count,fwci,citation_normalized_percentile,open_access,primary_location,primary_topic,authorships&cursor=*&mailto=cris-victoria@uta.cl
✗ Álvaro González: OpenAlex 429 en https://api.openalex.org/works?filter=author.id:A5101938373&per-page=200&select=id,title,publication_year,cited_by_count,fwci,citation_normalized_percentile,open_access,primary_location,primary_topic,authorships&cursor=*&mailto=cris-victoria@uta.cl
✗ Kush Rana: OpenAlex 429 en https://api.openalex.org/works?filter=author.id:A5065453239&per-page=200&select=id,title,publication_year,cited_by_count,fwci,citation_normalized_percentile,open_access,primary_location,primary_topic,authorships&cursor=*&mailto=cris-victoria@uta.cl
✗ Monika Tomar: OpenAlex 429 en https://api.openalex.org/works?filter=author.id:A5017231699&per-page=200&select=id,title,publication_year,cited_by_count,fwci,citation_normalized_percentile,open_access,primary_location,primary_topic,authorships&cursor=*&mailto=cris-victoria@uta.cl
✗ Vinay Gupta: OpenAlex 429 en https://api.openalex.org/works?filter=author.id:A5003129802&per-page=200&select=id,title,publication_year,cited_by_count,fwci,citation_normalized_percentile,open_access,primary_location,primary_topic,authorships&cursor=*&mailto=cris-victoria@uta.cl
✗ Atul Thakur: OpenAlex 429 en https://api.openalex.org/works?filter=author.id:A5069169782&per-page=200&select=id,title,publication_year,cited_by_count,fwci,citation_normalized_percentile,open_access,primary_location,primary_topic,authorships&cursor=*&mailto=cris-victoria@uta.cl
✗ Meenakshi Thakur: OpenAlex 429 en https://api.openalex.org/works?filter=author.id:A5078309165&per-page=200&select=id,title,publication_year,cited_by_count,fwci,citation_normalized_percentile,open_access,primary_location,primary_topic,authorships&cursor=*&mailto=cris-victoria@uta.cl
✗ Rajendra Damu Patil: OpenAlex 429 en https://api.openalex.org/works?filter=author.id:A5101842472&per-page=200&select=id,title,publication_year,cited_by_count,fwci,citation_normalized_percentile,open_access,primary_location,primary_topic,authorships&cursor=*&mailto=cris-victoria@uta.cl
✗ Prangya Rath: OpenAlex 429 en https://api.openalex.org/works?filter=author.id:A5038940543&per-page=200&select=id,title,publication_year,cited_by_count,fwci,citation_normalized_percentile,open_access,primary_location,primary_topic,authorships&cursor=*&mailto=cris-victoria@uta.cl
✗ Sanju Purohit: OpenAlex 429 en https://api.openalex.org/works?filter=author.id:A5015088596&per-page=200&select=id,title,publication_year,cited_by_count,fwci,citation_normalized_percentile,open_access,primary_location,primary_topic,authorships&cursor=*&mailto=cris-victoria@uta.cl
✗ Tanu Jindal: OpenAlex 429 en https://api.openalex.org/works?filter=author.id:A5083224339&per-page=200&select=id,title,publication_year,cited_by_count,fwci,citation_normalized_percentile,open_access,primary_location,primary_topic,authorships&cursor=*&mailto=cris-victoria@uta.cl
✗ Ajay Shankar: OpenAlex 429 en https://api.openalex.org/works?filter=author.id:A5081352705&per-page=200&select=id,title,publication_year,cited_by_count,fwci,citation_normalized_percentile,open_access,primary_location,primary_topic,authorships&cursor=*&mailto=cris-victoria@uta.cl
✗ Mahesh Chand: OpenAlex 429 en https://api.openalex.org/works?filter=author.id:A5074590771&per-page=200&select=id,title,publication_year,cited_by_count,fwci,citation_normalized_percentile,open_access,primary_location,primary_topic,authorships&cursor=*&mailto=cris-victoria@uta.cl
✗ Ritu Singh: OpenAlex 429 en https://api.openalex.org/works?filter=author.id:A5027421240&per-page=200&select=id,title,publication_year,cited_by_count,fwci,citation_normalized_percentile,open_access,primary_location,primary_topic,authorships&cursor=*&mailto=cris-victoria@uta.cl
✗ Huma Parveen: OpenAlex 429 en https://api.openalex.org/works?filter=author.id:A5069222014&per-page=200&select=id,title,publication_year,cited_by_count,fwci,citation_normalized_percentile,open_access,primary_location,primary_topic,authorships&cursor=*&mailto=cris-victoria@uta.cl
✗ Remy Hoek Spaans: OpenAlex 429 en https://api.openalex.org/works?filter=author.id:A5014508213&per-page=200&select=id,title,publication_year,cited_by_count,fwci,citation_normalized_percentile,open_access,primary_location,primary_topic,authorships&cursor=*&mailto=cris-victoria@uta.cl
✗ Bruna Drumond: OpenAlex 429 en https://api.openalex.org/works?filter=author.id:A5075583874&per-page=200&select=id,title,publication_year,cited_by_count,fwci,citation_normalized_percentile,open_access,primary_location,primary_topic,authorships&cursor=*&mailto=cris-victoria@uta.cl
✗ Kim Robin van Daalen: OpenAlex 429 en https://api.openalex.org/works?filter=author.id:A5063974513&per-page=200&select=id,title,publication_year,cited_by_count,fwci,citation_normalized_percentile,open_access,primary_location,primary_topic,authorships&cursor=*&mailto=cris-victoria@uta.cl
✗ Alison Derbyshire: OpenAlex 429 en https://api.openalex.org/works?filter=author.id:A5051333181&per-page=200&select=id,title,publication_year,cited_by_count,fwci,citation_normalized_percentile,open_access,primary_location,primary_topic,authorships&cursor=*&mailto=cris-victoria@uta.cl
✗ Raquel Martins Lana: OpenAlex 429 en https://api.openalex.org/works?filter=author.id:A5047292127&per-page=200&select=id,title,publication_year,cited_by_count,fwci,citation_normalized_percentile,open_access,primary_location,primary_topic,authorships&cursor=*&mailto=cris-victoria@uta.cl
✗ Gabriel Carrasco‐Escobar: OpenAlex 429 en https://api.openalex.org/works?filter=author.id:A5081733626&per-page=200&select=id,title,publication_year,cited_by_count,fwci,citation_normalized_percentile,open_access,primary_location,primary_topic,authorships&cursor=*&mailto=cris-victoria@uta.cl
✗ Cláudia Torres Codeço: OpenAlex 429 en https://api.openalex.org/works?filter=author.id:A5001956028&per-page=200&select=id,title,publication_year,cited_by_count,fwci,citation_normalized_percentile,open_access,primary_location,primary_topic,authorships&cursor=*&mailto=cris-victoria@uta.cl
✗ Rachel Lowe: OpenAlex 429 en https://api.openalex.org/works?filter=author.id:A5020097125&per-page=200&select=id,title,publication_year,cited_by_count,fwci,citation_normalized_percentile,open_access,primary_location,primary_topic,authorships&cursor=*&mailto=cris-victoria@uta.cl
✗ Ernesto G. Birgin: OpenAlex 429 en https://api.openalex.org/works?filter=author.id:A5087290455&per-page=200&select=id,title,publication_year,cited_by_count,fwci,citation_normalized_percentile,open_access,primary_location,primary_topic,authorships&cursor=*&mailto=cris-victoria@uta.cl
✗ David Albandea: OpenAlex 429 en https://api.openalex.org/works?filter=author.id:A5021557999&per-page=200&select=id,title,publication_year,cited_by_count,fwci,citation_normalized_percentile,open_access,primary_location,primary_topic,authorships&cursor=*&mailto=cris-victoria@uta.cl
✗ Pilar Hernández: OpenAlex 429 en https://api.openalex.org/works?filter=author.id:A5089782967&per-page=200&select=id,title,publication_year,cited_by_count,fwci,citation_normalized_percentile,open_access,primary_location,primary_topic,authorships&cursor=*&mailto=cris-victoria@uta.cl
✗ Fernando Romero-López: OpenAlex 429 en https://api.openalex.org/works?filter=author.id:A5024429098&per-page=200&select=id,title,publication_year,cited_by_count,fwci,citation_normalized_percentile,open_access,primary_location,primary_topic,authorships&cursor=*&mailto=cris-victoria@uta.cl
✗ Chia‐Ling Chen: OpenAlex 429 en https://api.openalex.org/works?filter=author.id:A5007317728&per-page=200&select=id,title,publication_year,cited_by_count,fwci,citation_normalized_percentile,open_access,primary_location,primary_topic,authorships&cursor=*&mailto=cris-victoria@uta.cl
✗ Mehmet R. Dokmeci: OpenAlex 429 en https://api.openalex.org/works?filter=author.id:A5064097008&per-page=200&select=id,title,publication_year,cited_by_count,fwci,citation_normalized_percentile,open_access,primary_location,primary_topic,authorships&cursor=*&mailto=cris-victoria@uta.cl
✗ Fernando Cabrales Gómez: OpenAlex 429 en https://api.openalex.org/works?filter=author.id:A5033419686&per-page=200&select=id,title,publication_year,cited_by_count,fwci,citation_normalized_percentile,open_access,primary_location,primary_topic,authorships&cursor=*&mailto=cris-victoria@uta.cl
✗ Marco Villalobos Abarca: OpenAlex 429 en https://api.openalex.org/works?filter=author.id:A5034399531&per-page=200&select=id,title,publication_year,cited_by_count,fwci,citation_normalized_percentile,open_access,primary_location,primary_topic,authorships&cursor=*&mailto=cris-victoria@uta.cl
✗ Gualberto Solís‐Perales: OpenAlex 429 en https://api.openalex.org/works?filter=author.id:A5075543238&per-page=200&select=id,title,publication_year,cited_by_count,fwci,citation_normalized_percentile,open_access,primary_location,primary_topic,authorships&cursor=*&mailto=cris-victoria@uta.cl
✗ Marcelo Duarte: OpenAlex 429 en https://api.openalex.org/works?filter=author.id:A5057943000&per-page=200&select=id,title,publication_year,cited_by_count,fwci,citation_normalized_percentile,open_access,primary_location,primary_topic,authorships&cursor=*&mailto=cris-victoria@uta.cl
✗ Sebastián Espinoza-Donoso: OpenAlex 429 en https://api.openalex.org/works?filter=author.id:A5022914755&per-page=200&select=id,title,publication_year,cited_by_count,fwci,citation_normalized_percentile,open_access,primary_location,primary_topic,authorships&cursor=*&mailto=cris-victoria@uta.cl
✗ Todd M. Gilligan: OpenAlex 429 en https://api.openalex.org/works?filter=author.id:A5036301957&per-page=200&select=id,title,publication_year,cited_by_count,fwci,citation_normalized_percentile,open_access,primary_location,primary_topic,authorships&cursor=*&mailto=cris-victoria@uta.cl
✗ John W. Brown: OpenAlex 429 en https://api.openalex.org/works?filter=author.id:A5081150585&per-page=200&select=id,title,publication_year,cited_by_count,fwci,citation_normalized_percentile,open_access,primary_location,primary_topic,authorships&cursor=*&mailto=cris-victoria@uta.cl
✗ Andrés Rodríguez Aguilera: OpenAlex 429 en https://api.openalex.org/works?filter=author.id:A5109852992&per-page=200&select=id,title,publication_year,cited_by_count,fwci,citation_normalized_percentile,open_access,primary_location,primary_topic,authorships&cursor=*&mailto=cris-victoria@uta.cl
✗ Jéssica López: OpenAlex 429 en https://api.openalex.org/works?filter=author.id:A5082760081&per-page=200&select=id,title,publication_year,cited_by_count,fwci,citation_normalized_percentile,open_access,primary_location,primary_topic,authorships&cursor=*&mailto=cris-victoria@uta.cl
✗ Cecilia Baginsky: OpenAlex 429 en https://api.openalex.org/works?filter=author.id:A5059028219&per-page=200&select=id,title,publication_year,cited_by_count,fwci,citation_normalized_percentile,open_access,primary_location,primary_topic,authorships&cursor=*&mailto=cris-victoria@uta.cl
✗ Marco Garrido: OpenAlex 429 en https://api.openalex.org/works?filter=author.id:A5048402245&per-page=200&select=id,title,publication_year,cited_by_count,fwci,citation_normalized_percentile,open_access,primary_location,primary_topic,authorships&cursor=*&mailto=cris-victoria@uta.cl
✗ Damir Galaz-Mandakovic: OpenAlex 429 en https://api.openalex.org/works?filter=author.id:A5079702993&per-page=200&select=id,title,publication_year,cited_by_count,fwci,citation_normalized_percentile,open_access,primary_location,primary_topic,authorships&cursor=*&mailto=cris-victoria@uta.cl
✗ Manuel Arana‐Jiménez: OpenAlex 429 en https://api.openalex.org/works?filter=author.id:A5064225117&per-page=200&select=id,title,publication_year,cited_by_count,fwci,citation_normalized_percentile,open_access,primary_location,primary_topic,authorships&cursor=*&mailto=cris-victoria@uta.cl
✗ Osvaldo R. Saavedra: OpenAlex 429 en https://api.openalex.org/works?filter=author.id:A5033560631&per-page=200&select=id,title,publication_year,cited_by_count,fwci,citation_normalized_percentile,open_access,primary_location,primary_topic,authorships&cursor=*&mailto=cris-victoria@uta.cl
✗ Hamzeh Agahi: OpenAlex 429 en https://api.openalex.org/works?filter=author.id:A5002546960&per-page=200&select=id,title,publication_year,cited_by_count,fwci,citation_normalized_percentile,open_access,primary_location,primary_topic,authorships&cursor=*&mailto=cris-victoria@uta.cl
✗ Juan J. Nieto: OpenAlex 429 en https://api.openalex.org/works?filter=author.id:A5074558033&per-page=200&select=id,title,publication_year,cited_by_count,fwci,citation_normalized_percentile,open_access,primary_location,primary_topic,authorships&cursor=*&mailto=cris-victoria@uta.cl
✗ Abdelghani Ouahab: OpenAlex 429 en https://api.openalex.org/works?filter=author.id:A5073492770&per-page=200&select=id,title,publication_year,cited_by_count,fwci,citation_normalized_percentile,open_access,primary_location,primary_topic,authorships&cursor=*&mailto=cris-victoria@uta.cl
✗ R. Zurita‐Milla: OpenAlex 429 en https://api.openalex.org/works?filter=author.id:A5075715085&per-page=200&select=id,title,publication_year,cited_by_count,fwci,citation_normalized_percentile,open_access,primary_location,primary_topic,authorships&cursor=*&mailto=cris-victoria@uta.cl
✗ Cristian Lopez: OpenAlex 429 en https://api.openalex.org/works?filter=author.id:A5012304998&per-page=200&select=id,title,publication_year,cited_by_count,fwci,citation_normalized_percentile,open_access,primary_location,primary_topic,authorships&cursor=*&mailto=cris-victoria@uta.cl
✗ Sebastián Gutiérrez: OpenAlex 429 en https://api.openalex.org/works?filter=author.id:A5101702758&per-page=200&select=id,title,publication_year,cited_by_count,fwci,citation_normalized_percentile,open_access,primary_location,primary_topic,authorships&cursor=*&mailto=cris-victoria@uta.cl
✗ Natalia Aravena: OpenAlex 429 en https://api.openalex.org/works?filter=author.id:A5038119925&per-page=200&select=id,title,publication_year,cited_by_count,fwci,citation_normalized_percentile,open_access,primary_location,primary_topic,authorships&cursor=*&mailto=cris-victoria@uta.cl
✗ Camila Contreras: OpenAlex 429 en https://api.openalex.org/works?filter=author.id:A5101262958&per-page=200&select=id,title,publication_year,cited_by_count,fwci,citation_normalized_percentile,open_access,primary_location,primary_topic,authorships&cursor=*&mailto=cris-victoria@uta.cl
✗ Tiago Vera-Assaoka: OpenAlex 429 en https://api.openalex.org/works?filter=author.id:A5007144269&per-page=200&select=id,title,publication_year,cited_by_count,fwci,citation_normalized_percentile,open_access,primary_location,primary_topic,authorships&cursor=*&mailto=cris-victoria@uta.cl
✗ Guillermo Laclote-Gutierrez: OpenAlex 429 en https://api.openalex.org/works?filter=author.id:A5014131645&per-page=200&select=id,title,publication_year,cited_by_count,fwci,citation_normalized_percentile,open_access,primary_location,primary_topic,authorships&cursor=*&mailto=cris-victoria@uta.cl
✗ Querubín Flores-Núñez: OpenAlex 429 en https://api.openalex.org/works?filter=author.id:A5133453677&per-page=200&select=id,title,publication_year,cited_by_count,fwci,citation_normalized_percentile,open_access,primary_location,primary_topic,authorships&cursor=*&mailto=cris-victoria@uta.cl
✗ Bastián Carter-Thuillier: OpenAlex 429 en https://api.openalex.org/works?filter=author.id:A5000000154&per-page=200&select=id,title,publication_year,cited_by_count,fwci,citation_normalized_percentile,open_access,primary_location,primary_topic,authorships&cursor=*&mailto=cris-victoria@uta.cl
✗ Maura Auad-Brito: OpenAlex 429 en https://api.openalex.org/works?filter=author.id:A5092913715&per-page=200&select=id,title,publication_year,cited_by_count,fwci,citation_normalized_percentile,open_access,primary_location,primary_topic,authorships&cursor=*&mailto=cris-victoria@uta.cl
✗ Carlos A. Manzano: OpenAlex 429 en https://api.openalex.org/works?filter=author.id:A5027583970&per-page=200&select=id,title,publication_year,cited_by_count,fwci,citation_normalized_percentile,open_access,primary_location,primary_topic,authorships&cursor=*&mailto=cris-victoria@uta.cl
✗ Manuel Merino: OpenAlex 429 en https://api.openalex.org/works?filter=author.id:A5019457991&per-page=200&select=id,title,publication_year,cited_by_count,fwci,citation_normalized_percentile,open_access,primary_location,primary_topic,authorships&cursor=*&mailto=cris-victoria@uta.cl
✗ Gilda Carrasco: OpenAlex 429 en https://api.openalex.org/works?filter=author.id:A5071809017&per-page=200&select=id,title,publication_year,cited_by_count,fwci,citation_normalized_percentile,open_access,primary_location,primary_topic,authorships&cursor=*&mailto=cris-victoria@uta.cl
✗ Gabino Alberto Martínez-Gutiérrez: OpenAlex 429 en https://api.openalex.org/works?filter=author.id:A5003563520&per-page=200&select=id,title,publication_year,cited_by_count,fwci,citation_normalized_percentile,open_access,primary_location,primary_topic,authorships&cursor=*&mailto=cris-victoria@uta.cl
✗ Jürgen Vormann: OpenAlex 429 en https://api.openalex.org/works?filter=author.id:A5025583114&per-page=200&select=id,title,publication_year,cited_by_count,fwci,citation_normalized_percentile,open_access,primary_location,primary_topic,authorships&cursor=*&mailto=cris-victoria@uta.cl
✗ Deterlino Urzagasti: OpenAlex 429 en https://api.openalex.org/works?filter=author.id:A5001945596&per-page=200&select=id,title,publication_year,cited_by_count,fwci,citation_normalized_percentile,open_access,primary_location,primary_topic,authorships&cursor=*&mailto=cris-victoria@uta.cl
✗ Pedro Vega-Jorquera: OpenAlex 429 en https://api.openalex.org/works?filter=author.id:A5030857732&per-page=200&select=id,title,publication_year,cited_by_count,fwci,citation_normalized_percentile,open_access,primary_location,primary_topic,authorships&cursor=*&mailto=cris-victoria@uta.cl
✗ F. Domínguez‐Adame: OpenAlex 429 en https://api.openalex.org/works?filter=author.id:A5051418310&per-page=200&select=id,title,publication_year,cited_by_count,fwci,citation_normalized_percentile,open_access,primary_location,primary_topic,authorships&cursor=*&mailto=cris-victoria@uta.cl
✗ Leticia Martínez‐Lapuente: OpenAlex 429 en https://api.openalex.org/works?filter=author.id:A5083406298&per-page=200&select=id,title,publication_year,cited_by_count,fwci,citation_normalized_percentile,open_access,primary_location,primary_topic,authorships&cursor=*&mailto=cris-victoria@uta.cl
✗ Belén Ayestarán: OpenAlex 429 en https://api.openalex.org/works?filter=author.id:A5091100150&per-page=200&select=id,title,publication_year,cited_by_count,fwci,citation_normalized_percentile,open_access,primary_location,primary_topic,authorships&cursor=*&mailto=cris-victoria@uta.cl
✗ Zenaida Guadalupe: OpenAlex 429 en https://api.openalex.org/works?filter=author.id:A5011379617&per-page=200&select=id,title,publication_year,cited_by_count,fwci,citation_normalized_percentile,open_access,primary_location,primary_topic,authorships&cursor=*&mailto=cris-victoria@uta.cl
✗ Julián Quintero Quiroz: OpenAlex 429 en https://api.openalex.org/works?filter=author.id:A5043316547&per-page=200&select=id,title,publication_year,cited_by_count,fwci,citation_normalized_percentile,open_access,primary_location,primary_topic,authorships&cursor=*&mailto=cris-victoria@uta.cl
✗ Patricio Huerta: OpenAlex 429 en https://api.openalex.org/works?filter=author.id:A5017378221&per-page=200&select=id,title,publication_year,cited_by_count,fwci,citation_normalized_percentile,open_access,primary_location,primary_topic,authorships&cursor=*&mailto=cris-victoria@uta.cl
✗ Miguel Antonio Espinosa Rico: OpenAlex 429 en https://api.openalex.org/works?filter=author.id:A5057886847&per-page=200&select=id,title,publication_year,cited_by_count,fwci,citation_normalized_percentile,open_access,primary_location,primary_topic,authorships&cursor=*&mailto=cris-victoria@uta.cl
✗ Alexandra López Martínez: OpenAlex 429 en https://api.openalex.org/works?filter=author.id:A5068013191&per-page=200&select=id,title,publication_year,cited_by_count,fwci,citation_normalized_percentile,open_access,primary_location,primary_topic,authorships&cursor=*&mailto=cris-victoria@uta.cl
✗ Marlenis Marisol Martínez Fuentes: OpenAlex 429 en https://api.openalex.org/works?filter=author.id:A5039974726&per-page=200&select=id,title,publication_year,cited_by_count,fwci,citation_normalized_percentile,open_access,primary_location,primary_topic,authorships&cursor=*&mailto=cris-victoria@uta.cl
✗ Ximena Póo Figueroa: OpenAlex 429 en https://api.openalex.org/works?filter=author.id:A5022406449&per-page=200&select=id,title,publication_year,cited_by_count,fwci,citation_normalized_percentile,open_access,primary_location,primary_topic,authorships&cursor=*&mailto=cris-victoria@uta.cl
✗ Sebastião Júnior Henrique Duarte: OpenAlex 429 en https://api.openalex.org/works?filter=author.id:A5028060297&per-page=200&select=id,title,publication_year,cited_by_count,fwci,citation_normalized_percentile,open_access,primary_location,primary_topic,authorships&cursor=*&mailto=cris-victoria@uta.cl
✗ C Meléndez: OpenAlex 429 en https://api.openalex.org/works?filter=author.id:A5114177239&per-page=200&select=id,title,publication_year,cited_by_count,fwci,citation_normalized_percentile,open_access,primary_location,primary_topic,authorships&cursor=*&mailto=cris-victoria@uta.cl
✗ Genaro Moyano Arcos: OpenAlex 429 en https://api.openalex.org/works?filter=author.id:A5081019695&per-page=200&select=id,title,publication_year,cited_by_count,fwci,citation_normalized_percentile,open_access,primary_location,primary_topic,authorships&cursor=*&mailto=cris-victoria@uta.cl
✗ Damián Lo Chávez: OpenAlex 429 en https://api.openalex.org/works?filter=author.id:A5010288975&per-page=200&select=id,title,publication_year,cited_by_count,fwci,citation_normalized_percentile,open_access,primary_location,primary_topic,authorships&cursor=*&mailto=cris-victoria@uta.cl
✗ Karelia Cerda Castro: OpenAlex 429 en https://api.openalex.org/works?filter=author.id:A5085891661&per-page=200&select=id,title,publication_year,cited_by_count,fwci,citation_normalized_percentile,open_access,primary_location,primary_topic,authorships&cursor=*&mailto=cris-victoria@uta.cl
✗ Carlos Donoso Rojas: OpenAlex 429 en https://api.openalex.org/works?filter=author.id:A5032572410&per-page=200&select=id,title,publication_year,cited_by_count,fwci,citation_normalized_percentile,open_access,primary_location,primary_topic,authorships&cursor=*&mailto=cris-victoria@uta.cl
✗ Julio Mendívil: OpenAlex 429 en https://api.openalex.org/works?filter=author.id:A5041407407&per-page=200&select=id,title,publication_year,cited_by_count,fwci,citation_normalized_percentile,open_access,primary_location,primary_topic,authorships&cursor=*&mailto=cris-victoria@uta.cl
✗ Vicente Romero: OpenAlex 429 en https://api.openalex.org/works?filter=author.id:A5102738997&per-page=200&select=id,title,publication_year,cited_by_count,fwci,citation_normalized_percentile,open_access,primary_location,primary_topic,authorships&cursor=*&mailto=cris-victoria@uta.cl
✗ Fernando Martínez: OpenAlex 429 en https://api.openalex.org/works?filter=author.id:A5071863791&per-page=200&select=id,title,publication_year,cited_by_count,fwci,citation_normalized_percentile,open_access,primary_location,primary_topic,authorships&cursor=*&mailto=cris-victoria@uta.cl
✗ César Arriagada: OpenAlex 429 en https://api.openalex.org/works?filter=author.id:A5076447304&per-page=200&select=id,title,publication_year,cited_by_count,fwci,citation_normalized_percentile,open_access,primary_location,primary_topic,authorships&cursor=*&mailto=cris-victoria@uta.cl
✗ Katja Deckart: OpenAlex 429 en https://api.openalex.org/works?filter=author.id:A5031867703&per-page=200&select=id,title,publication_year,cited_by_count,fwci,citation_normalized_percentile,open_access,primary_location,primary_topic,authorships&cursor=*&mailto=cris-victoria@uta.cl
✗ Matías Peña: OpenAlex 429 en https://api.openalex.org/works?filter=author.id:A5025309749&per-page=200&select=id,title,publication_year,cited_by_count,fwci,citation_normalized_percentile,open_access,primary_location,primary_topic,authorships&cursor=*&mailto=cris-victoria@uta.cl
✗ Sergio F. Ochoa: OpenAlex 429 en https://api.openalex.org/works?filter=author.id:A5076957708&per-page=200&select=id,title,publication_year,cited_by_count,fwci,citation_normalized_percentile,open_access,primary_location,primary_topic,authorships&cursor=*&mailto=cris-victoria@uta.cl
✗ Damiano Sarocchi: OpenAlex 429 en https://api.openalex.org/works?filter=author.id:A5088906926&per-page=200&select=id,title,publication_year,cited_by_count,fwci,citation_normalized_percentile,open_access,primary_location,primary_topic,authorships&cursor=*&mailto=cris-victoria@uta.cl
✗ Mariano Cerca: OpenAlex 429 en https://api.openalex.org/works?filter=author.id:A5065112094&per-page=200&select=id,title,publication_year,cited_by_count,fwci,citation_normalized_percentile,open_access,primary_location,primary_topic,authorships&cursor=*&mailto=cris-victoria@uta.cl
✗ Carolina Agüero: OpenAlex 429 en https://api.openalex.org/works?filter=author.id:A5018849134&per-page=200&select=id,title,publication_year,cited_by_count,fwci,citation_normalized_percentile,open_access,primary_location,primary_topic,authorships&cursor=*&mailto=cris-victoria@uta.cl
✗ Jeffrey Splitstoser: OpenAlex 429 en https://api.openalex.org/works?filter=author.id:A5026191971&per-page=200&select=id,title,publication_year,cited_by_count,fwci,citation_normalized_percentile,open_access,primary_location,primary_topic,authorships&cursor=*&mailto=cris-victoria@uta.cl
✗ Tracy Martens: OpenAlex 429 en https://api.openalex.org/works?filter=author.id:A5020062766&per-page=200&select=id,title,publication_year,cited_by_count,fwci,citation_normalized_percentile,open_access,primary_location,primary_topic,authorships&cursor=*&mailto=cris-victoria@uta.cl
✗ César Parcero‐Oubiña: OpenAlex 429 en https://api.openalex.org/works?filter=author.id:A5043943905&per-page=200&select=id,title,publication_year,cited_by_count,fwci,citation_normalized_percentile,open_access,primary_location,primary_topic,authorships&cursor=*&mailto=cris-victoria@uta.cl
✗ Pastor Fábrega‐Álvarez: OpenAlex 429 en https://api.openalex.org/works?filter=author.id:A5044234521&per-page=200&select=id,title,publication_year,cited_by_count,fwci,citation_normalized_percentile,open_access,primary_location,primary_topic,authorships&cursor=*&mailto=cris-victoria@uta.cl
✗ Andrés Troncoso: OpenAlex 429 en https://api.openalex.org/works?filter=author.id:A5083297607&per-page=200&select=id,title,publication_year,cited_by_count,fwci,citation_normalized_percentile,open_access,primary_location,primary_topic,authorships&cursor=*&mailto=cris-victoria@uta.cl
✗ David Killick: OpenAlex 429 en https://api.openalex.org/works?filter=author.id:A5066071224&per-page=200&select=id,title,publication_year,cited_by_count,fwci,citation_normalized_percentile,open_access,primary_location,primary_topic,authorships&cursor=*&mailto=cris-victoria@uta.cl
✗ Ariadna Cifuentes: OpenAlex 429 en https://api.openalex.org/works?filter=author.id:A5045632802&per-page=200&select=id,title,publication_year,cited_by_count,fwci,citation_normalized_percentile,open_access,primary_location,primary_topic,authorships&cursor=*&mailto=cris-victoria@uta.cl
✗ Iván Godoy-Flores: OpenAlex 429 en https://api.openalex.org/works?filter=author.id:A5039653431&per-page=200&select=id,title,publication_year,cited_by_count,fwci,citation_normalized_percentile,open_access,primary_location,primary_topic,authorships&cursor=*&mailto=cris-victoria@uta.cl
✗ Brayan Medina Concha: OpenAlex 429 en https://api.openalex.org/works?filter=author.id:A5093003922&per-page=200&select=id,title,publication_year,cited_by_count,fwci,citation_normalized_percentile,open_access,primary_location,primary_topic,authorships&cursor=*&mailto=cris-victoria@uta.cl
✗ Carlos Jesús Ríos Rodríguez: OpenAlex 429 en https://api.openalex.org/works?filter=author.id:A5086909170&per-page=200&select=id,title,publication_year,cited_by_count,fwci,citation_normalized_percentile,open_access,primary_location,primary_topic,authorships&cursor=*&mailto=cris-victoria@uta.cl
✗ Paola Lagos Labbé: OpenAlex 429 en https://api.openalex.org/works?filter=author.id:A5079599651&per-page=200&select=id,title,publication_year,cited_by_count,fwci,citation_normalized_percentile,open_access,primary_location,primary_topic,authorships&cursor=*&mailto=cris-victoria@uta.cl
✗ Francisco Ramis Lanyon: OpenAlex 429 en https://api.openalex.org/works?filter=author.id:A5044230802&per-page=200&select=id,title,publication_year,cited_by_count,fwci,citation_normalized_percentile,open_access,primary_location,primary_topic,authorships&cursor=*&mailto=cris-victoria@uta.cl
✗ Daniela Silva: OpenAlex 429 en https://api.openalex.org/works?filter=author.id:A5100684755&per-page=200&select=id,title,publication_year,cited_by_count,fwci,citation_normalized_percentile,open_access,primary_location,primary_topic,authorships&cursor=*&mailto=cris-victoria@uta.cl
✗ Tony Mifsud: OpenAlex 429 en https://api.openalex.org/works?filter=author.id:A5079806626&per-page=200&select=id,title,publication_year,cited_by_count,fwci,citation_normalized_percentile,open_access,primary_location,primary_topic,authorships&cursor=*&mailto=cris-victoria@uta.cl
✗ Elizabeth Lira: OpenAlex 429 en https://api.openalex.org/works?filter=author.id:A5103267291&per-page=200&select=id,title,publication_year,cited_by_count,fwci,citation_normalized_percentile,open_access,primary_location,primary_topic,authorships&cursor=*&mailto=cris-victoria@uta.cl
✗ Andrés Fernando Suárez: OpenAlex 429 en https://api.openalex.org/works?filter=author.id:A5006294296&per-page=200&select=id,title,publication_year,cited_by_count,fwci,citation_normalized_percentile,open_access,primary_location,primary_topic,authorships&cursor=*&mailto=cris-victoria@uta.cl
✗ José Sepúlveda: OpenAlex 429 en https://api.openalex.org/works?filter=author.id:A5090565034&per-page=200&select=id,title,publication_year,cited_by_count,fwci,citation_normalized_percentile,open_access,primary_location,primary_topic,authorships&cursor=*&mailto=cris-victoria@uta.cl
✗ Waldemar Karwowski: OpenAlex 429 en https://api.openalex.org/works?filter=author.id:A5068942141&per-page=200&select=id,title,publication_year,cited_by_count,fwci,citation_normalized_percentile,open_access,primary_location,primary_topic,authorships&cursor=*&mailto=cris-victoria@uta.cl
✗ Erico R. Carmona: OpenAlex 429 en https://api.openalex.org/works?filter=author.id:A5028426220&per-page=200&select=id,title,publication_year,cited_by_count,fwci,citation_normalized_percentile,open_access,primary_location,primary_topic,authorships&cursor=*&mailto=cris-victoria@uta.cl
✗ Anandhakumar Sukeri: OpenAlex 429 en https://api.openalex.org/works?filter=author.id:A5060866902&per-page=200&select=id,title,publication_year,cited_by_count,fwci,citation_normalized_percentile,open_access,primary_location,primary_topic,authorships&cursor=*&mailto=cris-victoria@uta.cl
✗ Ana Aliverti: OpenAlex 429 en https://api.openalex.org/works?filter=author.id:A5056246204&per-page=200&select=id,title,publication_year,cited_by_count,fwci,citation_normalized_percentile,open_access,primary_location,primary_topic,authorships&cursor=*&mailto=cris-victoria@uta.cl
✗ Elisa García España: OpenAlex 429 en https://api.openalex.org/works?filter=author.id:A5057460602&per-page=200&select=id,title,publication_year,cited_by_count,fwci,citation_normalized_percentile,open_access,primary_location,primary_topic,authorships&cursor=*&mailto=cris-victoria@uta.cl
✗ Germán Fajardo-Dolci: OpenAlex 429 en https://api.openalex.org/works?filter=author.id:A5064460850&per-page=200&select=id,title,publication_year,cited_by_count,fwci,citation_normalized_percentile,open_access,primary_location,primary_topic,authorships&cursor=*&mailto=cris-victoria@uta.cl
✗ Kimberley Norris: OpenAlex 429 en https://api.openalex.org/works?filter=author.id:A5047390776&per-page=200&select=id,title,publication_year,cited_by_count,fwci,citation_normalized_percentile,open_access,primary_location,primary_topic,authorships&cursor=*&mailto=cris-victoria@uta.cl
✗ Elisa Delvecchio: OpenAlex 429 en https://api.openalex.org/works?filter=author.id:A5071455060&per-page=200&select=id,title,publication_year,cited_by_count,fwci,citation_normalized_percentile,open_access,primary_location,primary_topic,authorships&cursor=*&mailto=cris-victoria@uta.cl
✗ Karla Tay‐Karapas: OpenAlex 429 en https://api.openalex.org/works?filter=author.id:A5062403918&per-page=200&select=id,title,publication_year,cited_by_count,fwci,citation_normalized_percentile,open_access,primary_location,primary_topic,authorships&cursor=*&mailto=cris-victoria@uta.cl
✗ Ricardo Espinoza-Tapia: OpenAlex 429 en https://api.openalex.org/works?filter=author.id:A5063290287&per-page=200&select=id,title,publication_year,cited_by_count,fwci,citation_normalized_percentile,open_access,primary_location,primary_topic,authorships&cursor=*&mailto=cris-victoria@uta.cl
✗ À. Martínez-Ferrer: OpenAlex 429 en https://api.openalex.org/works?filter=author.id:A5069395382&per-page=200&select=id,title,publication_year,cited_by_count,fwci,citation_normalized_percentile,open_access,primary_location,primary_topic,authorships&cursor=*&mailto=cris-victoria@uta.cl
✗ María-Carla Morales-Gómez: OpenAlex 429 en https://api.openalex.org/works?filter=author.id:A5035760646&per-page=200&select=id,title,publication_year,cited_by_count,fwci,citation_normalized_percentile,open_access,primary_location,primary_topic,authorships&cursor=*&mailto=cris-victoria@uta.cl
✗ Cristián Pinto-Cortez: OpenAlex 429 en https://api.openalex.org/works?filter=author.id:A5106950112&per-page=200&select=id,title,publication_year,cited_by_count,fwci,citation_normalized_percentile,open_access,primary_location,primary_topic,authorships&cursor=*&mailto=cris-victoria@uta.cl
✗ José Berríos-Riquelme: OpenAlex 429 en https://api.openalex.org/works?filter=author.id:A5001267063&per-page=200&select=id,title,publication_year,cited_by_count,fwci,citation_normalized_percentile,open_access,primary_location,primary_topic,authorships&cursor=*&mailto=cris-victoria@uta.cl
✗ Katherine Acosta: OpenAlex 429 en https://api.openalex.org/works?filter=author.id:A5000873196&per-page=200&select=id,title,publication_year,cited_by_count,fwci,citation_normalized_percentile,open_access,primary_location,primary_topic,authorships&cursor=*&mailto=cris-victoria@uta.cl
✗ Diego Castro Ceacero: OpenAlex 429 en https://api.openalex.org/works?filter=author.id:A5049804979&per-page=200&select=id,title,publication_year,cited_by_count,fwci,citation_normalized_percentile,open_access,primary_location,primary_topic,authorships&cursor=*&mailto=cris-victoria@uta.cl
✗ Paola Contreras Hernández: OpenAlex 429 en https://api.openalex.org/works?filter=author.id:A5080660163&per-page=200&select=id,title,publication_year,cited_by_count,fwci,citation_normalized_percentile,open_access,primary_location,primary_topic,authorships&cursor=*&mailto=cris-victoria@uta.cl
✗ Andrea Alvarado-Urbina: OpenAlex 429 en https://api.openalex.org/works?filter=author.id:A5062207804&per-page=200&select=id,title,publication_year,cited_by_count,fwci,citation_normalized_percentile,open_access,primary_location,primary_topic,authorships&cursor=*&mailto=cris-victoria@uta.cl
✗ David Álvarez-Maldonado: OpenAlex 429 en https://api.openalex.org/works?filter=author.id:A5081635102&per-page=200&select=id,title,publication_year,cited_by_count,fwci,citation_normalized_percentile,open_access,primary_location,primary_topic,authorships&cursor=*&mailto=cris-victoria@uta.cl
✗ Carmen Pénnanen-Arias: OpenAlex 429 en https://api.openalex.org/works?filter=author.id:A5004123031&per-page=200&select=id,title,publication_year,cited_by_count,fwci,citation_normalized_percentile,open_access,primary_location,primary_topic,authorships&cursor=*&mailto=cris-victoria@uta.cl
✗ Nicolás Barrientos-Oradini: OpenAlex 429 en https://api.openalex.org/works?filter=author.id:A5103059557&per-page=200&select=id,title,publication_year,cited_by_count,fwci,citation_normalized_percentile,open_access,primary_location,primary_topic,authorships&cursor=*&mailto=cris-victoria@uta.cl
✗ Noemí Copaja Morales: OpenAlex 429 en https://api.openalex.org/works?filter=author.id:A5036749372&per-page=200&select=id,title,publication_year,cited_by_count,fwci,citation_normalized_percentile,open_access,primary_location,primary_topic,authorships&cursor=*&mailto=cris-victoria@uta.cl
✗ Nancy Alarcón Henríquez: OpenAlex 429 en https://api.openalex.org/works?filter=author.id:A5059162919&per-page=200&select=id,title,publication_year,cited_by_count,fwci,citation_normalized_percentile,open_access,primary_location,primary_topic,authorships&cursor=*&mailto=cris-victoria@uta.cl
✗ P. Arce: OpenAlex 429 en https://api.openalex.org/works?filter=author.id:A5053120153&per-page=200&select=id,title,publication_year,cited_by_count,fwci,citation_normalized_percentile,open_access,primary_location,primary_topic,authorships&cursor=*&mailto=cris-victoria@uta.cl
✗ Nataly Ruiz-Cornejo: OpenAlex 429 en https://api.openalex.org/works?filter=author.id:A5022144758&per-page=200&select=id,title,publication_year,cited_by_count,fwci,citation_normalized_percentile,open_access,primary_location,primary_topic,authorships&cursor=*&mailto=cris-victoria@uta.cl
✗ Adolfo González: OpenAlex 429 en https://api.openalex.org/works?filter=author.id:A5101497798&per-page=200&select=id,title,publication_year,cited_by_count,fwci,citation_normalized_percentile,open_access,primary_location,primary_topic,authorships&cursor=*&mailto=cris-victoria@uta.cl
✗ Patricia González: OpenAlex 429 en https://api.openalex.org/works?filter=author.id:A5101539544&per-page=200&select=id,title,publication_year,cited_by_count,fwci,citation_normalized_percentile,open_access,primary_location,primary_topic,authorships&cursor=*&mailto=cris-victoria@uta.cl
✗ G Grebe: OpenAlex 429 en https://api.openalex.org/works?filter=author.id:A5011291071&per-page=200&select=id,title,publication_year,cited_by_count,fwci,citation_normalized_percentile,open_access,primary_location,primary_topic,authorships&cursor=*&mailto=cris-victoria@uta.cl
✗ Anton Tiutiunnyk: OpenAlex 429 en https://api.openalex.org/works?filter=author.id:A5018841237&per-page=200&select=id,title,publication_year,cited_by_count,fwci,citation_normalized_percentile,open_access,primary_location,primary_topic,authorships&cursor=*&mailto=cris-victoria@uta.cl
✗ Beatriz Larraz: OpenAlex 429 en https://api.openalex.org/works?filter=author.id:A5030120464&per-page=200&select=id,title,publication_year,cited_by_count,fwci,citation_normalized_percentile,open_access,primary_location,primary_topic,authorships&cursor=*&mailto=cris-victoria@uta.cl
✗ José M. Pavía: OpenAlex 429 en https://api.openalex.org/works?filter=author.id:A5005843838&per-page=200&select=id,title,publication_year,cited_by_count,fwci,citation_normalized_percentile,open_access,primary_location,primary_topic,authorships&cursor=*&mailto=cris-victoria@uta.cl
✗ David Henriquez-Villarroel: OpenAlex 429 en https://api.openalex.org/works?filter=author.id:A5092913716&per-page=200&select=id,title,publication_year,cited_by_count,fwci,citation_normalized_percentile,open_access,primary_location,primary_topic,authorships&cursor=*&mailto=cris-victoria@uta.cl
✗ Ari Jerrems: OpenAlex 429 en https://api.openalex.org/works?filter=author.id:A5054594512&per-page=200&select=id,title,publication_year,cited_by_count,fwci,citation_normalized_percentile,open_access,primary_location,primary_topic,authorships&cursor=*&mailto=cris-victoria@uta.cl
✗ Patricio Landaeta Mardones: OpenAlex 429 en https://api.openalex.org/works?filter=author.id:A5002849293&per-page=200&select=id,title,publication_year,cited_by_count,fwci,citation_normalized_percentile,open_access,primary_location,primary_topic,authorships&cursor=*&mailto=cris-victoria@uta.cl
✗ Francisco J. Rodríguez‐Valadez: OpenAlex 429 en https://api.openalex.org/works?filter=author.id:A5048719166&per-page=200&select=id,title,publication_year,cited_by_count,fwci,citation_normalized_percentile,open_access,primary_location,primary_topic,authorships&cursor=*&mailto=cris-victoria@uta.cl
✗ Gabriela Rosiles‐González: OpenAlex 429 en https://api.openalex.org/works?filter=author.id:A5089430924&per-page=200&select=id,title,publication_year,cited_by_count,fwci,citation_normalized_percentile,open_access,primary_location,primary_topic,authorships&cursor=*&mailto=cris-victoria@uta.cl
✗ Felip Gascón i Martín: OpenAlex 429 en https://api.openalex.org/works?filter=author.id:A5046699352&per-page=200&select=id,title,publication_year,cited_by_count,fwci,citation_normalized_percentile,open_access,primary_location,primary_topic,authorships&cursor=*&mailto=cris-victoria@uta.cl
✗ Luís Costa: OpenAlex 429 en https://api.openalex.org/works?filter=author.id:A5057379395&per-page=200&select=id,title,publication_year,cited_by_count,fwci,citation_normalized_percentile,open_access,primary_location,primary_topic,authorships&cursor=*&mailto=cris-victoria@uta.cl
✗ Marjorie Andrea Mardones Leiva: OpenAlex 429 en https://api.openalex.org/works?filter=author.id:A5088641584&per-page=200&select=id,title,publication_year,cited_by_count,fwci,citation_normalized_percentile,open_access,primary_location,primary_topic,authorships&cursor=*&mailto=cris-victoria@uta.cl
✗ César Pacheco Silva: OpenAlex 429 en https://api.openalex.org/works?filter=author.id:A5017543548&per-page=200&select=id,title,publication_year,cited_by_count,fwci,citation_normalized_percentile,open_access,primary_location,primary_topic,authorships&cursor=*&mailto=cris-victoria@uta.cl
✗ Rodrigo Browne Sartori: OpenAlex 429 en https://api.openalex.org/works?filter=author.id:A5084297496&per-page=200&select=id,title,publication_year,cited_by_count,fwci,citation_normalized_percentile,open_access,primary_location,primary_topic,authorships&cursor=*&mailto=cris-victoria@uta.cl
✗ Pamela Romero Lizama: OpenAlex 429 en https://api.openalex.org/works?filter=author.id:A5057066987&per-page=200&select=id,title,publication_year,cited_by_count,fwci,citation_normalized_percentile,open_access,primary_location,primary_topic,authorships&cursor=*&mailto=cris-victoria@uta.cl
✗ Luis Nitrihual Valdebenito: OpenAlex 429 en https://api.openalex.org/works?filter=author.id:A5021842991&per-page=200&select=id,title,publication_year,cited_by_count,fwci,citation_normalized_percentile,open_access,primary_location,primary_topic,authorships&cursor=*&mailto=cris-victoria@uta.cl
✗ María Gabriela Huidobro Salazar: OpenAlex 429 en https://api.openalex.org/works?filter=author.id:A5009869752&per-page=200&select=id,title,publication_year,cited_by_count,fwci,citation_normalized_percentile,open_access,primary_location,primary_topic,authorships&cursor=*&mailto=cris-victoria@uta.cl
✗ Paula Martínez Sagredo: OpenAlex 429 en https://api.openalex.org/works?filter=author.id:A5016476573&per-page=200&select=id,title,publication_year,cited_by_count,fwci,citation_normalized_percentile,open_access,primary_location,primary_topic,authorships&cursor=*&mailto=cris-victoria@uta.cl
✗ Elías Pizarro Pizarro: OpenAlex 429 en https://api.openalex.org/works?filter=author.id:A5090354548&per-page=200&select=id,title,publication_year,cited_by_count,fwci,citation_normalized_percentile,open_access,primary_location,primary_topic,authorships&cursor=*&mailto=cris-victoria@uta.cl
✗ Daniel Ramírez: OpenAlex 429 en https://api.openalex.org/works?filter=author.id:A5069360837&per-page=200&select=id,title,publication_year,cited_by_count,fwci,citation_normalized_percentile,open_access,primary_location,primary_topic,authorships&cursor=*&mailto=cris-victoria@uta.cl
✗ Alejandro Lorca-Vyhmeister: OpenAlex 429 en https://api.openalex.org/works?filter=author.id:A5016336413&per-page=200&select=id,title,publication_year,cited_by_count,fwci,citation_normalized_percentile,open_access,primary_location,primary_topic,authorships&cursor=*&mailto=cris-victoria@uta.cl
✗ Stephen Darwin: OpenAlex 429 en https://api.openalex.org/works?filter=author.id:A5038124064&per-page=200&select=id,title,publication_year,cited_by_count,fwci,citation_normalized_percentile,open_access,primary_location,primary_topic,authorships&cursor=*&mailto=cris-victoria@uta.cl
✗ Andrea Flanagan-Bórquez: OpenAlex 429 en https://api.openalex.org/works?filter=author.id:A5089872113&per-page=200&select=id,title,publication_year,cited_by_count,fwci,citation_normalized_percentile,open_access,primary_location,primary_topic,authorships&cursor=*&mailto=cris-victoria@uta.cl
✗ Almendra Aguilera-Muñoz: OpenAlex 429 en https://api.openalex.org/works?filter=author.id:A5008378003&per-page=200&select=id,title,publication_year,cited_by_count,fwci,citation_normalized_percentile,open_access,primary_location,primary_topic,authorships&cursor=*&mailto=cris-victoria@uta.cl
✗ Alba V. Olivares-Nadal: OpenAlex 429 en https://api.openalex.org/works?filter=author.id:A5015290354&per-page=200&select=id,title,publication_year,cited_by_count,fwci,citation_normalized_percentile,open_access,primary_location,primary_topic,authorships&cursor=*&mailto=cris-victoria@uta.cl
✗ Alberto A. López Toro: OpenAlex 429 en https://api.openalex.org/works?filter=author.id:A5029753391&per-page=200&select=id,title,publication_year,cited_by_count,fwci,citation_normalized_percentile,open_access,primary_location,primary_topic,authorships&cursor=*&mailto=cris-victoria@uta.cl
✗ Mahía Saracostti: OpenAlex 429 en https://api.openalex.org/works?filter=author.id:A5012520666&per-page=200&select=id,title,publication_year,cited_by_count,fwci,citation_normalized_percentile,open_access,primary_location,primary_topic,authorships&cursor=*&mailto=cris-victoria@uta.cl
✗ Enrique Canessa: OpenAlex 429 en https://api.openalex.org/works?filter=author.id:A5061524594&per-page=200&select=id,title,publication_year,cited_by_count,fwci,citation_normalized_percentile,open_access,primary_location,primary_topic,authorships&cursor=*&mailto=cris-victoria@uta.cl
✗ Marcela Rivadeneira Valenzuela: OpenAlex 429 en https://api.openalex.org/works?filter=author.id:A5056090790&per-page=200&select=id,title,publication_year,cited_by_count,fwci,citation_normalized_percentile,open_access,primary_location,primary_topic,authorships&cursor=*&mailto=cris-victoria@uta.cl
✗ Héctor Solórzano Navarro: OpenAlex 429 en https://api.openalex.org/works?filter=author.id:A5034013171&per-page=200&select=id,title,publication_year,cited_by_count,fwci,citation_normalized_percentile,open_access,primary_location,primary_topic,authorships&cursor=*&mailto=cris-victoria@uta.cl
✗ Mónica Moreno Falcón: OpenAlex 429 en https://api.openalex.org/works?filter=author.id:A5014436908&per-page=200&select=id,title,publication_year,cited_by_count,fwci,citation_normalized_percentile,open_access,primary_location,primary_topic,authorships&cursor=*&mailto=cris-victoria@uta.cl
✗ Claudia Sandoval-Yáñez: OpenAlex 429 en https://api.openalex.org/works?filter=author.id:A5052981244&per-page=200&select=id,title,publication_year,cited_by_count,fwci,citation_normalized_percentile,open_access,primary_location,primary_topic,authorships&cursor=*&mailto=cris-victoria@uta.cl
✗ Claudia Sandoval: OpenAlex 429 en https://api.openalex.org/works?filter=author.id:A5028527884&per-page=200&select=id,title,publication_year,cited_by_count,fwci,citation_normalized_percentile,open_access,primary_location,primary_topic,authorships&cursor=*&mailto=cris-victoria@uta.cl
✗ Juan J. Freire: OpenAlex 429 en https://api.openalex.org/works?filter=author.id:A5049509714&per-page=200&select=id,title,publication_year,cited_by_count,fwci,citation_normalized_percentile,open_access,primary_location,primary_topic,authorships&cursor=*&mailto=cris-victoria@uta.cl
✗ Ángel Leiva: OpenAlex 429 en https://api.openalex.org/works?filter=author.id:A5026684278&per-page=200&select=id,title,publication_year,cited_by_count,fwci,citation_normalized_percentile,open_access,primary_location,primary_topic,authorships&cursor=*&mailto=cris-victoria@uta.cl
✗ Borja Fernández–d’Arlas: OpenAlex 429 en https://api.openalex.org/works?filter=author.id:A5064110312&per-page=200&select=id,title,publication_year,cited_by_count,fwci,citation_normalized_percentile,open_access,primary_location,primary_topic,authorships&cursor=*&mailto=cris-victoria@uta.cl
✗ Baolin Tian: OpenAlex 429 en https://api.openalex.org/works?filter=author.id:A5075383375&per-page=200&select=id,title,publication_year,cited_by_count,fwci,citation_normalized_percentile,open_access,primary_location,primary_topic,authorships&cursor=*&mailto=cris-victoria@uta.cl
✗ Nikolaos Nikiforakis: OpenAlex 429 en https://api.openalex.org/works?filter=author.id:A5030047690&per-page=200&select=id,title,publication_year,cited_by_count,fwci,citation_normalized_percentile,open_access,primary_location,primary_topic,authorships&cursor=*&mailto=cris-victoria@uta.cl
✗ Davide Vanzo: OpenAlex 429 en https://api.openalex.org/works?filter=author.id:A5072013564&per-page=200&select=id,title,publication_year,cited_by_count,fwci,citation_normalized_percentile,open_access,primary_location,primary_topic,authorships&cursor=*&mailto=cris-victoria@uta.cl
✗ Annunziato Siviglia: OpenAlex 429 en https://api.openalex.org/works?filter=author.id:A5040925496&per-page=200&select=id,title,publication_year,cited_by_count,fwci,citation_normalized_percentile,open_access,primary_location,primary_topic,authorships&cursor=*&mailto=cris-victoria@uta.cl
✗ Philip Bohle: OpenAlex 429 en https://api.openalex.org/works?filter=author.id:A5059736343&per-page=200&select=id,title,publication_year,cited_by_count,fwci,citation_normalized_percentile,open_access,primary_location,primary_topic,authorships&cursor=*&mailto=cris-victoria@uta.cl
✗ Àngela Martín: OpenAlex 429 en https://api.openalex.org/works?filter=author.id:A5084975322&per-page=200&select=id,title,publication_year,cited_by_count,fwci,citation_normalized_percentile,open_access,primary_location,primary_topic,authorships&cursor=*&mailto=cris-victoria@uta.cl
✗ Félix Aguirre: OpenAlex 429 en https://api.openalex.org/works?filter=author.id:A5053249275&per-page=200&select=id,title,publication_year,cited_by_count,fwci,citation_normalized_percentile,open_access,primary_location,primary_topic,authorships&cursor=*&mailto=cris-victoria@uta.cl
✗ Cristóbal Campos: OpenAlex 429 en https://api.openalex.org/works?filter=author.id:A5071897199&per-page=200&select=id,title,publication_year,cited_by_count,fwci,citation_normalized_percentile,open_access,primary_location,primary_topic,authorships&cursor=*&mailto=cris-victoria@uta.cl
✗ Tomislav Curkovic: OpenAlex 429 en https://api.openalex.org/works?filter=author.id:A5077987355&per-page=200&select=id,title,publication_year,cited_by_count,fwci,citation_normalized_percentile,open_access,primary_location,primary_topic,authorships&cursor=*&mailto=cris-victoria@uta.cl
✗ Ana María Marino de Remes Lenicov: OpenAlex 429 en https://api.openalex.org/works?filter=author.id:A5062605505&per-page=200&select=id,title,publication_year,cited_by_count,fwci,citation_normalized_percentile,open_access,primary_location,primary_topic,authorships&cursor=*&mailto=cris-victoria@uta.cl
✗ Vinícius Almada Mozetic: OpenAlex 429 en https://api.openalex.org/works?filter=author.id:A5016441095&per-page=200&select=id,title,publication_year,cited_by_count,fwci,citation_normalized_percentile,open_access,primary_location,primary_topic,authorships&cursor=*&mailto=cris-victoria@uta.cl
✗ Rommy Álvarez Escudero: OpenAlex 429 en https://api.openalex.org/works?filter=author.id:A5047243455&per-page=200&select=id,title,publication_year,cited_by_count,fwci,citation_normalized_percentile,open_access,primary_location,primary_topic,authorships&cursor=*&mailto=cris-victoria@uta.cl
✗ Amalia Patricia Cobos Campos: OpenAlex 429 en https://api.openalex.org/works?filter=author.id:A5037477175&per-page=200&select=id,title,publication_year,cited_by_count,fwci,citation_normalized_percentile,open_access,primary_location,primary_topic,authorships&cursor=*&mailto=cris-victoria@uta.cl
✗ Suzéte Da Silva Reis: OpenAlex 429 en https://api.openalex.org/works?filter=author.id:A5082262321&per-page=200&select=id,title,publication_year,cited_by_count,fwci,citation_normalized_percentile,open_access,primary_location,primary_topic,authorships&cursor=*&mailto=cris-victoria@uta.cl
✗ Jorge Reis: OpenAlex 429 en https://api.openalex.org/works?filter=author.id:A5050360092&per-page=200&select=id,title,publication_year,cited_by_count,fwci,citation_normalized_percentile,open_access,primary_location,primary_topic,authorships&cursor=*&mailto=cris-victoria@uta.cl
✗ Cláudia Cinara Locateli: OpenAlex 429 en https://api.openalex.org/works?filter=author.id:A5080873871&per-page=200&select=id,title,publication_year,cited_by_count,fwci,citation_normalized_percentile,open_access,primary_location,primary_topic,authorships&cursor=*&mailto=cris-victoria@uta.cl
✗ Joan Lluís Pérez Francesch: OpenAlex 429 en https://api.openalex.org/works?filter=author.id:A5072979702&per-page=200&select=id,title,publication_year,cited_by_count,fwci,citation_normalized_percentile,open_access,primary_location,primary_topic,authorships&cursor=*&mailto=cris-victoria@uta.cl
✗ Fabiana Marion Spengler: OpenAlex 429 en https://api.openalex.org/works?filter=author.id:A5027808840&per-page=200&select=id,title,publication_year,cited_by_count,fwci,citation_normalized_percentile,open_access,primary_location,primary_topic,authorships&cursor=*&mailto=cris-victoria@uta.cl
✗ Ma Carmen Núñez Zorrilla: OpenAlex 429 en https://api.openalex.org/works?filter=author.id:A5085445600&per-page=200&select=id,title,publication_year,cited_by_count,fwci,citation_normalized_percentile,open_access,primary_location,primary_topic,authorships&cursor=*&mailto=cris-victoria@uta.cl
✗ Judith Solé Resina: OpenAlex 429 en https://api.openalex.org/works?filter=author.id:A5003858688&per-page=200&select=id,title,publication_year,cited_by_count,fwci,citation_normalized_percentile,open_access,primary_location,primary_topic,authorships&cursor=*&mailto=cris-victoria@uta.cl
✗ Wilson Steinmetz: OpenAlex 429 en https://api.openalex.org/works?filter=author.id:A5023877730&per-page=200&select=id,title,publication_year,cited_by_count,fwci,citation_normalized_percentile,open_access,primary_location,primary_topic,authorships&cursor=*&mailto=cris-victoria@uta.cl
✗ Jordi Rovira: OpenAlex 429 en https://api.openalex.org/works?filter=author.id:A5103181107&per-page=200&select=id,title,publication_year,cited_by_count,fwci,citation_normalized_percentile,open_access,primary_location,primary_topic,authorships&cursor=*&mailto=cris-victoria@uta.cl
✗ Elizabeth Zenteno Torres: OpenAlex 429 en https://api.openalex.org/works?filter=author.id:A5001687289&per-page=200&select=id,title,publication_year,cited_by_count,fwci,citation_normalized_percentile,open_access,primary_location,primary_topic,authorships&cursor=*&mailto=cris-victoria@uta.cl
✗ Soledad Álvarez Velasco: OpenAlex 429 en https://api.openalex.org/works?filter=author.id:A5060220377&per-page=200&select=id,title,publication_year,cited_by_count,fwci,citation_normalized_percentile,open_access,primary_location,primary_topic,authorships&cursor=*&mailto=cris-victoria@uta.cl
✗ Diego Andrés Riquelme Gómez: OpenAlex 429 en https://api.openalex.org/works?filter=author.id:A5006102782&per-page=200&select=id,title,publication_year,cited_by_count,fwci,citation_normalized_percentile,open_access,primary_location,primary_topic,authorships&cursor=*&mailto=cris-victoria@uta.cl
✗ Luca Sitzia: OpenAlex 429 en https://api.openalex.org/works?filter=author.id:A5069144913&per-page=200&select=id,title,publication_year,cited_by_count,fwci,citation_normalized_percentile,open_access,primary_location,primary_topic,authorships&cursor=*&mailto=cris-victoria@uta.cl
✗ Débora Zurro: OpenAlex 429 en https://api.openalex.org/works?filter=author.id:A5074001079&per-page=200&select=id,title,publication_year,cited_by_count,fwci,citation_normalized_percentile,open_access,primary_location,primary_topic,authorships&cursor=*&mailto=cris-victoria@uta.cl
✗ J. M. Alonso Vega: OpenAlex 429 en https://api.openalex.org/works?filter=author.id:A5010521551&per-page=200&select=id,title,publication_year,cited_by_count,fwci,citation_normalized_percentile,open_access,primary_location,primary_topic,authorships&cursor=*&mailto=cris-victoria@uta.cl
✗ Constanza Roa Solís: OpenAlex 429 en https://api.openalex.org/works?filter=author.id:A5033853822&per-page=200&select=id,title,publication_year,cited_by_count,fwci,citation_normalized_percentile,open_access,primary_location,primary_topic,authorships&cursor=*&mailto=cris-victoria@uta.cl
✗ Claudia Silva: OpenAlex 429 en https://api.openalex.org/works?filter=author.id:A5100777252&per-page=200&select=id,title,publication_year,cited_by_count,fwci,citation_normalized_percentile,open_access,primary_location,primary_topic,authorships&cursor=*&mailto=cris-victoria@uta.cl
✗ Luis Iturra Valenzuela: OpenAlex 429 en https://api.openalex.org/works?filter=author.id:A5054702292&per-page=200&select=id,title,publication_year,cited_by_count,fwci,citation_normalized_percentile,open_access,primary_location,primary_topic,authorships&cursor=*&mailto=cris-victoria@uta.cl
✗ Sergio Lavandero: OpenAlex 429 en https://api.openalex.org/works?filter=author.id:A5022277890&per-page=200&select=id,title,publication_year,cited_by_count,fwci,citation_normalized_percentile,open_access,primary_location,primary_topic,authorships&cursor=*&mailto=cris-victoria@uta.cl
✗ César Ross: OpenAlex 429 en https://api.openalex.org/works?filter=author.id:A5050026270&per-page=200&select=id,title,publication_year,cited_by_count,fwci,citation_normalized_percentile,open_access,primary_location,primary_topic,authorships&cursor=*&mailto=cris-victoria@uta.cl
✗ Leonardo Docena Pina: OpenAlex 429 en https://api.openalex.org/works?filter=author.id:A5008861605&per-page=200&select=id,title,publication_year,cited_by_count,fwci,citation_normalized_percentile,open_access,primary_location,primary_topic,authorships&cursor=*&mailto=cris-victoria@uta.cl
✗ Claudio Espinoza: OpenAlex 429 en https://api.openalex.org/works?filter=author.id:A5034280035&per-page=200&select=id,title,publication_year,cited_by_count,fwci,citation_normalized_percentile,open_access,primary_location,primary_topic,authorships&cursor=*&mailto=cris-victoria@uta.cl
✗ Evgenii S. Baranovskii: OpenAlex 429 en https://api.openalex.org/works?filter=author.id:A5001009886&per-page=200&select=id,title,publication_year,cited_by_count,fwci,citation_normalized_percentile,open_access,primary_location,primary_topic,authorships&cursor=*&mailto=cris-victoria@uta.cl
✗ Eber Lenes: OpenAlex 429 en https://api.openalex.org/works?filter=author.id:A5010516551&per-page=200&select=id,title,publication_year,cited_by_count,fwci,citation_normalized_percentile,open_access,primary_location,primary_topic,authorships&cursor=*&mailto=cris-victoria@uta.cl
✗ Eduardo Cisternas: OpenAlex 429 en https://api.openalex.org/works?filter=author.id:A5034173875&per-page=200&select=id,title,publication_year,cited_by_count,fwci,citation_normalized_percentile,open_access,primary_location,primary_topic,authorships&cursor=*&mailto=cris-victoria@uta.cl
✗ María-Cristina Alfred Urízar: OpenAlex 429 en https://api.openalex.org/works?filter=author.id:A5092502348&per-page=200&select=id,title,publication_year,cited_by_count,fwci,citation_normalized_percentile,open_access,primary_location,primary_topic,authorships&cursor=*&mailto=cris-victoria@uta.cl
✗ Carmen Paz Castro Correa: OpenAlex 429 en https://api.openalex.org/works?filter=author.id:A5060048807&per-page=200&select=id,title,publication_year,cited_by_count,fwci,citation_normalized_percentile,open_access,primary_location,primary_topic,authorships&cursor=*&mailto=cris-victoria@uta.cl
✗ Paulina Rodríguez-Díaz: OpenAlex 429 en https://api.openalex.org/works?filter=author.id:A5046342273&per-page=200&select=id,title,publication_year,cited_by_count,fwci,citation_normalized_percentile,open_access,primary_location,primary_topic,authorships&cursor=*&mailto=cris-victoria@uta.cl
✗ Carlos Fabrizio Álvarez Macías: OpenAlex 429 en https://api.openalex.org/works?filter=author.id:A5019750991&per-page=200&select=id,title,publication_year,cited_by_count,fwci,citation_normalized_percentile,open_access,primary_location,primary_topic,authorships&cursor=*&mailto=cris-victoria@uta.cl
✗ Pablo Guicharrousse: OpenAlex 429 en https://api.openalex.org/works?filter=author.id:A5019707142&per-page=200&select=id,title,publication_year,cited_by_count,fwci,citation_normalized_percentile,open_access,primary_location,primary_topic,authorships&cursor=*&mailto=cris-victoria@uta.cl
✗ David A. Catari-Vargas: OpenAlex 429 en https://api.openalex.org/works?filter=author.id:A5026554007&per-page=200&select=id,title,publication_year,cited_by_count,fwci,citation_normalized_percentile,open_access,primary_location,primary_topic,authorships&cursor=*&mailto=cris-victoria@uta.cl
✗ Jessica Moya Tillería: OpenAlex 429 en https://api.openalex.org/works?filter=author.id:A5033079342&per-page=200&select=id,title,publication_year,cited_by_count,fwci,citation_normalized_percentile,open_access,primary_location,primary_topic,authorships&cursor=*&mailto=cris-victoria@uta.cl
✗ Waleska Willson Rojas: OpenAlex 429 en https://api.openalex.org/works?filter=author.id:A5059416672&per-page=200&select=id,title,publication_year,cited_by_count,fwci,citation_normalized_percentile,open_access,primary_location,primary_topic,authorships&cursor=*&mailto=cris-victoria@uta.cl
✗ Rodrigo Buhring: OpenAlex 429 en https://api.openalex.org/works?filter=author.id:A5028499410&per-page=200&select=id,title,publication_year,cited_by_count,fwci,citation_normalized_percentile,open_access,primary_location,primary_topic,authorships&cursor=*&mailto=cris-victoria@uta.cl
✗ Marcelo Fernández-Salamanca: OpenAlex 429 en https://api.openalex.org/works?filter=author.id:A5097872381&per-page=200&select=id,title,publication_year,cited_by_count,fwci,citation_normalized_percentile,open_access,primary_location,primary_topic,authorships&cursor=*&mailto=cris-victoria@uta.cl
✗ Andrea Avaria: OpenAlex 429 en https://api.openalex.org/works?filter=author.id:A5058699993&per-page=200&select=id,title,publication_year,cited_by_count,fwci,citation_normalized_percentile,open_access,primary_location,primary_topic,authorships&cursor=*&mailto=cris-victoria@uta.cl
✗ Ítalo A. Marchioni-Choque: OpenAlex 429 en https://api.openalex.org/works?filter=author.id:A5072244821&per-page=200&select=id,title,publication_year,cited_by_count,fwci,citation_normalized_percentile,open_access,primary_location,primary_topic,authorships&cursor=*&mailto=cris-victoria@uta.cl
✗ Shaohui Zhang: OpenAlex 429 en https://api.openalex.org/works?filter=author.id:A5100649219&per-page=200&select=id,title,publication_year,cited_by_count,fwci,citation_normalized_percentile,open_access,primary_location,primary_topic,authorships&cursor=*&mailto=cris-victoria@uta.cl
✗ Qin Yi: OpenAlex 429 en https://api.openalex.org/works?filter=author.id:A5101612033&per-page=200&select=id,title,publication_year,cited_by_count,fwci,citation_normalized_percentile,open_access,primary_location,primary_topic,authorships&cursor=*&mailto=cris-victoria@uta.cl
✗ Jean-Carlo Macancela: OpenAlex 429 en https://api.openalex.org/works?filter=author.id:A5090518504&per-page=200&select=id,title,publication_year,cited_by_count,fwci,citation_normalized_percentile,open_access,primary_location,primary_topic,authorships&cursor=*&mailto=cris-victoria@uta.cl
✗ Mauricio Villacís: OpenAlex 429 en https://api.openalex.org/works?filter=author.id:A5060934989&per-page=200&select=id,title,publication_year,cited_by_count,fwci,citation_normalized_percentile,open_access,primary_location,primary_topic,authorships&cursor=*&mailto=cris-victoria@uta.cl
✗ Jianyu Long: OpenAlex 429 en https://api.openalex.org/works?filter=author.id:A5043140947&per-page=200&select=id,title,publication_year,cited_by_count,fwci,citation_normalized_percentile,open_access,primary_location,primary_topic,authorships&cursor=*&mailto=cris-victoria@uta.cl
✗ Zhiping Liu: OpenAlex 429 en https://api.openalex.org/works?filter=author.id:A5100783903&per-page=200&select=id,title,publication_year,cited_by_count,fwci,citation_normalized_percentile,open_access,primary_location,primary_topic,authorships&cursor=*&mailto=cris-victoria@uta.cl
✗ María Francisca Greene-González: OpenAlex 429 en https://api.openalex.org/works?filter=author.id:A5052735965&per-page=200&select=id,title,publication_year,cited_by_count,fwci,citation_normalized_percentile,open_access,primary_location,primary_topic,authorships&cursor=*&mailto=cris-victoria@uta.cl
✗ Eduar Barbosa: OpenAlex 429 en https://api.openalex.org/works?filter=author.id:A5069640520&per-page=200&select=id,title,publication_year,cited_by_count,fwci,citation_normalized_percentile,open_access,primary_location,primary_topic,authorships&cursor=*&mailto=cris-victoria@uta.cl
✗ Hector Flores Callisaya: OpenAlex 429 en https://api.openalex.org/works?filter=author.id:A5088539733&per-page=200&select=id,title,publication_year,cited_by_count,fwci,citation_normalized_percentile,open_access,primary_location,primary_topic,authorships&cursor=*&mailto=cris-victoria@uta.cl
✗ Alex Espinoza Verdejo: OpenAlex 429 en https://api.openalex.org/works?filter=author.id:A5036407227&per-page=200&select=id,title,publication_year,cited_by_count,fwci,citation_normalized_percentile,open_access,primary_location,primary_topic,authorships&cursor=*&mailto=cris-victoria@uta.cl
✗ Fernando Matı́a: OpenAlex 429 en https://api.openalex.org/works?filter=author.id:A5031054713&per-page=200&select=id,title,publication_year,cited_by_count,fwci,citation_normalized_percentile,open_access,primary_location,primary_topic,authorships&cursor=*&mailto=cris-victoria@uta.cl
✗ Basil Mohammed Al‐Hadithi: OpenAlex 429 en https://api.openalex.org/works?filter=author.id:A5076404782&per-page=200&select=id,title,publication_year,cited_by_count,fwci,citation_normalized_percentile,open_access,primary_location,primary_topic,authorships&cursor=*&mailto=cris-victoria@uta.cl
✗ M. Sumathi: OpenAlex 429 en https://api.openalex.org/works?filter=author.id:A5024495979&per-page=200&select=id,title,publication_year,cited_by_count,fwci,citation_normalized_percentile,open_access,primary_location,primary_topic,authorships&cursor=*&mailto=cris-victoria@uta.cl
✗ Juan Tello: OpenAlex 429 en https://api.openalex.org/works?filter=author.id:A5011296985&per-page=200&select=id,title,publication_year,cited_by_count,fwci,citation_normalized_percentile,open_access,primary_location,primary_topic,authorships&cursor=*&mailto=cris-victoria@uta.cl
✗ Brian Hayden: OpenAlex 429 en https://api.openalex.org/works?filter=author.id:A5024411445&per-page=200&select=id,title,publication_year,cited_by_count,fwci,citation_normalized_percentile,open_access,primary_location,primary_topic,authorships&cursor=*&mailto=cris-victoria@uta.cl
✗ Kimmo K. Kahilainen: OpenAlex 429 en https://api.openalex.org/works?filter=author.id:A5049203554&per-page=200&select=id,title,publication_year,cited_by_count,fwci,citation_normalized_percentile,open_access,primary_location,primary_topic,authorships&cursor=*&mailto=cris-victoria@uta.cl
✗ Christelle Lopes: OpenAlex 429 en https://api.openalex.org/works?filter=author.id:A5026189633&per-page=200&select=id,title,publication_year,cited_by_count,fwci,citation_normalized_percentile,open_access,primary_location,primary_topic,authorships&cursor=*&mailto=cris-victoria@uta.cl
✗ Fabrice Réquier: OpenAlex 429 en https://api.openalex.org/works?filter=author.id:A5074337286&per-page=200&select=id,title,publication_year,cited_by_count,fwci,citation_normalized_percentile,open_access,primary_location,primary_topic,authorships&cursor=*&mailto=cris-victoria@uta.cl
✗ Francisco E. Fontúrbel: OpenAlex 429 en https://api.openalex.org/works?filter=author.id:A5023388923&per-page=200&select=id,title,publication_year,cited_by_count,fwci,citation_normalized_percentile,open_access,primary_location,primary_topic,authorships&cursor=*&mailto=cris-victoria@uta.cl
✗ Pablo Ormeño-Arriagada: OpenAlex 429 en https://api.openalex.org/works?filter=author.id:A5023485816&per-page=200&select=id,title,publication_year,cited_by_count,fwci,citation_normalized_percentile,open_access,primary_location,primary_topic,authorships&cursor=*&mailto=cris-victoria@uta.cl
✗ Helio Quintero Arrieta: OpenAlex 429 en https://api.openalex.org/works?filter=author.id:A5054326764&per-page=200&select=id,title,publication_year,cited_by_count,fwci,citation_normalized_percentile,open_access,primary_location,primary_topic,authorships&cursor=*&mailto=cris-victoria@uta.cl
✗ Jorge Díaz-Ramírez: OpenAlex 429 en https://api.openalex.org/works?filter=author.id:A5080429826&per-page=200&select=id,title,publication_year,cited_by_count,fwci,citation_normalized_percentile,open_access,primary_location,primary_topic,authorships&cursor=*&mailto=cris-victoria@uta.cl
✗ Bernardo Lessa Horta: OpenAlex 429 en https://api.openalex.org/works?filter=author.id:A5030361462&per-page=200&select=id,title,publication_year,cited_by_count,fwci,citation_normalized_percentile,open_access,primary_location,primary_topic,authorships&cursor=*&mailto=cris-victoria@uta.cl
✗ Fresia Caba Burgos: OpenAlex 429 en https://api.openalex.org/works?filter=author.id:A5008642855&per-page=200&select=id,title,publication_year,cited_by_count,fwci,citation_normalized_percentile,open_access,primary_location,primary_topic,authorships&cursor=*&mailto=cris-victoria@uta.cl
✗ Angélica del Carmen Larraín Huerta: OpenAlex 429 en https://api.openalex.org/works?filter=author.id:A5068132107&per-page=200&select=id,title,publication_year,cited_by_count,fwci,citation_normalized_percentile,open_access,primary_location,primary_topic,authorships&cursor=*&mailto=cris-victoria@uta.cl
✗ Verónica Pantoja Silva: OpenAlex 429 en https://api.openalex.org/works?filter=author.id:A5090936051&per-page=200&select=id,title,publication_year,cited_by_count,fwci,citation_normalized_percentile,open_access,primary_location,primary_topic,authorships&cursor=*&mailto=cris-victoria@uta.cl
✗ Cristiane da Silva Cabral: OpenAlex 429 en https://api.openalex.org/works?filter=author.id:A5091531898&per-page=200&select=id,title,publication_year,cited_by_count,fwci,citation_normalized_percentile,open_access,primary_location,primary_topic,authorships&cursor=*&mailto=cris-victoria@uta.cl
✗ Hellen Geremias dos Santos: OpenAlex 429 en https://api.openalex.org/works?filter=author.id:A5002438386&per-page=200&select=id,title,publication_year,cited_by_count,fwci,citation_normalized_percentile,open_access,primary_location,primary_topic,authorships&cursor=*&mailto=cris-victoria@uta.cl
✗ André Filipe de Moraes Batista: OpenAlex 429 en https://api.openalex.org/works?filter=author.id:A5037467800&per-page=200&select=id,title,publication_year,cited_by_count,fwci,citation_normalized_percentile,open_access,primary_location,primary_topic,authorships&cursor=*&mailto=cris-victoria@uta.cl
✗ Ana Pereira: OpenAlex 429 en https://api.openalex.org/works?filter=author.id:A5072769752&per-page=200&select=id,title,publication_year,cited_by_count,fwci,citation_normalized_percentile,open_access,primary_location,primary_topic,authorships&cursor=*&mailto=cris-victoria@uta.cl
✗ Cristòbal E. Castro: OpenAlex 429 en https://api.openalex.org/works?filter=author.id:A5055180528&per-page=200&select=id,title,publication_year,cited_by_count,fwci,citation_normalized_percentile,open_access,primary_location,primary_topic,authorships&cursor=*&mailto=cris-victoria@uta.cl
✗ René S. Rojas: OpenAlex 429 en https://api.openalex.org/works?filter=author.id:A5046926042&per-page=200&select=id,title,publication_year,cited_by_count,fwci,citation_normalized_percentile,open_access,primary_location,primary_topic,authorships&cursor=*&mailto=cris-victoria@uta.cl
✗ Ignacio A. Jessop: OpenAlex 429 en https://api.openalex.org/works?filter=author.id:A5087765236&per-page=200&select=id,title,publication_year,cited_by_count,fwci,citation_normalized_percentile,open_access,primary_location,primary_topic,authorships&cursor=*&mailto=cris-victoria@uta.cl
✗ Ernesto Ruppert Filho: OpenAlex 429 en https://api.openalex.org/works?filter=author.id:A5067605128&per-page=200&select=id,title,publication_year,cited_by_count,fwci,citation_normalized_percentile,open_access,primary_location,primary_topic,authorships&cursor=*&mailto=cris-victoria@uta.cl
✗ Rafael Riveros-Ávila: OpenAlex 429 en https://api.openalex.org/works?filter=author.id:A5003732191&per-page=200&select=id,title,publication_year,cited_by_count,fwci,citation_normalized_percentile,open_access,primary_location,primary_topic,authorships&cursor=*&mailto=cris-victoria@uta.cl
✗ J Perezgonzalez: OpenAlex 429 en https://api.openalex.org/works?filter=author.id:A5042611826&per-page=200&select=id,title,publication_year,cited_by_count,fwci,citation_normalized_percentile,open_access,primary_location,primary_topic,authorships&cursor=*&mailto=cris-victoria@uta.cl
✗ Karla Lobos: OpenAlex 429 en https://api.openalex.org/works?filter=author.id:A5055298258&per-page=200&select=id,title,publication_year,cited_by_count,fwci,citation_normalized_percentile,open_access,primary_location,primary_topic,authorships&cursor=*&mailto=cris-victoria@uta.cl
✗ Elizabeth Buckner: OpenAlex 429 en https://api.openalex.org/works?filter=author.id:A5023465577&per-page=200&select=id,title,publication_year,cited_by_count,fwci,citation_normalized_percentile,open_access,primary_location,primary_topic,authorships&cursor=*&mailto=cris-victoria@uta.cl
✗ Nigel O. M. Brissett: OpenAlex 429 en https://api.openalex.org/works?filter=author.id:A5068472649&per-page=200&select=id,title,publication_year,cited_by_count,fwci,citation_normalized_percentile,open_access,primary_location,primary_topic,authorships&cursor=*&mailto=cris-victoria@uta.cl
✗ Benjamin D. Scherrer: OpenAlex 429 en https://api.openalex.org/works?filter=author.id:A5061040443&per-page=200&select=id,title,publication_year,cited_by_count,fwci,citation_normalized_percentile,open_access,primary_location,primary_topic,authorships&cursor=*&mailto=cris-victoria@uta.cl
✗ Daniele Cantini: OpenAlex 429 en https://api.openalex.org/works?filter=author.id:A5067677701&per-page=200&select=id,title,publication_year,cited_by_count,fwci,citation_normalized_percentile,open_access,primary_location,primary_topic,authorships&cursor=*&mailto=cris-victoria@uta.cl
✗ Juan Enrique Martínez-Legaz: OpenAlex 429 en https://api.openalex.org/works?filter=author.id:A5060092580&per-page=200&select=id,title,publication_year,cited_by_count,fwci,citation_normalized_percentile,open_access,primary_location,primary_topic,authorships&cursor=*&mailto=cris-victoria@uta.cl
✗ L. F. Bueno: OpenAlex 429 en https://api.openalex.org/works?filter=author.id:A5008833621&per-page=200&select=id,title,publication_year,cited_by_count,fwci,citation_normalized_percentile,open_access,primary_location,primary_topic,authorships&cursor=*&mailto=cris-victoria@uta.cl
✗ Dinh The Luc: OpenAlex 429 en https://api.openalex.org/works?filter=author.id:A5011329543&per-page=200&select=id,title,publication_year,cited_by_count,fwci,citation_normalized_percentile,open_access,primary_location,primary_topic,authorships&cursor=*&mailto=cris-victoria@uta.cl
✗ Nguyễn Văn Tuyên: OpenAlex 429 en https://api.openalex.org/works?filter=author.id:A5061100646&per-page=200&select=id,title,publication_year,cited_by_count,fwci,citation_normalized_percentile,open_access,primary_location,primary_topic,authorships&cursor=*&mailto=cris-victoria@uta.cl
✗ Trần Văn Thắng: OpenAlex 429 en https://api.openalex.org/works?filter=author.id:A5062245312&per-page=200&select=id,title,publication_year,cited_by_count,fwci,citation_normalized_percentile,open_access,primary_location,primary_topic,authorships&cursor=*&mailto=cris-victoria@uta.cl
✗ Aviva Must: OpenAlex 429 en https://api.openalex.org/works?filter=author.id:A5052660941&per-page=200&select=id,title,publication_year,cited_by_count,fwci,citation_normalized_percentile,open_access,primary_location,primary_topic,authorships&cursor=*&mailto=cris-victoria@uta.cl
✗ Hernán Delgado: OpenAlex 429 en https://api.openalex.org/works?filter=author.id:A5054714903&per-page=200&select=id,title,publication_year,cited_by_count,fwci,citation_normalized_percentile,open_access,primary_location,primary_topic,authorships&cursor=*&mailto=cris-victoria@uta.cl
✗ Mauro Vallejo: OpenAlex 429 en https://api.openalex.org/works?filter=author.id:A5000837253&per-page=200&select=id,title,publication_year,cited_by_count,fwci,citation_normalized_percentile,open_access,primary_location,primary_topic,authorships&cursor=*&mailto=cris-victoria@uta.cl
✗ Jethro Hernández Berrones: OpenAlex 429 en https://api.openalex.org/works?filter=author.id:A5009282893&per-page=200&select=id,title,publication_year,cited_by_count,fwci,citation_normalized_percentile,open_access,primary_location,primary_topic,authorships&cursor=*&mailto=cris-victoria@uta.cl
✗ María Silvia Di Liscia: OpenAlex 429 en https://api.openalex.org/works?filter=author.id:A5090256331&per-page=200&select=id,title,publication_year,cited_by_count,fwci,citation_normalized_percentile,open_access,primary_location,primary_topic,authorships&cursor=*&mailto=cris-victoria@uta.cl
✗ Rubén Calvo: OpenAlex 429 en https://api.openalex.org/works?filter=author.id:A5065535082&per-page=200&select=id,title,publication_year,cited_by_count,fwci,citation_normalized_percentile,open_access,primary_location,primary_topic,authorships&cursor=*&mailto=cris-victoria@uta.cl
✗ Tamara Oyarzún: OpenAlex 429 en https://api.openalex.org/works?filter=author.id:A5052931073&per-page=200&select=id,title,publication_year,cited_by_count,fwci,citation_normalized_percentile,open_access,primary_location,primary_topic,authorships&cursor=*&mailto=cris-victoria@uta.cl
✗ Felipe Valencia: OpenAlex 429 en https://api.openalex.org/works?filter=author.id:A5001661845&per-page=200&select=id,title,publication_year,cited_by_count,fwci,citation_normalized_percentile,open_access,primary_location,primary_topic,authorships&cursor=*&mailto=cris-victoria@uta.cl
✗ Javier Álvarez: OpenAlex 429 en https://api.openalex.org/works?filter=author.id:A5101740633&per-page=200&select=id,title,publication_year,cited_by_count,fwci,citation_normalized_percentile,open_access,primary_location,primary_topic,authorships&cursor=*&mailto=cris-victoria@uta.cl
✗ Paulina Latorre: OpenAlex 429 en https://api.openalex.org/works?filter=author.id:A5045383100&per-page=200&select=id,title,publication_year,cited_by_count,fwci,citation_normalized_percentile,open_access,primary_location,primary_topic,authorships&cursor=*&mailto=cris-victoria@uta.cl
✗ Mario Sánchez Aguilar: OpenAlex 429 en https://api.openalex.org/works?filter=author.id:A5090881029&per-page=200&select=id,title,publication_year,cited_by_count,fwci,citation_normalized_percentile,open_access,primary_location,primary_topic,authorships&cursor=*&mailto=cris-victoria@uta.cl
✗ Juan Luis Prieto: OpenAlex 429 en https://api.openalex.org/works?filter=author.id:A5101819339&per-page=200&select=id,title,publication_year,cited_by_count,fwci,citation_normalized_percentile,open_access,primary_location,primary_topic,authorships&cursor=*&mailto=cris-victoria@uta.cl
✗ Rafael Enrique Gutiérrez-Araujo: OpenAlex 429 en https://api.openalex.org/works?filter=author.id:A5069874179&per-page=200&select=id,title,publication_year,cited_by_count,fwci,citation_normalized_percentile,open_access,primary_location,primary_topic,authorships&cursor=*&mailto=cris-victoria@uta.cl
✗ Aldo Parra: OpenAlex 429 en https://api.openalex.org/works?filter=author.id:A5063031380&per-page=200&select=id,title,publication_year,cited_by_count,fwci,citation_normalized_percentile,open_access,primary_location,primary_topic,authorships&cursor=*&mailto=cris-victoria@uta.cl
✗ Vanessa Franco Neto: OpenAlex 429 en https://api.openalex.org/works?filter=author.id:A5074189543&per-page=200&select=id,title,publication_year,cited_by_count,fwci,citation_normalized_percentile,open_access,primary_location,primary_topic,authorships&cursor=*&mailto=cris-victoria@uta.cl
✗ Ricardo Cantoral: OpenAlex 429 en https://api.openalex.org/works?filter=author.id:A5009180733&per-page=200&select=id,title,publication_year,cited_by_count,fwci,citation_normalized_percentile,open_access,primary_location,primary_topic,authorships&cursor=*&mailto=cris-victoria@uta.cl
✗ R. N. Moreira: OpenAlex 429 en https://api.openalex.org/works?filter=author.id:A5090212051&per-page=200&select=id,title,publication_year,cited_by_count,fwci,citation_normalized_percentile,open_access,primary_location,primary_topic,authorships&cursor=*&mailto=cris-victoria@uta.cl
✗ M. Calcina-Nogales: OpenAlex 429 en https://api.openalex.org/works?filter=author.id:A5000143383&per-page=200&select=id,title,publication_year,cited_by_count,fwci,citation_normalized_percentile,open_access,primary_location,primary_topic,authorships&cursor=*&mailto=cris-victoria@uta.cl
✗ A. Plastino: OpenAlex 429 en https://api.openalex.org/works?filter=author.id:A5059654447&per-page=200&select=id,title,publication_year,cited_by_count,fwci,citation_normalized_percentile,open_access,primary_location,primary_topic,authorships&cursor=*&mailto=cris-victoria@uta.cl
✗ Liliana Zura‐Bravo: OpenAlex 429 en https://api.openalex.org/works?filter=author.id:A5089522878&per-page=200&select=id,title,publication_year,cited_by_count,fwci,citation_normalized_percentile,open_access,primary_location,primary_topic,authorships&cursor=*&mailto=cris-victoria@uta.cl
✗ Roberto Lemus‐Mondaca: OpenAlex 429 en https://api.openalex.org/works?filter=author.id:A5058260189&per-page=200&select=id,title,publication_year,cited_by_count,fwci,citation_normalized_percentile,open_access,primary_location,primary_topic,authorships&cursor=*&mailto=cris-victoria@uta.cl
✗ Fernando Romero: OpenAlex 429 en https://api.openalex.org/works?filter=author.id:A5067971270&per-page=200&select=id,title,publication_year,cited_by_count,fwci,citation_normalized_percentile,open_access,primary_location,primary_topic,authorships&cursor=*&mailto=cris-victoria@uta.cl
✗ Jaime I. García-García: OpenAlex 429 en https://api.openalex.org/works?filter=author.id:A5088279843&per-page=200&select=id,title,publication_year,cited_by_count,fwci,citation_normalized_percentile,open_access,primary_location,primary_topic,authorships&cursor=*&mailto=cris-victoria@uta.cl
✗ Blanca Arteaga Martínez: OpenAlex 429 en https://api.openalex.org/works?filter=author.id:A5054100751&per-page=200&select=id,title,publication_year,cited_by_count,fwci,citation_normalized_percentile,open_access,primary_location,primary_topic,authorships&cursor=*&mailto=cris-victoria@uta.cl
✗ Jorge Antunes: OpenAlex 429 en https://api.openalex.org/works?filter=author.id:A5022628459&per-page=200&select=id,title,publication_year,cited_by_count,fwci,citation_normalized_percentile,open_access,primary_location,primary_topic,authorships&cursor=*&mailto=cris-victoria@uta.cl
✗ Angappa Gunasekaran: OpenAlex 429 en https://api.openalex.org/works?filter=author.id:A5046110173&per-page=200&select=id,title,publication_year,cited_by_count,fwci,citation_normalized_percentile,open_access,primary_location,primary_topic,authorships&cursor=*&mailto=cris-victoria@uta.cl
✗ Henrique Luiz Corrêa: OpenAlex 429 en https://api.openalex.org/works?filter=author.id:A5084544562&per-page=200&select=id,title,publication_year,cited_by_count,fwci,citation_normalized_percentile,open_access,primary_location,primary_topic,authorships&cursor=*&mailto=cris-victoria@uta.cl
✗ Fernando Zúñiga: OpenAlex 429 en https://api.openalex.org/works?filter=author.id:A5071010012&per-page=200&select=id,title,publication_year,cited_by_count,fwci,citation_normalized_percentile,open_access,primary_location,primary_topic,authorships&cursor=*&mailto=cris-victoria@uta.cl
✗ Mildred Vanessa López Cabrera: OpenAlex 429 en https://api.openalex.org/works?filter=author.id:A5061133299&per-page=200&select=id,title,publication_year,cited_by_count,fwci,citation_normalized_percentile,open_access,primary_location,primary_topic,authorships&cursor=*&mailto=cris-victoria@uta.cl
✗ Mary Jane Schilling-Norman: OpenAlex 429 en https://api.openalex.org/works?filter=author.id:A5041884567&per-page=200&select=id,title,publication_year,cited_by_count,fwci,citation_normalized_percentile,open_access,primary_location,primary_topic,authorships&cursor=*&mailto=cris-victoria@uta.cl
✗ Josselinne Toirkens-Niklitschek: OpenAlex 429 en https://api.openalex.org/works?filter=author.id:A5060465978&per-page=200&select=id,title,publication_year,cited_by_count,fwci,citation_normalized_percentile,open_access,primary_location,primary_topic,authorships&cursor=*&mailto=cris-victoria@uta.cl
✗ Juan Carlos Briede Westermeyer: OpenAlex 429 en https://api.openalex.org/works?filter=author.id:A5055897232&per-page=200&select=id,title,publication_year,cited_by_count,fwci,citation_normalized_percentile,open_access,primary_location,primary_topic,authorships&cursor=*&mailto=cris-victoria@uta.cl
✗ María Virtudes Alba Fernández: OpenAlex 429 en https://api.openalex.org/works?filter=author.id:A5000380096&per-page=200&select=id,title,publication_year,cited_by_count,fwci,citation_normalized_percentile,open_access,primary_location,primary_topic,authorships&cursor=*&mailto=cris-victoria@uta.cl
✗ Joaquín Muñoz García: OpenAlex 429 en https://api.openalex.org/works?filter=author.id:A5045148621&per-page=200&select=id,title,publication_year,cited_by_count,fwci,citation_normalized_percentile,open_access,primary_location,primary_topic,authorships&cursor=*&mailto=cris-victoria@uta.cl
✗ Giovanni Francesco Massari: OpenAlex 429 en https://api.openalex.org/works?filter=author.id:A5027326281&per-page=200&select=id,title,publication_year,cited_by_count,fwci,citation_normalized_percentile,open_access,primary_location,primary_topic,authorships&cursor=*&mailto=cris-victoria@uta.cl
✗ Robin Dunbar: OpenAlex 429 en https://api.openalex.org/works?filter=author.id:A5064827570&per-page=200&select=id,title,publication_year,cited_by_count,fwci,citation_normalized_percentile,open_access,primary_location,primary_topic,authorships&cursor=*&mailto=cris-victoria@uta.cl
✗ Constantino Tsallis: OpenAlex 429 en https://api.openalex.org/works?filter=author.id:A5051451815&per-page=200&select=id,title,publication_year,cited_by_count,fwci,citation_normalized_percentile,open_access,primary_location,primary_topic,authorships&cursor=*&mailto=cris-victoria@uta.cl
✗ W.G. Rodriguez: OpenAlex 429 en https://api.openalex.org/works?filter=author.id:A5013478474&per-page=200&select=id,title,publication_year,cited_by_count,fwci,citation_normalized_percentile,open_access,primary_location,primary_topic,authorships&cursor=*&mailto=cris-victoria@uta.cl
✗ Rafael Guimarães Pedroso: OpenAlex 429 en https://api.openalex.org/works?filter=author.id:A5038654485&per-page=200&select=id,title,publication_year,cited_by_count,fwci,citation_normalized_percentile,open_access,primary_location,primary_topic,authorships&cursor=*&mailto=cris-victoria@uta.cl
✗ Andrés García-Umaña: OpenAlex 429 en https://api.openalex.org/works?filter=author.id:A5010394287&per-page=200&select=id,title,publication_year,cited_by_count,fwci,citation_normalized_percentile,open_access,primary_location,primary_topic,authorships&cursor=*&mailto=cris-victoria@uta.cl
✗ Évelyn Fernanda Córdoba: OpenAlex 429 en https://api.openalex.org/works?filter=author.id:A5095861514&per-page=200&select=id,title,publication_year,cited_by_count,fwci,citation_normalized_percentile,open_access,primary_location,primary_topic,authorships&cursor=*&mailto=cris-victoria@uta.cl
✗ Nicole Elizondo Villalobos: OpenAlex 429 en https://api.openalex.org/works?filter=author.id:A5108679564&per-page=200&select=id,title,publication_year,cited_by_count,fwci,citation_normalized_percentile,open_access,primary_location,primary_topic,authorships&cursor=*&mailto=cris-victoria@uta.cl
✗ Carla Hernández: OpenAlex 429 en https://api.openalex.org/works?filter=author.id:A5010294277&per-page=200&select=id,title,publication_year,cited_by_count,fwci,citation_normalized_percentile,open_access,primary_location,primary_topic,authorships&cursor=*&mailto=cris-victoria@uta.cl
✗ Samuel Flewett: OpenAlex 429 en https://api.openalex.org/works?filter=author.id:A5067486586&per-page=200&select=id,title,publication_year,cited_by_count,fwci,citation_normalized_percentile,open_access,primary_location,primary_topic,authorships&cursor=*&mailto=cris-victoria@uta.cl
✗ Thibault Saintenoy: OpenAlex 429 en https://api.openalex.org/works?filter=author.id:A5047794900&per-page=200&select=id,title,publication_year,cited_by_count,fwci,citation_normalized_percentile,open_access,primary_location,primary_topic,authorships&cursor=*&mailto=cris-victoria@uta.cl
✗ Carolina A. Robles: OpenAlex 429 en https://api.openalex.org/works?filter=author.id:A5020286521&per-page=200&select=id,title,publication_year,cited_by_count,fwci,citation_normalized_percentile,open_access,primary_location,primary_topic,authorships&cursor=*&mailto=cris-victoria@uta.cl
✗ Sebastián Gutiérrez: OpenAlex 429 en https://api.openalex.org/works?filter=author.id:A5025842158&per-page=200&select=id,title,publication_year,cited_by_count,fwci,citation_normalized_percentile,open_access,primary_location,primary_topic,authorships&cursor=*&mailto=cris-victoria@uta.cl
✗ Evan Maxey: OpenAlex 429 en https://api.openalex.org/works?filter=author.id:A5077216302&per-page=200&select=id,title,publication_year,cited_by_count,fwci,citation_normalized_percentile,open_access,primary_location,primary_topic,authorships&cursor=*&mailto=cris-victoria@uta.cl
✗ Stefan Vogt: OpenAlex 429 en https://api.openalex.org/works?filter=author.id:A5090203521&per-page=200&select=id,title,publication_year,cited_by_count,fwci,citation_normalized_percentile,open_access,primary_location,primary_topic,authorships&cursor=*&mailto=cris-victoria@uta.cl
✗ Darı́o G. Pérez: OpenAlex 429 en https://api.openalex.org/works?filter=author.id:A5072240542&per-page=200&select=id,title,publication_year,cited_by_count,fwci,citation_normalized_percentile,open_access,primary_location,primary_topic,authorships&cursor=*&mailto=cris-victoria@uta.cl
✗ Mauricio Diéguez: OpenAlex 429 en https://api.openalex.org/works?filter=author.id:A5015379074&per-page=200&select=id,title,publication_year,cited_by_count,fwci,citation_normalized_percentile,open_access,primary_location,primary_topic,authorships&cursor=*&mailto=cris-victoria@uta.cl
✗ Jeferson Arango‐López: OpenAlex 429 en https://api.openalex.org/works?filter=author.id:A5071563278&per-page=200&select=id,title,publication_year,cited_by_count,fwci,citation_normalized_percentile,open_access,primary_location,primary_topic,authorships&cursor=*&mailto=cris-victoria@uta.cl
✗ Carlos Cares: OpenAlex 429 en https://api.openalex.org/works?filter=author.id:A5048704879&per-page=200&select=id,title,publication_year,cited_by_count,fwci,citation_normalized_percentile,open_access,primary_location,primary_topic,authorships&cursor=*&mailto=cris-victoria@uta.cl
✗ Nigel Fielding: OpenAlex 429 en https://api.openalex.org/works?filter=author.id:A5051944527&per-page=200&select=id,title,publication_year,cited_by_count,fwci,citation_normalized_percentile,open_access,primary_location,primary_topic,authorships&cursor=*&mailto=cris-victoria@uta.cl
✗ Günter Mey: OpenAlex 429 en https://api.openalex.org/works?filter=author.id:A5023682514&per-page=200&select=id,title,publication_year,cited_by_count,fwci,citation_normalized_percentile,open_access,primary_location,primary_topic,authorships&cursor=*&mailto=cris-victoria@uta.cl
✗ Marco Gemignani: OpenAlex 429 en https://api.openalex.org/works?filter=author.id:A5081805965&per-page=200&select=id,title,publication_year,cited_by_count,fwci,citation_normalized_percentile,open_access,primary_location,primary_topic,authorships&cursor=*&mailto=cris-victoria@uta.cl
✗ Angelo Benozzo: OpenAlex 429 en https://api.openalex.org/works?filter=author.id:A5028913109&per-page=200&select=id,title,publication_year,cited_by_count,fwci,citation_normalized_percentile,open_access,primary_location,primary_topic,authorships&cursor=*&mailto=cris-victoria@uta.cl
✗ Maria Isabel Sobral Escada: OpenAlex 429 en https://api.openalex.org/works?filter=author.id:A5081937286&per-page=200&select=id,title,publication_year,cited_by_count,fwci,citation_normalized_percentile,open_access,primary_location,primary_topic,authorships&cursor=*&mailto=cris-victoria@uta.cl
✗ Walter Gómez: OpenAlex 429 en https://api.openalex.org/works?filter=author.id:A5101442153&per-page=200&select=id,title,publication_year,cited_by_count,fwci,citation_normalized_percentile,open_access,primary_location,primary_topic,authorships&cursor=*&mailto=cris-victoria@uta.cl
✗ Andreas Fischer: OpenAlex 429 en https://api.openalex.org/works?filter=author.id:A5063581189&per-page=200&select=id,title,publication_year,cited_by_count,fwci,citation_normalized_percentile,open_access,primary_location,primary_topic,authorships&cursor=*&mailto=cris-victoria@uta.cl
✗ Ademir A. Ribeiro: OpenAlex 429 en https://api.openalex.org/works?filter=author.id:A5011148526&per-page=200&select=id,title,publication_year,cited_by_count,fwci,citation_normalized_percentile,open_access,primary_location,primary_topic,authorships&cursor=*&mailto=cris-victoria@uta.cl
✗ Adela Hernández-Galván: OpenAlex 429 en https://api.openalex.org/works?filter=author.id:A5064900819&per-page=200&select=id,title,publication_year,cited_by_count,fwci,citation_normalized_percentile,open_access,primary_location,primary_topic,authorships&cursor=*&mailto=cris-victoria@uta.cl

Listo: 0 enriquecidos, 1 omitidos (resume), 1460 fallidos → ./src/coauthor-profiles.enriched.json
